Date,Close,High,Low,Open,Volume,Fark,Getiri,MA_5,Volatility,Volume_Ratio,Daily_Change,MA_20,Day_of_Week,EMA_10
06-02-2012,22.80531311,22.9330616,22.63668823,22.67756844,1730575,22.82064438,-0.000671816,22.41492081,0.296373367,75884.72877,0.127744675,22.28334179,Monday,22.80531311
07-02-2012,23.14256477,23.20899391,22.66223717,22.72355652,2799880,22.80531311,0.014788293,22.66121597,0.546756744,120983.9976,0.419008255,22.37864065,Tuesday,22.86663159
08-02-2012,23.1732235,23.38783836,22.98926926,23.09657669,2131760,23.14256477,0.001324776,22.85436859,0.398569107,91992.38079,0.076646805,22.45528851,Wednesday,22.92237558
09-02-2012,23.00459862,23.21921349,22.92795181,23.20899391,2404762,23.1732235,-0.007276712,22.98926888,0.291261673,104533.9691,-0.204395294,22.50766459,Thursday,22.93732522
10-02-2012,22.88707161,22.96883011,22.75932503,22.8513031,2142328,23.00459862,-0.005108848,23.00255432,0.209505081,93604.28615,0.035768509,22.53985672,Friday,22.9281882
13-02-2012,23.07613754,23.15789413,22.96372032,23.1323452,1800636,22.88707161,0.008260818,23.05671921,0.194173813,78030.21613,-0.056207657,22.58635654,Monday,22.95508808
14-02-2012,23.09657669,23.13745499,22.88707161,23.03014755,1462858,23.07613754,0.000885727,23.04752159,0.250383377,63336.57232,0.066429138,22.62468052,Tuesday,22.98081328
15-02-2012,23.37761879,23.39805794,23.1323452,23.20388222,4105786,23.09657669,0.012168128,23.08840065,0.265712738,175628.9226,0.173736572,22.66964731,Wednesday,23.05295974
16-02-2012,22.96372032,23.81195641,22.70822716,23.74041939,4316946,23.37761879,-0.017704903,23.08022499,1.103729248,187989.8353,-0.776699066,22.67552366,Thursday,23.03673439
17-02-2012,23.10679626,23.24476242,21.86510086,23.03525734,4309118,22.96372032,0.006230521,23.12416992,1.37966156,186487.0383,0.071538925,22.71180372,Friday,23.04947291
21-02-2012,22.79509544,23.1732235,22.70311737,23.15789413,2126476,23.10679626,-0.013489573,23.0679615,0.470106125,93286.5583,-0.362798691,22.73556461,Tuesday,23.00322246
22-02-2012,22.6111393,22.84619331,22.49361229,22.72866631,2300062,22.79509544,-0.008069988,22.97087402,0.352581024,101722.5169,-0.117527008,22.74961672,Wednesday,22.93193462
23-02-2012,22.56515121,22.65712738,22.47828293,22.56004143,2813383,22.6111393,-0.002033868,22.80838051,0.178844452,124678.225,0.005109787,22.74144096,Thursday,22.86524672
24-02-2012,22.75421524,22.77976418,22.50894165,22.70311737,2269924,22.56515121,0.008378584,22.76647949,0.270822525,99758.39536,0.05109787,22.74629536,Friday,22.84505918
27-02-2012,22.7695446,22.9330616,22.50383186,22.50383186,2086162,22.75421524,0.000673693,22.69902916,0.429229736,91620.71691,0.265712738,22.76903419,Monday,22.83132926
28-02-2012,23.36739922,23.38783836,22.8104248,22.91262054,3718104,22.7695446,0.026256766,22.81348991,0.577413559,159115.0117,0.454778671,22.83827286,Tuesday,22.92879652
29-02-2012,23.83750534,23.96014214,23.21921349,23.25498199,4024570,23.36739922,0.020118034,23.05876312,0.74092865,168833.5227,0.582523346,22.93459368,Wednesday,23.09401631
01-03-2012,23.77107811,23.92948341,23.52069473,23.81706619,3068576,23.83750534,-0.002786669,23.2999485,0.408788681,129088.6339,-0.045988083,23.01277456,Thursday,23.21711845
02-03-2012,24.20030785,24.35871124,23.71487045,23.79151726,4659421,23.77107811,0.018056806,23.58916702,0.64384079,192535.6086,0.408790588,23.1062851,Friday,23.39588016
05-03-2012,24.28206444,24.39959145,24.03168106,24.10321808,3058791,24.20030785,0.003378329,23.89167099,0.367910385,125969.1493,0.178846359,23.1793561,Monday,23.55700458
06-03-2012,23.79662704,24.19008636,23.65866089,24.07255936,3153314,24.28206444,-0.019991603,23.97751656,0.531425476,132510.9644,-0.275932312,23.22892179,Tuesday,23.6005723
07-03-2012,23.78640747,23.91415405,23.62289238,23.82217789,2347030,23.79662704,-0.000429455,23.96729698,0.291261673,98671.05837,-0.035770416,23.26111393,Wednesday,23.63436051
08-03-2012,24.05723,24.16964722,23.84261513,23.84261513,1741730,23.78640747,0.0113856,24.02452736,0.327032089,72399.44085,0.214614868,23.30531425,Thursday,23.71124587
09-03-2012,24.10832977,24.22074509,24.02146149,24.14409828,1715310,24.05723,0.002124092,24.00613174,0.1992836,71150.09692,-0.035768509,23.36050081,Friday,23.78344294
12-03-2012,23.86816597,24.0163517,23.61267281,23.89882469,4013416,24.10832977,-0.00996186,23.92335205,0.403678894,168149.3251,-0.030658722,23.40955553,Monday,23.79884713
13-03-2012,24.60398674,24.68063354,23.88349533,23.9754734,3708711,23.86816597,0.030828543,24.08482399,0.797138214,150736.1811,0.628513336,23.48594799,Tuesday,23.94523615
14-03-2012,24.48134995,24.78283119,24.39448166,24.51711845,3254882,24.60398674,-0.004984428,24.22381248,0.388349533,132953.5343,-0.035768509,23.55518665,Wednesday,24.04271139
15-03-2012,24.4609108,24.59887695,24.20030785,24.50689888,1870696,24.48134995,-0.000834886,24.30454865,0.398569107,76476.95605,-0.045988083,23.60935125,Thursday,24.11874764
16-03-2012,24.49156952,24.56310654,24.04701042,24.34338379,4159995,24.4609108,0.001253376,24.38119659,0.516096115,169854.1613,0.14818573,23.68574371,Friday,24.18653344
19-03-2012,24.57332611,24.64486504,24.38937187,24.41492081,1351113,24.49156952,0.003338152,24.52222862,0.255493164,54982.9109,0.158405304,23.75907021,Monday,24.25685938
20-03-2012,24.23096657,24.47112846,24.0929985,24.42003059,1846234,24.57332611,-0.013932161,24.44762459,0.378129959,76193.1636,-0.189064026,23.83086376,Tuesday,24.2521516
21-03-2012,24.69596291,24.75217247,24.27695465,24.30761337,2329221,24.23096657,0.019190169,24.49054718,0.475217819,94315.86081,0.388349533,23.93510494,Wednesday,24.33284456
22-03-2012,24.61931419,24.69596291,24.40981102,24.5784359,1860128,24.69596291,-0.003103694,24.52222786,0.286151886,75555.63836,0.040878296,24.03781309,Thursday,24.38492995
23-03-2012,24.73173141,24.76750183,24.34338379,24.60398674,1670104,24.61931419,0.004566221,24.57026024,0.424118042,67528.79416,0.127744675,24.1366889,Friday,24.44798476
26-03-2012,24.9412365,25.00255585,24.79816055,24.88502884,1968742,24.73173141,0.008471104,24.64384232,0.204395294,78935.22041,0.056207657,24.24527349,Monday,24.53766689
27-03-2012,25.29381752,25.31425667,24.91057777,25.00255585,3657829,24.9412365,0.014136469,24.85641251,0.403678894,144613.5601,0.291261673,24.34159441,Tuesday,24.67514883
28-03-2012,25.22738838,25.34491539,25.12519264,25.23760986,4641221,25.29381752,-0.002626299,24.9626976,0.219722748,183975.4845,-0.010221481,24.41108856,Wednesday,24.77555602
29-03-2012,25.24782753,25.26826859,24.92079735,25.15585136,2812992,25.22738838,0.000810197,25.08840027,0.347471237,111415.2098,0.091976166,24.48492603,Thursday,24.86142357
30-03-2012,25.85590172,25.99897766,25.4215641,25.66683769,3935723,25.24782753,0.024084218,25.31323433,0.577413559,152217.5882,0.189064026,24.56770573,Friday,25.04223778
02-04-2012,26.05518723,26.11650467,25.76903343,25.79458427,3005561,25.85590172,0.007707544,25.53602448,0.347471237,115353.652,0.260602951,24.65636187,Monday,25.2264104
03-04-2012,26.10117531,26.21870232,25.88656044,26.00408745,2598896,26.05518723,0.001765026,25.69749603,0.332141876,99570.07565,0.09708786,24.77158928,Tuesday,25.38545857
04-04-2012,26.0245266,26.09095573,25.45222282,25.71282578,3289326,26.10117531,-0.0029366,25.85692368,0.63873291,126393.3078,0.311700821,24.88349524,Wednesday,25.50165275
05-04-2012,26.43842506,26.5048542,25.90189171,26.03474617,2902818,26.0245266,0.015904169,26.09504318,0.602962494,109795.4206,0.403678894,25.00255499,Thursday,25.67197499
09-04-2012,25.96831894,26.08584595,25.80480385,25.84568214,3987387,26.43842506,-0.01778117,26.11752663,0.281042099,153548.1372,0.122636795,25.09555445,Monday,25.72585571
10-04-2012,25.41645432,26.03985786,25.35513496,25.93255043,2651735,25.96831894,-0.021251457,25.98978004,0.6847229,104331.429,-0.516096115,25.17296886,Tuesday,25.66960091
11-04-2012,25.91210938,26.05007744,25.73326492,25.73326492,2384996,25.41645432,0.019501346,25.95196686,0.316812515,92041.75413,0.178844452,25.238375,Wednesday,25.71369336
12-04-2012,26.20848274,26.28001976,25.90189171,26.01430893,3115348,25.91210938,0.01143764,25.98875809,0.378128052,118867.9265,0.194173813,25.32473164,Thursday,25.80365507
13-04-2012,26.41798782,26.60705185,26.16249466,26.23914146,2991079,26.20848274,0.007993789,25.98467064,0.44455719,113221.3028,0.178846359,25.42258549,Friday,25.91535193
16-04-2012,26.51507378,26.59172249,26.32089806,26.5866127,3285999,26.41798782,0.003674994,26.09402161,0.270824432,123929.4685,-0.071538925,25.5237607,Monday,26.02439227
17-04-2012,26.78078651,26.8267765,26.51507378,26.69391823,2934522,26.51507378,0.010021196,26.36688805,0.311702728,109575.6466,0.086868286,25.63413372,Tuesday,26.16191849
18-04-2012,26.65303993,26.79611778,26.5457325,26.627491,1899660,26.78078651,-0.004770083,26.51507416,0.250385284,71273.67103,0.025548935,25.75523739,Wednesday,26.2512133
19-04-2012,26.51507378,26.81144524,26.43842506,26.70413971,2641950,26.65303993,-0.005176376,26.57639236,0.373020172,99639.54927,-0.189065933,25.84619293,Thursday,26.29918793
20-04-2012,26.80633545,26.86254501,26.44353676,26.57639122,4138859,26.51507378,0.010984758,26.65406189,0.419008255,154398.5379,0.229944229,25.95554399,Friday,26.39139657
23-04-2012,26.33622932,26.5866127,26.15738487,26.57128334,2329417,26.80633545,-0.017537128,26.618293,0.429227829,88449.14628,-0.235054016,26.03576889,Monday,26.38136616
24-04-2012,26.31068039,26.5866127,26.21359253,26.39754677,2374428,26.33622932,-0.000970106,26.52427177,0.373020172,90245.78479,-0.086866379,26.10424109,Tuesday,26.3685142
25-04-2012,26.67859077,26.68880844,26.40265656,26.53040314,2793226,26.31068039,0.013983309,26.52938194,0.286151886,104699.1583,0.148187637,26.17347975,Wednesday,26.42489176
26-04-2012,27.27133369,27.32243156,26.57128334,26.57128334,2426484,26.67859077,0.022217925,26.68063393,0.751148224,88975.62646,0.700050354,26.27567701,Thursday,26.5787903
27-04-2012,28.04803276,28.10424042,27.35820007,27.47572708,2603397,27.27133369,0.028480421,26.92897339,0.746040344,92819.23699,0.572305679,26.41568727,Friday,26.84592529
30-04-2012,27.81297874,28.09913063,27.65457344,28.0735817,3099301,28.04803276,-0.00838041,27.22432327,0.44455719,111433.6234,-0.260602951,26.51354113,Monday,27.02175319
01-05-2012,27.65457344,28.20643806,27.59836578,27.90495682,3782490,27.81297874,-0.005695374,27.49310188,0.608072281,136776.2916,-0.250383377,26.59351044,Tuesday,27.13681142
02-05-2012,27.68012238,27.71589279,27.53704643,27.57792473,4150406,27.65457344,0.000923859,27.6934082,0.178846359,149941.7504,0.102197647,26.67245779,Wednesday,27.23559523
03-05-2012,28.17066956,28.28308678,27.64946365,27.71589279,5924622,27.68012238,0.017722002,27.87327538,0.633623123,210311.7211,0.454776764,26.77976494,Thursday,27.40560874
04-05-2012,27.3071022,28.15534019,27.30199242,28.1144619,5022053,28.17066956,-0.030654839,27.72508926,0.853347778,183910.1404,-0.807359695,26.8231988,Friday,27.38769846
07-05-2012,27.63413429,27.7516613,27.1486969,27.3071022,5039275,27.3071022,0.011976082,27.68932037,0.602964401,182356.8977,0.327032089,26.90648956,Monday,27.43250498
08-05-2012,25.95809937,27.37864113,25.65150642,27.19468689,8795541,27.63413429,-0.060650893,27.35002556,1.727134705,338836.0941,-1.236587524,26.93357182,Tuesday,27.16443123
09-05-2012,25.78947449,25.97342873,25.04854393,25.75370407,5657687,25.95809937,-0.006496041,26.97189598,0.924884796,219379.6932,0.035770416,26.92744007,Wednesday,26.91443909
10-05-2012,25.94787979,26.16249466,25.7026062,26.02963638,2910842,25.78947449,0.006142246,26.52733803,0.459888458,112180.3409,-0.081756592,26.91440992,Thursday,26.73870104
11-05-2012,26.25958061,26.30046082,25.75881577,25.825243,3373477,25.94787979,0.012012574,26.31783371,0.54164505,128466.5224,0.434337616,26.90648956,Friday,26.65158823
14-05-2012,25.86101151,26.32600975,25.84568214,25.9836483,3467608,26.25958061,-0.015178045,25.96320915,0.480327606,134086.3253,-0.122636795,26.87378645,Monday,26.50784701
15-05-2012,25.97342873,26.42309761,25.83035278,25.83035278,2125106,25.86101151,0.004346977,25.96627502,0.592744827,81818.46234,0.143075943,26.83341856,Tuesday,26.41068005
16-05-2012,26.15738487,26.37199783,26.04496765,26.08584595,2720426,25.97342873,0.007082474,26.0398571,0.327030182,104002.2163,0.071538925,26.80863581,Wednesday,26.36462638
17-05-2012,25.07920265,26.21870232,25.07920265,26.16249466,2559169,26.15738487,-0.041219037,25.86612167,1.139499664,102043.4754,-1.083292007,26.73684225,Thursday,26.13091298
18-05-2012,24.71640205,25.28870773,24.6601944,25.13541031,2659563,25.07920265,-0.014466193,25.55748596,0.628513336,107603.1614,-0.419008255,26.63234558,Friday,25.87372917
21-05-2012,25.48799133,25.50843048,24.64997482,24.79305077,2138218,24.71640205,0.031217702,25.48288193,0.858455658,83891.193,0.694940567,26.58993368,Monday,25.80359502
22-05-2012,25.30403709,25.71793556,25.17118073,25.49310112,3695403,25.48799133,-0.007217291,25.3490036,0.546754837,146040.0562,-0.189064026,26.53960152,Tuesday,25.71276631
23-05-2012,25.43689346,25.51865005,24.79305077,25.21205902,2631382,25.30403709,0.005250402,25.20490532,0.725599289,103447.4593,0.224834442,26.47751665,Wednesday,25.66260761
24-05-2012,25.71282578,25.87634087,25.4624424,25.54931068,2250354,25.43689346,0.010847721,25.33162994,0.413898468,87518.73558,0.163515091,26.39959126,Thursday,25.67173818
25-05-2012,25.83546257,25.89678192,25.60551834,25.76903343,1335261,25.71282578,0.004769479,25.55544205,0.29126358,51683.26274,0.066429138,26.28896275,Friday,25.70150625
29-05-2012,26.09095573,26.16249466,25.78947449,25.95809937,1351504,25.83546257,0.009889243,25.67603493,0.373020172,51799.71227,0.132856369,26.2028616,Tuesday,25.77231525
30-05-2012,25.65661621,25.9070015,25.59529877,25.86612129,1948193,26.09095573,-0.01664713,25.74655075,0.311702728,75933.35707,-0.209505081,26.10296373,Wednesday,25.75127906
31-05-2012,25.60040855,25.80480385,25.34491539,25.7026062,2804381,25.65661621,-0.002190767,25.77925377,0.459888458,109544.3846,-0.102197647,25.99897804,Thursday,25.72384806
01-06-2012,24.85436821,25.51354027,24.81348991,25.40112305,2755847,25.60040855,-0.029141736,25.60756226,0.700050354,110879.7849,-0.546754837,25.83316298,Friday,25.56576081
04-06-2012,24.78283119,25.09453201,24.6601944,24.94634628,2404762,24.85436821,-0.002878247,25.39703598,0.434337616,97033.38498,-0.163515091,25.70694942,Monday,25.42340997
05-06-2012,25.04854393,25.10986137,24.52733803,24.77772141,2062091,24.78283119,0.010721646,25.18855362,0.582523346,82323.78719,0.270822525,25.57766991,Tuesday,25.35525251
06-06-2012,25.7026062,25.72304535,25.0996418,25.17118073,1753668,25.04854393,0.026111788,25.19775162,0.623403549,68229.18992,0.531425476,25.56489525,Wednesday,25.41840773
07-06-2012,25.81502342,26.0654068,25.73837471,25.99386787,2320219,25.7026062,0.004373767,25.24067459,0.327032089,89878.63238,-0.178844452,25.5661727,Thursday,25.49051967
08-06-2012,26.07051659,26.13183403,25.61573792,25.71282578,2322959,25.81502342,0.009897073,25.48390427,0.516096115,89102.9141,0.357690811,25.57230453,Friday,25.59597366
11-06-2012,26.25958061,26.57128334,26.2238121,26.35155869,2883052,26.07051659,0.007252025,25.77925415,0.347471237,109790.4815,-0.091978073,25.57230453,Monday,25.71662947
12-06-2012,26.63771057,26.63771057,26.23403168,26.32089806,2310434,26.25958061,0.014399695,26.09708748,0.403678894,86735.45701,0.316812515,25.61113949,Tuesday,25.88409876
13-06-2012,25.71282578,26.57128334,25.59529877,26.48952484,2904188,26.63771057,-0.034720882,26.09913139,0.975984573,112947.0571,-0.776699066,25.59810934,Wednesday,25.85295822
14-06-2012,25.57996941,25.93255043,25.37046432,25.79969215,3753526,25.71282578,-0.00516693,26.05212059,0.562086105,146736.923,-0.219722748,25.56923857,Thursday,25.80332389
15-06-2012,25.86612129,25.94787979,25.58507919,25.76903343,4713435,25.57996941,0.011186561,26.01124153,0.362800598,182224.2673,0.09708786,25.6085845,Friday,25.8147416
18-06-2012,26.15738487,26.20848274,25.65661621,25.7026062,2814557,25.86612129,0.011260427,25.99080238,0.551866531,107600.8559,0.454778671,25.68063364,Monday,25.87704037
19-06-2012,26.48952484,26.60194206,26.24425125,26.36177826,2469538,26.15738487,0.012697751,25.96116524,0.357690811,93226.9648,0.127746582,25.73071032,Tuesday,25.98840119
20-06-2012,26.83699417,26.94430351,26.37199783,26.41287613,2340181,26.48952484,0.013117235,26.18599892,0.572305679,87199.81772,0.424118042,25.80735817,Wednesday,26.14269082
21-06-2012,26.81655693,27.14358711,26.60705185,26.89320374,3612426,26.83699417,-0.000761532,26.43331642,0.536535263,134708.7924,-0.076646805,25.87634134,Thursday,26.26521193
22-06-2012,27.08226967,27.21001434,26.87276459,26.88298416,7530732,26.81655693,0.009908533,26.6765461,0.337249756,278068.7177,0.199285507,25.94481354,Friday,26.41376788
25-06-2012,26.79611778,26.9085331,26.47930527,26.80122566,2379712,27.08226967,-0.010566023,26.80429268,0.429227829,88808.08852,-0.00510788,25.9928463,Monday,26.48328605
26-06-2012,27.00562096,27.3888607,26.8676548,26.98518181,3925351,26.79611778,0.007818415,26.9075119,0.521205902,145353.1102,0.020439148,26.03857956,Tuesday,26.57825603
27-06-2012,27.31732178,27.58303452,27.05161095,27.11292839,3205957,27.00562096,0.011542072,27.00357742,0.531423569,117359.8578,0.204393387,26.12161484,Wednesday,26.71263162
28-06-2012,27.13336754,27.25089455,26.65303993,27.19468689,2497915,27.31732178,-0.006733978,27.06693954,0.597854614,92060.63333,-0.061319351,26.19826279,Thursday,26.78912906
29-06-2012,27.59325409,27.74655151,27.40419006,27.5881443,3429055,27.13336754,0.016949114,27.16913643,0.34236145,124271.4973,0.005109787,26.33520708,Friday,26.93533361
02-07-2012,28.0327034,28.05825233,27.60347557,27.69034195,2021972,27.59325409,0.015925969,27.41645355,0.454776764,72129.04054,0.34236145,26.49770069,Monday,27.13485539
03-07-2012,27.87429619,28.16044998,27.77210045,28.06847191,1249349,28.0327034,-0.0056508,27.5901886,0.388349533,44820.82674,-0.19417572,26.6389883,Tuesday,27.26929917
05-07-2012,27.47061729,27.94072533,27.35820007,27.85896873,2834127,27.87429619,-0.01448212,27.6208477,0.582525253,103169.3962,-0.38835144,26.72738886,Thursday,27.30590247
06-07-2012,26.98518181,27.52682686,26.81144524,27.25600433,2675219,27.47061729,-0.01767108,27.59121056,0.715381622,99136.59352,-0.270822525,26.78589678,Friday,27.24758962
09-07-2012,26.29534912,26.97496223,26.1062851,26.9085331,3809300,26.98518181,-0.025563389,27.33162956,0.868677139,144865.9222,-0.613183975,26.7971384,Monday,27.07445498
10-07-2012,25.67705727,26.56106377,25.5442009,26.51507378,3907542,26.29534912,-0.023513354,26.86050034,1.016862869,152180.2892,-0.83801651,26.76801224,Tuesday,26.82038267
11-07-2012,25.55953026,25.80991364,25.26826859,25.69749641,3518490,25.67705727,-0.004577121,26.39754715,0.54164505,137658.6332,-0.137966156,26.71410322,Wednesday,26.59113678
12-07-2012,25.67194748,25.75370407,24.82881927,25.43178368,5023228,25.55953026,0.004398251,26.03781319,0.924884796,195669.9235,0.240163803,26.71205931,Thursday,26.42401145
13-07-2012,25.74859428,25.80480385,25.21716881,25.21716881,2841955,25.67194748,0.002985625,25.79049568,0.58763504,110373.2098,0.531425476,26.72049055,Friday,26.30120833
16-07-2012,25.23760986,25.73326492,25.20694923,25.61573792,3056834,25.74859428,-0.019845139,25.57894783,0.526315689,121122.1671,-0.378128052,26.68906498,Monday,26.10782679
17-07-2012,25.87634087,25.99386787,25.2631588,25.3398056,3176798,25.23760986,0.025308696,25.61880455,0.730709076,122768.44,0.536535263,26.67501278,Tuesday,26.06573844
18-07-2012,25.80480385,25.92744064,25.67194748,25.86101151,2532162,25.87634087,-0.002764572,25.66785927,0.255493164,98127.54303,-0.056207657,26.64077673,Wednesday,26.01829579
19-07-2012,26.08073616,26.37710762,25.82013321,25.82013321,2046239,25.80480385,0.01069306,25.749617,0.556974411,78457.86973,0.260602951,26.60296383,Thursday,26.02964858
20-07-2012,25.61062813,26.05007744,25.5390892,26.05007744,2570715,26.08073616,-0.018025106,25.72202377,0.510988235,100376.8821,-0.43944931,26.54266739,Friday,25.95346305
23-07-2012,25.17118073,25.31425667,24.9412365,25.29381752,1911010,25.61062813,-0.017158791,25.70873795,0.373020172,75920.55458,-0.122636795,26.44711294,Monday,25.8112299
24-07-2012,25.08942223,25.34491539,24.88502884,25.15074158,2454274,25.17118073,-0.003248099,25.55135422,0.459886551,97821.06491,-0.061319351,26.36177816,Tuesday,25.67999214
25-07-2012,25.23760986,25.48288155,25.08942223,25.09453201,2465429,25.08942223,0.005906379,25.43791542,0.39345932,97688.68817,0.14307785,26.27337761,Wednesday,25.599559
26-07-2012,25.80480385,25.91721916,25.43689346,25.70771599,2003772,25.23760986,0.022474156,25.38272896,0.480325699,77651.12309,0.09708786,26.19775171,Thursday,25.63687624
27-07-2012,26.58150291,26.66325951,25.96320915,26.00919724,2692441,25.80480385,0.030099011,25.57690392,0.700050354,101290.0214,0.572305679,26.17015848,Friday,25.80862655
30-07-2012,26.0245266,26.56617355,25.86101151,26.48952484,3916348,26.58150291,-0.02095353,25.74757309,0.705162048,150486.8104,-0.464998245,26.09172211,Monday,25.8478811
31-07-2012,25.87123108,26.33111954,24.97700691,25.49821281,6546361,26.0245266,-0.005890425,25.90393486,1.354112625,253036.3159,0.373018265,25.98364849,Tuesday,25.85212655
01-08-2012,25.19161987,25.76903343,25.01277542,25.4215641,5190355,25.87123108,-0.026268994,25.89473686,0.756258011,206034.9841,-0.229944229,25.84951468,Wednesday,25.73203443
02-08-2012,25.67705727,25.69238663,24.91057777,25.00766563,3548237,25.19161987,0.019269797,25.86918755,0.781808853,138187.0579,0.669391632,25.75983667,Thursday,25.72203858
03-08-2012,26.72968864,26.81144524,25.95809937,26.1420536,2828256,25.67705727,0.040995016,25.89882469,0.853345871,105809.5378,0.58763504,25.74706202,Friday,25.90524768
06-08-2012,27.12825775,27.29688263,26.52529335,26.75523758,2479910,26.72968864,0.014911102,26.11957092,0.771589279,91414.27447,0.373020172,25.78870745,Monday,26.12761315
07-08-2012,27.52682686,27.75677109,27.1486969,27.1486969,2970139,27.12825775,0.014692027,26.45069008,0.608074188,107899.7959,0.378129959,25.88119593,Tuesday,26.38201564
08-08-2012,27.57792473,27.60347557,27.28666306,27.36842155,1949759,27.52682686,0.001856294,26.92795105,0.316812515,70699.98991,0.209503174,25.98211565,Wednesday,26.59945366
09-08-2012,27.54726601,27.87940788,27.3888607,27.53704643,2784615,27.57792473,-0.001111712,27.3019928,0.49054718,101084.9861,0.010219574,26.07588158,Thursday,26.77178318
10-08-2012,27.88962746,27.89984703,27.50127792,27.50127792,2119431,27.54726601,0.012428146,27.53398056,0.398569107,75993.52137,0.388349533,26.18293324,Friday,26.97502759
13-08-2012,27.65457344,27.84874725,27.53193665,27.78742981,2053089,27.88962746,-0.008428008,27.6392437,0.316810608,74240.487,-0.132856369,26.30378141,Monday,27.09858138
14-08-2012,27.1486969,27.81808853,27.07204819,27.77210045,3102823,27.65457344,-0.01829269,27.56361771,0.746040344,114289.9422,-0.623403549,26.36739922,Tuesday,27.10769329
15-08-2012,27.18446541,27.43995857,27.07204819,27.07204819,1899268,27.1486969,0.001317504,27.48492584,0.367910385,69865.93157,0.112417221,26.43638229,Wednesday,27.12165186
16-08-2012,27.09759712,27.24067497,27.03627968,27.10270882,2383626,27.18446541,-0.003195512,27.39499207,0.204395294,87964.47852,-0.005111694,26.48722534,Thursday,27.11727827
17-08-2012,26.94941139,27.16913605,26.73479843,27.12825775,3089320,27.09759712,-0.005468593,27.20694885,0.434337616,114634.0436,-0.178846359,26.55416451,Friday,27.08675702
20-08-2012,26.77567673,27.0669384,26.65814972,27.01073074,2173249,26.94941139,-0.006446696,27.03116951,0.408788681,81165.04476,-0.235054016,26.63438931,Monday,27.03019697
21-08-2012,26.95963287,27.00562096,26.77567673,26.88809395,3167209,26.77567673,0.006870271,26.9933567,0.229944229,117479.6784,0.071538925,26.72789984,Tuesday,27.01736713
22-08-2012,26.99540138,27.14358711,26.87276459,26.93919373,1480862,26.95963287,0.001326743,26.9555439,0.270822525,54856.08378,0.056207657,26.81578941,Wednesday,27.01337336
23-08-2012,26.84210587,26.95452118,26.69902992,26.95452118,1533114,26.99540138,-0.005678579,26.90444565,0.255491257,57116.01048,-0.112415314,26.86765451,Thursday,26.98223382
24-08-2012,27.25089455,27.39397049,26.63771057,26.75012779,2651148,26.84210587,0.015229382,26.96474228,0.756259918,97286.6412,0.500766754,26.9011241,Friday,27.03108122
27-08-2012,27.429739,27.57281685,27.25600433,27.29177284,2243309,27.25089455,0.006562884,27.09555473,0.316812515,81783.82595,0.137966156,26.97138472,Monday,27.10356445
28-08-2012,27.36331177,27.55237579,27.27133369,27.30199242,1596521,27.429739,-0.002421723,27.17629051,0.281042099,58345.31337,0.061319351,27.04598875,Tuesday,27.15079124
29-08-2012,27.52171707,27.54215622,27.33776283,27.45528984,1616091,27.36331177,0.005788967,27.28155365,0.204393387,58720.57313,0.066427231,27.16249361,Wednesday,27.2182323
30-08-2012,27.68523216,27.96627426,27.3122139,27.3122139,3878187,27.52171707,0.005941311,27.45017891,0.654060364,140081.4332,0.373018265,27.26290236,Thursday,27.30314136
31-08-2012,28.02248383,28.16044998,27.77210045,27.80786896,2726688,27.68523216,0.012181645,27.60449677,0.388349533,97303.58012,0.214614868,27.32754211,Friday,27.4339309
04-09-2012,28.24731636,28.40572357,27.87940788,27.87940788,2562692,28.02248383,0.008023291,27.76801224,0.526315689,90723.37943,0.367908478,27.38349504,Tuesday,27.58181917
05-09-2012,28.23198891,28.39550209,28.08891106,28.21154785,3867815,28.24731636,-0.000542616,27.94174767,0.306591034,137001.1519,0.020441055,27.41875315,Wednesday,27.70003185
06-09-2012,28.71231461,28.81451225,28.38528442,28.46193123,3033154,28.23198891,0.017013527,28.17986717,0.429227829,105639.4805,0.250383377,27.47547264,Thursday,27.88408326
07-09-2012,28.82984161,28.87071991,28.60500717,28.82473183,1614721,28.71231461,0.004093261,28.40878906,0.265712738,56008.66705,0.005109787,27.53960142,Friday,28.05603932
10-09-2012,28.73275375,28.90138054,28.71742439,28.89115906,1891440,28.82984161,-0.003367617,28.55084305,0.183956146,65828.70602,-0.158405304,27.58175774,Monday,28.17907831
11-09-2012,28.62544632,28.82984161,28.58456802,28.81962204,1960914,28.73275375,-0.003734673,28.62646904,0.24527359,68502.47776,-0.19417572,27.63030138,Tuesday,28.26023613
12-09-2012,28.94736862,28.96269798,28.68676567,28.72253418,1818249,28.62544632,0.011246019,28.76954498,0.275932312,62812.23775,0.224834442,27.72023497,Wednesday,28.38516931
13-09-2012,29.71384811,29.86203384,28.88604927,28.88604927,3754309,28.94736862,0.026478382,28.96985168,0.975984573,126348.7982,0.827798843,27.8467041,Thursday,28.62674727
14-09-2012,30.02043915,30.14818573,29.64230919,29.71384811,2880704,29.71384811,0.010318119,29.20797119,0.505876541,95958.08995,0.306591034,27.9928462,Friday,28.8801458
17-09-2012,29.93357277,30.14818573,29.70873833,30.05620766,1612177,30.02043915,-0.002893575,29.44813499,0.439447403,53858.48901,-0.122634888,28.14205427,Monday,29.07167797
18-09-2012,29.89780235,30.05109978,29.80582428,29.98467064,1626267,29.93357277,-0.001194993,29.7026062,0.245275497,54394.19864,-0.086868286,28.29816055,Tuesday,29.22188241
19-09-2012,30.37302017,30.53653526,29.77005577,29.81093407,1944084,29.89780235,0.015894741,29.98773651,0.766479492,64006.93737,0.562086105,28.46882992,Wednesday,29.43118018
20-09-2012,30.44455719,30.49565697,30.13285637,30.30659294,1993792,30.37302017,0.002355282,30.13387833,0.362800598,65489.27572,0.137964249,28.64128771,Thursday,29.61543055
21-09-2012,30.60807419,30.90444565,30.53142548,30.63873291,4292288,30.44455719,0.005370976,30.25140533,0.373020172,140233.8472,-0.030658722,28.82958612,Friday,29.79591121
24-09-2012,30.27082253,30.59785461,30.26571274,30.41389847,2343703,30.60807419,-0.011018389,30.31885529,0.332141876,77424.49014,-0.143075943,28.98058252,Monday,29.88225872
25-09-2012,29.86714363,30.5212059,29.8415947,30.44966888,2998515,30.27082253,-0.013335577,30.31272354,0.679611206,100395.1043,-0.582525253,29.10245275,Tuesday,29.87951052
26-09-2012,29.78027534,30.1226368,29.59121132,30.00510979,2955657,29.86714363,-0.00290849,30.19417458,0.531425476,99248.81371,-0.224834442,29.22330093,Wednesday,29.86146776
27-09-2012,30.39856911,30.47010612,29.78027534,29.97445107,3453714,29.78027534,0.020761855,30.18497696,0.68983078,113614.3609,0.424118042,29.36714354,Thursday,29.95912255
28-09-2012,30.45477867,30.56719589,30.15329552,30.2401638,3291478,30.39856911,0.001849086,30.15431786,0.413900375,108077.5544,0.214614868,29.50562086,Friday,30.04924185
01-10-2012,30.63362312,30.88911629,30.54675484,30.75625992,3062901,30.45477867,0.005872459,30.22687798,0.34236145,99984.94098,-0.122636795,29.63617783,Monday,30.15549299
02-10-2012,30.56719589,30.89933586,30.39345932,30.83801651,1778717,30.63362312,-0.002168442,30.36688843,0.505876541,58190.38836,-0.270820618,29.7521718,Tuesday,30.23034806
03-10-2012,30.75115013,30.85845757,30.61829376,30.62851334,1530961,30.56719589,0.006018028,30.56106339,0.240163803,49785.48748,0.122636795,29.87812986,Wednesday,30.32503935
04-10-2012,31.20081711,31.2059269,30.85334778,30.91466522,1645641,30.75115013,0.014622769,30.72151299,0.352579117,52743.52253,0.286151886,30.00255499,Thursday,30.48427167
05-10-2012,31.29790497,31.45631027,31.18548775,31.42565155,1546226,31.20081711,0.003111709,30.89013824,0.270822525,49403.49846,-0.127746582,30.12595816,Friday,30.63220499
08-10-2012,30.99642372,31.32856369,30.802248,31.24680519,1493191,31.29790497,-0.009632633,30.96269836,0.526315689,48173.00904,-0.25038147,30.23914165,Monday,30.69842658
09-10-2012,30.50076675,31.03219223,30.4394474,31.02708244,1993596,30.99642372,-0.015990779,30.94941254,0.592744827,65362.16011,-0.526315689,30.33290768,Tuesday,30.66248843
10-10-2012,30.61318207,30.69494057,30.40878868,30.62340355,1248566,30.50076675,0.003685655,30.92181892,0.286151886,40785.24073,-0.010221481,30.41619835,Wednesday,30.65352364
11-10-2012,30.89933586,31.22636795,30.57741356,30.6847229,2357011,30.61318207,0.009347404,30.86152267,0.648954391,76280.31264,0.214612961,30.47547274,Thursday,30.69821677
12-10-2012,31.03730202,31.19570732,30.87889671,31.08840179,1728814,30.89933586,0.00446502,30.80940208,0.316810608,55701.16884,-0.051099777,30.52631588,Friday,30.75986863
15-10-2012,31.44098091,31.46142006,30.97598457,31.04752159,1488494,31.03730202,0.01300625,30.89831352,0.485435486,47342.47968,0.39345932,30.60168629,Monday,30.88370723
16-10-2012,31.61471558,31.86510086,31.47163963,31.67603493,1871088,31.44098091,0.005525739,31.12110329,0.393461227,59184.08456,-0.061319351,30.68753195,Tuesday,31.01661784
17-10-2012,31.29279518,31.84976959,31.27746582,31.82933044,1780870,31.61471558,-0.010182612,31.25702591,0.572303772,56909.90497,-0.536535263,30.7335207,Wednesday,31.0668319
18-10-2012,31.56361771,31.62493515,31.07307053,31.29790497,1819227,31.29279518,0.008654469,31.38988228,0.551864624,57636.83418,0.265712738,30.78947372,Thursday,31.15715659
19-10-2012,30.8840065,31.61982536,30.73070908,31.46142006,1927449,31.56361771,-0.021531474,31.35922318,0.889116287,62409.29265,-0.577413559,30.80327034,Friday,31.10749294
22-10-2012,31.0424118,31.15993881,30.80735779,30.85845757,1084961,30.8840065,0.00512904,31.27950935,0.352581024,34950.92478,0.183954239,30.8418498,Monday,31.09566001
23-10-2012,30.40367889,30.802248,30.3628006,30.79202843,3173080,31.0424118,-0.020576137,31.03730202,0.439447403,104365.0017,-0.388349533,30.86867657,Tuesday,30.96984526
24-10-2012,30.17373466,30.51609612,30.11752701,30.48032761,1725487,30.40367889,-0.00756304,30.81348991,0.398569107,57185.06573,-0.306592941,30.88834953,Wednesday,30.82509788
25-10-2012,30.02554893,30.61829376,29.92335129,30.43433762,1566187,30.17373466,-0.004911083,30.50587616,0.694942474,52161.81071,-0.408788681,30.86969852,Thursday,30.67972534
26-10-2012,29.73428726,30.11241722,29.60143089,29.89269257,2070506,30.02554893,-0.009700461,30.27593231,0.510986328,69633.61798,-0.158405304,30.83367395,Friday,30.50782751
31-10-2012,30.1584053,30.20439339,29.73428726,30.0408783,2206126,29.73428726,0.014263602,30.09913101,0.470106125,73151.28163,0.117527008,30.80991306,Wednesday,30.4442962
01-11-2012,31.30301476,31.33878326,30.30659294,30.45477867,3916348,30.1584053,0.037953249,30.27899818,1.032190323,125110.8889,0.848236084,30.84670401,Thursday,30.60042685
02-11-2012,30.59785461,31.48185921,30.57741356,31.37966347,3005561,31.30301476,-0.022526908,30.36382217,0.904445648,98227.83453,-0.781808853,30.83903923,Friday,30.59995917
05-11-2012,30.37812996,30.78691864,30.06642723,30.6029644,2823364,30.59785461,-0.007181048,30.43433838,0.720491409,92940.67817,-0.224834442,30.79790487,Monday,30.55962658
06-11-2012,29.36126709,29.7598362,28.74297333,29.74961662,9227255,30.37812996,-0.033473518,30.35973434,1.016862869,314266.2397,-0.388349533,30.70107298,Tuesday,30.34174304
07-11-2012,29.01890564,29.24884987,28.61522675,29.17731285,4462547,29.36126709,-0.011660309,30.13183441,0.633623123,153780.6785,-0.158407211,30.60219707,Wednesday,30.10122715
08-11-2012,28.41594315,29.09555435,28.36484337,28.95247841,4121051,29.01890564,-0.020778264,29.55442009,0.730710983,145026.0151,-0.536535263,30.49795589,Thursday,29.79481188
09-11-2012,28.84517097,29.11088371,28.2728672,28.31885529,3409877,28.41594315,0.015105176,29.20388336,0.83801651,118213.0972,0.526315689,30.40955534,Friday,29.62214989
12-11-2012,28.65099525,28.94736862,28.4721508,28.8758297,2232741,28.84517097,-0.006731654,28.85845642,0.475217819,77928.91591,-0.224834442,30.29713831,Monday,29.44557632
13-11-2012,29.00868607,29.31016922,28.48748016,28.54368973,1954064,28.65099525,0.012484411,28.78794022,0.822689056,67361.34121,0.464996338,30.19570751,Tuesday,29.36614173
14-11-2012,28.21154785,29.1568737,28.15534019,29.04445648,2344486,29.00868607,-0.027479294,28.62646866,1.001533508,83103.77057,-0.83290863,30.03423586,Wednesday,29.15621557
15-11-2012,28.24731636,28.5130291,28.16555977,28.25242615,2345660,28.21154785,0.001267868,28.5927433,0.34746933,83040.10087,-0.005109787,29.8658659,Thursday,28.99096117
16-11-2012,28.19621849,28.48748016,28.04803276,28.23198891,3127873,28.24731636,-0.001808946,28.4629528,0.439447403,110932.3579,-0.035770416,29.71103706,Friday,28.8464625
19-11-2012,29.05978584,29.0751152,28.31885529,28.52836037,2829822,28.19621849,0.030627063,28.54471092,0.756259918,97379.31364,0.531425476,29.58584547,Monday,28.88524856
20-11-2012,29.38681793,29.49412346,28.9167099,28.9933567,2279514,29.05978584,0.011253768,28.6203373,0.577413559,77569.2695,0.393461227,29.51098604,Tuesday,28.97644299
21-11-2012,29.32038879,29.54522133,29.13132286,29.38681793,1479883,29.38681793,-0.002260508,28.84210548,0.413898468,50472.83003,-0.066429138,29.42488489,Wednesday,29.03897859
23-11-2012,29.73939705,29.75472641,29.34082794,29.4379158,883781,29.32038879,0.014290679,29.14052162,0.413898468,29717.51574,0.301481247,29.3916708,Friday,29.1663274
26-11-2012,29.57588005,29.73939705,29.33060837,29.55033112,2116691,29.73939705,-0.005498329,29.41645393,0.408788681,71568.14933,0.025548935,29.36177807,Monday,29.24079152
27-11-2012,29.48390388,29.85692406,29.44813538,29.50434303,1791046,29.57588005,-0.003109837,29.50127754,0.408788681,60746.56894,-0.020439148,29.33469582,Tuesday,29.28499377
28-11-2012,30.13285637,30.17373466,29.20797157,29.3970356,2082248,29.48390388,0.022010399,29.65048523,0.965763092,69102.24422,0.73582077,29.35462427,Wednesday,29.43915061
29-11-2012,30.43433762,30.52631569,30.11752701,30.1584053,2403587,30.13285637,0.010005067,29.87327499,0.408788681,78976.15615,0.275932312,29.36842089,Thursday,29.6200937
30-11-2012,30.86867714,31.05774117,30.42922783,30.56719589,3624951,30.43433762,0.014271364,30.09913101,0.628513336,117431.3685,0.301481247,29.34670401,Friday,29.84710887
03-12-2012,30.63362312,31.06796074,30.60807419,30.91466522,2213563,30.86867714,-0.007614645,30.31067963,0.459886551,72259.26202,-0.281042099,29.34849243,Monday,29.99011146
04-12-2012,30.91977501,31.07818031,30.67961121,30.69494057,3169557,30.63362312,0.009341105,30.59785385,0.398569107,102509.0577,0.224834442,29.37557468,Tuesday,30.1591412
05-12-2012,31.54828835,32.29432678,30.58763313,30.9248848,4382506,30.91977501,0.020327229,30.88094025,1.706693649,138914.2242,0.623403549,29.48492575,Wednesday,30.41171341
06-12-2012,31.59938622,31.66581535,31.22125626,31.45120049,2251333,31.54828835,0.001619672,31.11394997,0.444559097,71246.09904,0.14818573,29.61394978,Thursday,30.62765392
07-12-2012,31.21614647,31.88042831,31.09350967,31.69136429,3168383,31.59938622,-0.012128076,31.18344383,0.78691864,101498.2103,-0.475217819,29.75395994,Friday,30.73465256
10-12-2012,30.9248848,31.20081711,30.86356735,31.20081711,2843717,31.21614647,-0.009330481,31.24169617,0.337249756,91955.62146,-0.275932312,29.85794563,Monday,30.76924024
11-12-2012,31.43076134,31.45120049,30.96065331,31.01175308,2907319,30.9248848,0.016358235,31.34389343,0.49054718,92499.1593,0.419008255,29.99693394,Tuesday,30.8895168
12-12-2012,31.42054176,31.77312279,31.21614647,31.58916664,2095164,31.43076134,-0.000325146,31.31834412,0.556976318,66681.34546,-0.168624878,30.11752672,Wednesday,30.9860668
13-12-2012,30.79202843,31.54317856,30.75625992,31.40010262,2107493,31.42054176,-0.020003262,31.15687256,0.78691864,68442.81159,-0.608074188,30.24655075,Thursday,30.95078709
14-12-2012,31.07818031,31.37966347,30.65406227,30.65917206,3144899,30.79202843,0.009293051,31.12927933,0.725601196,101193.1512,0.419008255,30.38809395,Friday,30.9739495
17-12-2012,31.78845215,31.90597916,31.19570732,31.29790497,4103046,31.07818031,0.022854357,31.3019928,0.710271835,129073.4755,0.49054718,30.56770563,Monday,31.12204089
18-12-2012,32.50383377,32.8104248,31.67603493,31.90086937,3309678,31.78845215,0.02250445,31.51660728,1.134389877,101824.2347,0.602964401,30.73990803,Tuesday,31.37327596
19-12-2012,32.09504318,32.44762421,32.06949234,32.44251251,2751738,32.50383377,-0.012576688,31.65150757,0.378131866,85737.16459,-0.34746933,30.87531929,Wednesday,31.50450636
20-12-2012,32.44251251,32.95861053,32.0081749,32.23300934,3640216,32.09504318,0.010826261,31.98160439,0.950435638,112205.1197,0.209503174,31.03142548,Thursday,31.67505293
21-12-2012,32.26877975,32.4527359,31.68114471,32.2892189,13886872,32.44251251,-0.005355096,32.21972427,0.771591187,430350.0816,-0.020439148,31.15789461,Friday,31.78300327
24-12-2012,32.29943848,32.43740463,32.06438446,32.17679977,759707,32.26877975,0.000950105,32.32192154,0.373020172,23520.74946,0.122638702,31.29407253,Monday,31.87690058
26-12-2012,32.16147232,32.52427292,31.93663788,32.29432678,1283596,32.29943848,-0.004271472,32.25344925,0.58763504,39910.98378,-0.132854462,31.42795095,Wednesday,31.92864089
27-12-2012,31.87531853,32.2892189,31.4052124,32.19724274,2413960,32.16147232,-0.00889741,32.20950432,0.8840065,75731.32165,-0.32192421,31.51507406,Thursday,31.91894592
28-12-2012,31.62493515,31.92130852,31.55850792,31.70669365,1501802,31.87531853,-0.007855086,32.04598885,0.362800598,47487.90765,-0.081758499,31.57460394,Friday,31.86548941
31-12-2012,32.43740463,32.51916122,31.57383728,31.68114471,2092424,31.62493515,0.025690787,32.07971382,0.945323944,64506.5172,0.756259918,31.65304031,Monday,31.969474
02-01-2013,33.45937729,33.98569107,32.92795181,33.23454285,3077187,32.43740463,0.031505993,32.31170158,1.057739258,91967.85025,0.224834442,31.79432802,Wednesday,32.24036551
03-01-2013,33.48492432,33.62800217,33.24476242,33.51558685,2030192,33.45937729,0.000763524,32.57639198,0.383239746,60630.03102,-0.030662537,31.92258549,Thursday,32.46664893
04-01-2013,33.76596832,33.80684662,33.46448517,33.58712387,1715898,33.48492432,0.00839315,32.95452194,0.34236145,50817.37872,0.178844452,32.03346949,Friday,32.70288882
07-01-2013,33.68421173,33.82728577,33.50025558,33.71997833,1926079,33.76596832,-0.002421272,33.36637726,0.327030182,57180.46827,-0.035766602,32.13771076,Monday,32.88131117
08-01-2013,34.67041397,34.68063354,33.38272858,33.55646515,3552151,33.68421173,0.029277878,33.81297913,1.297904968,102454.8193,1.113948822,32.31042414,Tuesday,33.20660258
09-01-2013,34.62442398,34.97189713,34.33316422,34.59887695,2528248,34.67041397,-0.001326491,34.04598846,0.63873291,73019.20752,0.025547028,32.4954011,Wednesday,33.46438829
10-01-2013,34.43535995,34.85437012,34.24629593,34.69596481,2098883,34.62442398,-0.005460424,34.23607559,0.608074188,60951.38842,-0.260604858,32.64563103,Thursday,33.64092859
11-01-2013,34.82881927,34.91568756,34.40980911,34.58865738,3667614,34.43535995,0.011426026,34.44864578,0.505878448,105304.0004,0.240161896,32.8160449,Friday,33.85690872
14-01-2013,34.64486313,34.90546799,34.33827209,34.77772141,2157593,34.82881927,-0.005281722,34.64077606,0.567195892,62277.42889,-0.132858276,33.00868664,Monday,34.00017316
15-01-2013,34.28206253,34.63464355,34.18497849,34.49156952,2718077,34.64486313,-0.010471988,34.56310577,0.44966507,79285.69051,-0.209506989,33.16888075,Tuesday,34.05142577
16-01-2013,34.20030594,34.38936996,33.9345932,33.98569107,3050376,34.28206253,-0.002384821,34.47828217,0.454776764,89191.48283,0.214614868,33.28947344,Wednesday,34.07849489
17-01-2013,34.41492081,34.54266739,34.01635361,34.23607635,2107493,34.20030594,0.006275232,34.47419434,0.526313782,61237.76986,0.178844452,33.38502779,Thursday,34.13966324
18-01-2013,34.60398483,34.6193161,34.22585678,34.4200325,2130782,34.41492081,0.005493664,34.42922745,0.39345932,61576.20315,0.183952332,33.51047487,Friday,34.22408535
22-01-2013,34.62953568,34.74706268,34.39448166,34.66530228,1240347,34.60398483,0.000738379,34.42616196,0.352581024,35817.60413,-0.035766602,33.61982603,Tuesday,34.29780359
23-01-2013,34.83903885,34.84415054,34.50178909,34.50178909,1628811,34.62953568,0.006049841,34.53755722,0.34236145,46752.4666,0.337249756,33.74833899,Wednesday,34.39621
24-01-2013,34.89013672,35.3806839,34.80326843,34.90546799,1737816,34.83903885,0.001466684,34.67552338,0.577415466,49808.23131,-0.015331268,33.8778739,Thursday,34.48601486
25-01-2013,35.25804901,35.29892731,34.859478,34.93612671,1775977,34.89013672,0.01054488,34.84414902,0.43944931,50370.82453,0.321922302,34.03270273,Friday,34.6263847
28-01-2013,35.16607285,35.42667389,35.04854584,35.42667389,2020211,35.25804901,-0.002608657,34.95656662,0.378128052,57447.72835,-0.260601044,34.19724045,Monday,34.72450982
29-01-2013,35.06387329,35.1814003,34.51200867,35.0178833,2243309,35.16607285,-0.002906198,35.04343414,0.669391632,63977.78652,0.04598999,34.36918736,Tuesday,34.78621227
30-01-2013,35.1762886,35.33469772,34.90035629,35.1814003,1549161,35.06387329,0.003206015,35.11088409,0.434341431,44039.92182,-0.005111694,34.50613155,Wednesday,34.85713524
31-01-2013,35.45222473,35.58507919,34.86969757,35.12519073,2797727,35.1762886,0.007844379,35.2233017,0.715381622,78915.41423,0.327033997,34.60577393,Thursday,34.96533333
01-02-2013,35.92744064,35.95809937,35.5442009,35.67705536,2062874,35.45222473,0.013404403,35.35718002,0.413898468,57417.78326,0.250385284,34.72789974,Friday,35.14026193
04-02-2013,35.51865005,35.88656235,35.35513687,35.78947449,2093599,35.92744064,-0.011378227,35.42769547,0.531425476,58943.65345,-0.270824432,34.81553383,Monday,35.20905977
05-02-2013,35.92232895,35.9427681,35.57485962,35.88145065,1489277,35.51865005,0.011365266,35.5993866,0.367908478,41458.25295,0.040878296,34.92743969,Tuesday,35.33874508
06-02-2013,35.76903534,35.95809937,35.5390892,35.86101151,3489918,35.92232895,-0.004267363,35.71793594,0.419010162,97568.13308,-0.091976166,34.98237076,Wednesday,35.41697967
07-02-2013,36.08584595,36.11650467,35.42667389,35.5033226,3282672,35.76903534,0.008857119,35.84466019,0.68983078,90968.40919,0.582523346,35.05544186,Thursday,35.53859172
08-02-2013,36.52018356,36.55084229,36.16760254,36.18804169,2732951,36.08584595,0.012036232,35.96320877,0.383239746,74833.98859,0.332141876,35.15968304,Friday,35.71706296
11-02-2013,36.25447083,36.84210587,36.08073425,36.50996399,2769546,36.52018356,-0.007275778,36.11037292,0.761371613,76391.84732,-0.255493164,35.23096561,Monday,35.81477348
12-02-2013,36.29534912,36.34133911,36.07562637,36.34133911,2396347,36.25447083,0.001127538,36.18497696,0.265712738,66023.52803,-0.04598999,35.31348991,Tuesday,35.90215087
13-02-2013,36.54573441,36.81144714,36.21359253,36.45375443,3798733,36.29534912,0.00689855,36.34031677,0.597854614,103944.6344,0.09197998,35.42667351,Wednesday,36.01916606
14-02-2013,36.19826126,36.4282074,34.69085312,35.07920456,4854730,36.54573441,-0.009507899,36.36279984,1.737354279,134115.0053,1.119056702,35.52657127,Thursday,36.05172882
15-02-2013,35.92232895,36.4282074,35.56975174,36.36177826,3551368,36.19826126,-0.007622806,36.24322891,0.858455658,98862.40965,-0.43944931,35.60194168,Friday,36.02820157
19-02-2013,36.09095764,36.1011734,35.7026062,36.05007553,1833122,35.92232895,0.004694258,36.21052628,0.3985672,50791.72512,0.040882111,35.67629032,Tuesday,36.03961177
20-02-2013,35.60041046,36.36177826,35.56975174,36.15738297,1950542,36.09095764,-0.013591969,36.07153854,0.79202652,54789.8739,-0.556972504,35.72483406,Wednesday,35.95975699
21-02-2013,35.10986328,35.67194748,35.04343414,35.5799675,2795770,35.60041046,-0.013779256,35.78436432,0.628513336,79629.19074,-0.470104218,35.73837528,Thursday,35.80523086
22-02-2013,36.00919724,36.03474808,35.16607285,35.7077179,2414547,35.10986328,0.025614852,35.74655151,0.868675232,67053.61922,0.30147934,35.79432831,Friday,35.84231565
25-02-2013,35.71793747,36.30046082,35.71793747,36.24425125,2371297,36.00919724,-0.008088483,35.70567322,0.582523346,66389.52773,-0.526313782,35.81732273,Monday,35.81970144
26-02-2013,36.25958252,36.28512955,35.66172791,35.78947449,3128656,35.71793747,0.015164511,35.73939819,0.623401642,86284.9427,0.470108032,35.87199821,Tuesday,35.89967982
27-02-2013,37.46039963,37.5063858,36.20337296,36.24425125,2954287,36.25958252,0.033117235,36.11139603,1.303012848,78864.26812,1.216148376,35.99182453,Wednesday,36.18344705
28-02-2013,37.47572708,37.65457153,37.32243347,37.40930176,2686374,37.46039963,0.000409164,36.58456879,0.332138062,71683.03884,0.066425323,36.10679646,Thursday,36.41840706
01-03-2013,38.26264572,38.31885529,37.19979477,37.26622391,3268973,37.47572708,0.020998089,37.03525848,1.119060516,85435.10095,0.996421814,36.2473175,Friday,36.75372318
04-03-2013,38.62544632,38.67143631,38.09402084,38.25242615,2747824,38.26264572,0.009481848,37.61676025,0.577415466,71140.25239,0.373020172,36.38221779,Monday,37.09403648
05-03-2013,39.14154434,39.15176392,38.72253418,38.85539246,3150770,38.62544632,0.013361607,38.19315262,0.429229736,80496.82385,0.286151886,36.5633625,Tuesday,37.46631064
06-03-2013,38.50281143,39.49412537,38.30352783,39.21308136,4984870,39.14154434,-0.016318541,38.40163498,1.190597534,129467.6886,-0.710269928,36.69238663,Wednesday,37.65476533
07-03-2013,39.42769623,39.46857452,38.48237228,38.48237228,6440291,38.50281143,0.024021228,38.79202881,0.98620224,163344.3395,0.945323944,36.87531967,Thursday,37.9771164
08-03-2013,39.80582428,40.06642914,39.48390579,39.55033112,3033546,39.42769623,0.009590417,39.10066452,0.582523346,76208.59648,0.255493164,37.06131859,Friday,38.30960874
11-03-2013,39.75472641,39.90291214,39.61164856,39.78538513,2686961,39.80582428,-0.001283678,39.32652054,0.29126358,67588.46665,-0.030658722,37.22304573,Monday,38.57235741
12-03-2013,39.81093597,39.89780426,39.43280411,39.75472641,2140175,39.75472641,0.001413909,39.46039886,0.465000153,53758.46982,0.056209564,37.40086899,Tuesday,38.79755351
13-03-2013,40,40.03065872,39.6014328,39.91824341,1872458,39.81093597,0.004749047,39.75983658,0.429225922,46811.45,0.081756592,37.58610153,Wednesday,39.01618015
14-03-2013,40.22483444,40.40879059,40.03577042,40.03577042,1842907,40,0.005620861,39.91926422,0.373020172,45815.15438,0.189064026,37.77005653,Thursday,39.23593547
15-03-2013,39.50945282,40.19417572,39.4736824,40.02555084,6694701,40.22483444,-0.017784576,39.85998993,0.720493317,169445.5509,-0.516098022,37.93561611,Friday,39.2856659
18-03-2013,39.55544281,39.68829727,38.66632462,39.14665222,3323769,39.50945282,0.001164025,39.82013321,1.021972656,84028.10748,0.408790588,38.1172718,Monday,39.33471625
19-03-2013,39.74450684,39.90291214,39.26929092,39.71895981,2916321,39.55544281,0.004779722,39.80684738,0.633621216,73376.70617,0.025547028,38.29994926,Tuesday,39.40922363
20-03-2013,40.34746933,40.58252335,40.05620956,40.07664871,3186974,39.74450684,0.015170964,39.87634125,0.526313782,78988.20057,0.270820618,38.53730221,Wednesday,39.57981375
21-03-2013,40.06642914,40.3628006,39.72406769,40.11752701,2665630,40.34746933,-0.006965497,39.84466019,0.63873291,66530.2613,-0.05109787,38.7851305,Thursday,39.66828928
22-03-2013,40.43433762,40.44455719,39.48390579,39.48390579,2521595,40.06642914,0.009182462,40.02963715,0.960651398,62362.7132,0.950431824,39.00638752,Friday,39.80757079
25-03-2013,40.40367889,41.05263138,40.13285446,40.65917206,2908102,40.43433762,-0.000758235,40.19928436,0.919776917,71976.1685,-0.255493164,39.24067459,Monday,39.91595409
26-03-2013,40.63873291,40.66428375,40.1584053,40.48032761,3249794,40.40367889,0.005817639,40.37812958,0.505878448,79967.89681,0.158405304,39.45963211,Tuesday,40.04736842
27-03-2013,40.1584053,40.42922974,39.64741898,40.29126358,2872876,40.63873291,-0.011819453,40.34031677,0.78181076,71538.59767,-0.132858276,39.59453239,Wednesday,40.06755694
28-03-2013,40.23505402,40.55186462,40.09708786,40.13285446,2688135,40.1584053,0.001908659,40.37404175,0.454776764,66810.7715,0.102199554,39.73249874,Thursday,40.09801096
01-04-2013,39.84670258,40.59274292,39.75472641,40.40367889,3546867,40.23505402,-0.009652067,40.25651474,0.83801651,89012.81087,-0.556976318,39.81170158,Monday,40.05231852
02-04-2013,40.20950317,40.44455719,39.98466873,40.163517,2431181,39.84670258,0.009104909,40.2176796,0.459888458,60462.84605,0.045986176,39.89090443,Tuesday,40.08089755
03-04-2013,39.8773613,40.18906403,39.64741898,40.18906403,2449186,40.20950317,-0.008260283,40.06540527,0.54164505,61417.95546,-0.311702728,39.92769527,Wednesday,40.04389096
04-04-2013,39.69340897,39.93357086,39.3152771,39.93357086,3667614,39.8773613,-0.004612951,39.97240601,0.618293762,92398.56428,-0.240161896,39.98722515,Thursday,39.98016696
05-04-2013,40.14307785,40.21461487,39.03423691,39.20286179,2126476,39.69340897,0.011328553,39.95401077,1.18037796,52972.4205,0.940216064,40.02299423,Friday,40.00978712
08-04-2013,40.30659103,40.43944931,39.91313171,40.1992836,2345073,40.14307785,0.00407326,40.04598846,0.526317596,58180.88158,0.107307434,40.04803257,Monday,40.06375147
09-04-2013,40.163517,40.44455719,39.92846298,40.33214188,2201821,40.30659103,-0.003549644,40.03679123,0.516094208,54821.41915,-0.168624878,40.0684721,Tuesday,40.08189066
10-04-2013,41.10372925,41.13949966,40.24527359,40.38323975,2256421,40.163517,0.02340961,40.28206482,0.894226074,54895.77324,0.720489502,40.13311176,Wednesday,40.26767949
11-04-2013,41.2416954,41.6096077,41.07818222,41.16505051,2352901,41.10372925,0.003356536,40.59172211,0.531425476,57051.51005,0.076644897,40.19519653,Thursday,40.44477329
12-04-2013,41.4052124,41.45120239,40.97598267,41.15993881,1468924,41.2416954,0.003964847,40.84414902,0.475219727,35476.78939,0.24527359,40.25421543,Friday,40.61939859
15-04-2013,40.28104019,41.2468071,40.28104019,41.09350967,2130195,41.4052124,-0.0271505,40.83903885,0.965766907,52883.31656,-0.812469482,40.2927948,Monday,40.55787888
16-04-2013,40.56719589,40.68983078,40.31681061,40.55186462,2596743,40.28104019,0.00710398,40.91977463,0.373020172,64010.90691,0.015331268,40.34338245,Tuesday,40.55957288
17-04-2013,40.01533127,40.46499634,39.76494598,40.31681061,3355668,40.56719589,-0.013603716,40.70209503,0.700050354,83859.55817,-0.30147934,40.35692368,Wednesday,40.46061986
18-04-2013,39.16198349,40.1226387,39.00357819,40.07153702,3620059,40.01533127,-0.021325521,40.28615265,1.119060516,92438.09116,-0.909553528,40.29764938,Thursday,40.22450416
19-04-2013,39.78027725,39.836483,38.96780777,39.33571625,5848690,39.16198349,0.015788112,39.96116562,0.868675232,147024.8677,0.444561005,40.28334179,Friday,40.14373563
22-04-2013,39.96934128,40.10219574,39.52478409,39.84670258,2369340,39.78027725,0.004752708,39.89882584,0.577411652,59278.93541,0.122638702,40.26009197,Monday,40.11202756
23-04-2013,40.3576889,40.40879059,39.74961853,40.18906403,2740387,39.96934128,0.009716138,39.85692444,0.659172058,67902.47595,0.168624878,40.25779247,Tuesday,40.15669326
24-04-2013,40.44455719,40.59274292,40.25038147,40.48032761,2375407,40.3576889,0.002152459,39.94276962,0.34236145,58732.42693,-0.035770416,40.24808369,Wednesday,40.20903216
25-04-2013,40.82268906,40.87889481,40.19417572,40.54164505,2455057,40.44455719,0.009349388,40.27491074,0.684719086,60139.52184,0.281044006,40.28129787,Thursday,40.32060614
26-04-2013,40.47521591,40.81246948,40.45477676,40.73582077,1392993,40.82268906,-0.008511765,40.41389847,0.357692719,34415.94983,-0.260604858,40.29330597,Friday,40.34871701
29-04-2013,40.28104019,40.53653717,40.17884445,40.42411804,2442140,40.47521591,-0.004797398,40.47623825,0.357692719,60627.53068,-0.14307785,40.31502285,Monday,40.33641213
30-04-2013,40.27593231,40.7613678,40.22994232,40.43944931,3536299,40.28104019,-0.000126806,40.45988693,0.531425476,87801.79122,-0.163516998,40.31834431,Tuesday,40.3254158
01-05-2013,39.92846298,40.33214188,39.89780426,40.21461487,2423157,40.27593231,-0.00862722,40.35666809,0.434337616,60687.46,-0.286151886,40.32089939,Wednesday,40.25324256
02-05-2013,40.61829376,40.84823608,39.94890213,40.03577042,2828452,39.92846298,0.017276668,40.31578903,0.899333954,69634.92895,0.582523346,40.36714363,Thursday,40.31961551
03-05-2013,40.47521591,41.10372925,40.44966888,41.07818222,2298497,40.61829376,-0.003522498,40.31578903,0.654060364,56787.76378,-0.602966309,40.38375053,Friday,40.34790649
06-05-2013,40.37813187,40.56719589,40.12774658,40.36790848,3604598,40.47521591,-0.002398605,40.33520737,0.43944931,89271.04433,0.010223389,40.38732758,Monday,40.35340201
07-05-2013,39.79049683,40.05620956,38.66632462,39.49923325,6193122,40.37813187,-0.014553299,40.23812027,1.389884949,155643.2438,0.29126358,40.36867657,Tuesday,40.25105562
08-05-2013,39.3152771,39.95401001,39.08533478,39.85692215,3477589,39.79049683,-0.011943046,40.11548309,0.868675232,88453.88502,-0.54164505,40.27925396,Wednesday,40.08091407
09-05-2013,39.68318939,39.75983429,39.21818924,39.3561554,2941762,39.3152771,0.009357998,39.92846222,0.54164505,74131.18867,0.327033997,40.20132866,Thursday,40.00860049
10-05-2013,40.20439529,40.22483444,39.62186813,39.78538513,2572868,39.68318939,0.013134174,39.8742981,0.602966309,63994.69464,0.419010162,40.1412878,Friday,40.04419955
13-05-2013,39.6423111,40.11752701,39.51456451,40.11752701,2359555,40.20439529,-0.013980665,39.72713394,0.602962494,59521.12616,-0.475215912,40.10935135,Monday,39.97112892
14-05-2013,40.02043915,40.17373657,39.66785812,39.66785812,2503199,39.6423111,0.009538497,39.77312241,0.505878448,62548.0143,0.352581024,40.08201351,Tuesday,39.98009441
15-05-2013,40.54675674,40.57741547,39.89269257,39.99488831,2745084,40.02043915,0.01315122,40.01941833,0.6847229,67701.69109,0.551868439,40.10858479,Wednesday,40.08312393
16-05-2013,40.26060486,40.71026993,40.14818573,40.3628006,3687379,40.54675674,-0.007057331,40.13490143,0.562084198,91587.76956,-0.10219574,40.16351585,Thursday,40.11539319
17-05-2013,40.29126358,40.5212059,39.98466873,40.45477676,2595765,40.26060486,0.000761507,40.15227509,0.53653717,64425.00853,-0.163513184,40.18906517,Friday,40.14736962
20-05-2013,40.28615189,40.87889481,40,40.25549316,3852354,40.29126358,-0.000126869,40.28104324,0.878894806,95624.76979,0.030658722,40.2049057,Monday,40.17260276
21-05-2013,40.87889481,41.02197266,40.22483444,40.22483444,2460145,40.28615189,0.014713317,40.45273438,0.797138214,60181.29922,0.654060364,40.230966,Tuesday,40.3010195
22-05-2013,40.44455719,40.93510437,40.23505402,40.74604034,2643907,40.87889481,-0.010624984,40.43229446,0.700050354,65371.14469,-0.301483154,40.230966,Wednesday,40.32711726
23-05-2013,40.76647949,40.82268906,39.88247299,40.16862488,2394194,40.44455719,0.007959595,40.53346939,0.940216064,58729.47652,0.597854614,40.22815552,Thursday,40.4070013
24-05-2013,40.63873291,40.7256012,40.24016571,40.38835144,1506694,40.76647949,-0.003133618,40.60296326,0.485435486,37075.31933,0.25038147,40.23633137,Friday,40.44913432
28-05-2013,41.28768539,41.37455368,40.88911438,40.89933777,1935277,40.63873291,0.015968817,40.80326996,0.485439301,46872.98359,0.388347626,40.28666363,Tuesday,40.60159815
29-05-2013,40.5212059,41.11906052,40.31170273,40.96576309,2210432,41.28768539,-0.018564361,40.73173218,0.807357788,54550.00538,-0.44455719,40.29892731,Wednesday,40.58698138
30-05-2013,40.82268906,41.17015839,40.45988846,40.62340164,1866587,40.5212059,0.007440133,40.80735855,0.710269928,45724.25392,0.199287415,40.34363861,Thursday,40.62983732
31-05-2013,40.30148315,40.90444565,40.24527359,40.59274292,2923954,40.82268906,-0.012767554,40.71435928,0.659172058,72552.01971,-0.291259766,40.32779808,Friday,40.57013656
03-06-2013,40.37302017,40.41901016,39.91313171,40.26571274,2902427,40.30148315,0.001775047,40.66121674,0.505878448,71890.26205,0.107307434,40.32268829,Monday,40.53429722
04-06-2013,40.20950317,40.70516205,39.98978043,40.39345932,2330983,40.37302017,-0.004050155,40.44558029,0.715381622,57970.94756,-0.183956146,40.31425686,Tuesday,40.47524376
05-06-2013,38.77363205,40.25038147,38.44149017,40.25038147,4380745,40.20950317,-0.035709745,40.09606552,1.808891296,112982.5804,-1.47674942,40.26341362,Wednesday,40.16585981
06-06-2013,38.33418655,38.77363205,37.88962555,38.66632462,4559810,38.77363205,-0.011333617,39.59836502,0.8840065,118948.9177,-0.332138062,40.21435909,Thursday,39.83282831
07-06-2013,39.03423691,39.0751152,38.30863571,38.5539093,2657410,38.33418655,0.018261777,39.34491577,0.766479492,68078.95352,0.480327606,40.18191147,Friday,39.68762987
10-06-2013,37.9918251,39.00357819,37.8742981,39.00357819,2930020,39.03423691,-0.026705064,38.86867676,1.12928009,77122.38072,-1.011753082,40.07128296,Monday,39.37930173
11-06-2013,37.74655151,37.94072723,37.18446732,37.45528793,4516169,37.9918251,-0.006455957,38.37608643,0.756259918,119644.5455,0.29126358,39.97649498,Tuesday,39.08243806
12-06-2013,37.59325409,37.97649384,37.3479805,37.94072723,3442950,37.74655151,-0.00406123,38.14001083,0.628513336,91584.25051,-0.347473145,39.85513573,Wednesday,38.81167734
13-06-2013,38.86561203,38.92181778,37.40419006,37.71589279,3249990,37.59325409,0.033845379,38.24629593,1.517627716,83621.22273,1.149719238,39.77107849,Thursday,38.82148364
14-06-2013,39.02912521,39.26929092,38.63055801,38.7531929,4470375,38.86561203,0.004207143,38.24527359,0.63873291,114539.4619,0.275932312,39.70950451,Friday,38.85923666
17-06-2013,39.37148666,39.57077026,39.10066223,39.49923325,2791073,39.02912521,0.008771948,38.5212059,0.470108032,70890.71906,-0.127746582,39.66351566,Monday,38.95237302
18-06-2013,39.78027725,39.96934128,39.46857452,39.55033112,1772063,39.37148666,0.01038291,38.92795105,0.500766754,44546.27073,0.229946136,39.63822193,Tuesday,39.10290106
19-06-2013,39.10577393,40.01021957,39.09044647,39.67296982,1954652,39.78027725,-0.016955722,39.23045502,0.919773102,49983.71861,-0.567195892,39.54956589,Wednesday,39.1034234
20-06-2013,38.10424042,38.73786545,37.85896683,38.64588547,2946264,39.10577393,-0.025610886,39.07818069,0.878898621,77321.15816,-0.54164505,39.43255005,Thursday,38.92175377
21-06-2013,38.53857803,38.64077759,37.91517639,38.40572357,3739044,38.10424042,0.011398669,38.98007126,0.725601196,97020.80852,0.132854462,39.32115498,Friday,38.85208545
24-06-2013,38.395504,38.63055801,37.87940598,38.26264572,2061308,38.53857803,-0.003712489,38.78487473,0.751152039,53686.18159,0.132858276,39.20899353,Monday,38.76907064
25-06-2013,38.55901718,38.76852417,38.21154785,38.70209503,1957783,38.395504,0.004258654,38.54062271,0.556976318,50773.67483,-0.14307785,39.07256012,Tuesday,38.7308791
26-06-2013,38.69187546,38.93714905,38.52835846,38.85539246,1483797,38.55901718,0.003445583,38.45784302,0.408790588,38349.05862,-0.163516998,38.9810936,Wednesday,38.72378753
27-06-2013,39.18242264,39.36637878,38.81451035,38.85539246,1531548,38.69187546,0.012678299,38.67347946,0.551868439,39087.62902,0.327030182,38.89908028,Thursday,38.80717573
28-06-2013,39.46857452,39.8007164,38.84517288,38.92692947,2490870,39.18242264,0.007303068,38.85947876,0.955543518,63110.20933,0.54164505,38.85743484,Friday,38.92743006
01-07-2013,39.74961853,40.09708786,39.62186813,39.65253067,1391036,39.46857452,0.007120703,39.13030167,0.475219727,34994.95219,0.09708786,38.82626476,Monday,39.07691887
02-07-2013,40.11752701,40.21972275,39.53500366,39.66275024,1617852,39.74961853,0.009255648,39.44200363,0.684719086,40327.80983,0.454776764,38.82166595,Tuesday,39.26612035
03-07-2013,41.20081711,41.34900284,39.73939514,39.73939514,2429616,40.11752701,0.027002913,39.94379196,1.609607697,58970.0926,1.461421967,38.94302521,Wednesday,39.6178834
05-07-2013,41.45120239,41.63004684,41.23147583,41.52784729,2081857,41.20081711,0.006077192,40.39754791,0.398571014,50224.28494,-0.076644897,39.098876,Friday,39.95121412
08-07-2013,41.91108704,41.94685745,41.37966156,41.49208069,2316501,41.45120239,0.011094603,40.88605042,0.567195892,55271.79474,0.419006348,39.24271851,Monday,40.30755465
09-07-2013,41.85488129,42.4885025,41.69647217,42.31476974,1924709,41.91108704,-0.001341071,41.30710297,0.792030334,45985.29349,-0.459888458,39.43587132,Tuesday,40.58888677
10-07-2013,42.34031677,42.34542847,41.67603683,41.8037796,1574406,41.85488129,0.011598061,41.75166092,0.669391632,37184.55883,0.53653717,39.66555958,Wednesday,40.90732859
11-07-2013,43.1732254,43.22432327,42.75932312,42.91773224,2384017,42.34031677,0.019671762,42.14614258,0.465000153,55219.80296,0.255493164,39.94455814,Thursday,41.31930983
12-07-2013,43.46959686,43.47981644,42.21257019,42.39141464,2567584,43.1732254,0.006864705,42.54982147,1.267246246,59066.20225,1.07818222,40.17475739,Friday,41.71027111
15-07-2013,43.14767456,44.10832977,43.03014755,44.10832977,2251724,43.46959686,-0.007405689,42.79713898,1.07818222,52186.4509,-0.960655212,40.38068485,Monday,41.97161719
16-07-2013,43.09146881,43.61778259,43.03525925,43.31119156,1697697,43.14767456,-0.001302637,43.04445648,0.582523346,39397.5199,-0.219722748,40.56668396,Tuesday,42.17522657
17-07-2013,43.27031326,43.74552917,42.98415756,43.6126709,1236824,43.09146881,0.004150345,43.23045578,0.761371613,28583.66179,-0.342357635,40.74118576,Wednesday,42.37433325
18-07-2013,43.68421173,43.79662704,43.27031326,43.35717773,1660123,43.27031326,0.009565414,43.33265305,0.526313782,38002.81461,0.327033997,40.97010765,Thursday,42.61249297
19-07-2013,43.08124542,43.91415405,42.82064438,43.91415405,2669935,43.68421173,-0.013802843,43.25498276,1.093509674,61974.41541,-0.83290863,41.2189579,Friday,42.69772069
22-07-2013,43.11190414,43.79662704,43.02503967,43.79151917,1236237,43.08124542,0.000711649,43.24782867,0.771587372,28675.07303,-0.679615021,41.44762421,Monday,42.77302677
23-07-2013,43.43893814,43.65866089,43.09657669,43.28564072,1296121,43.11190414,0.007585701,43.31732254,0.562084198,29837.76896,0.153297424,41.69979591,Tuesday,42.89410157
24-07-2013,43.24476242,45.77414322,42.9739418,45.77414322,1221559,43.43893814,-0.004470084,43.31221237,2.800201416,28247.55951,-2.529380798,41.93408318,Wednesday,42.95785808
25-07-2013,43.47470474,43.71997833,43.08635712,43.23965454,1388687,43.24476242,0.005317229,43.27031097,0.633621216,31942.4136,0.235050201,42.17322464,Thursday,43.0518302
26-07-2013,43.46448517,43.63311386,42.7286644,43.02503967,1310407,43.47470474,-0.000235069,43.34695892,0.904449463,30148.91342,0.439445496,42.38732777,Friday,43.12685838
29-07-2013,43.13234329,43.66888046,43.0148201,43.31119156,1489668,43.46448517,-0.007641684,43.35104675,0.654060364,34537.14513,-0.178848267,42.5705162,Monday,43.12785564
30-07-2013,41.38988113,42.68267822,41.14460754,42.65712738,4157451,43.13234329,-0.040398041,42.94123535,1.538070679,100446.0725,-1.267246246,42.65252934,Tuesday,42.81186027
31-07-2013,40.73582077,41.76290131,40.41901016,41.76290131,3822608,41.38988113,-0.015802422,42.43944702,1.343891144,93838.98318,-1.027080536,42.68344402,Wednesday,42.43439854
01-08-2013,41.85998917,41.95196533,40.87889481,41.10884094,2876203,40.73582077,0.027596557,42.11650391,1.073070526,68710.07512,0.751148224,42.71640263,Thursday,42.32996048
02-08-2013,41.99795532,42.02861404,41.44098282,41.47164154,1957000,41.85998917,0.003295896,41.82319794,0.587631226,46597.50659,0.526313782,42.74374027,Friday,42.2695959
05-08-2013,42.12059402,42.47317123,41.97751617,42.1257019,1359724,41.99795532,0.002920111,41.62084808,0.49565506,32281.69098,-0.00510788,42.75421562,Monday,42.24250465
06-08-2013,42.20235062,42.41696548,41.84976959,41.84976959,1821184,42.12059402,0.001941012,41.78334198,0.567195892,43153.61522,0.352581024,42.77158909,Tuesday,42.23520392
07-08-2013,42.27388763,42.48339462,41.93152618,41.99795532,2046435,42.20235062,0.001695096,42.09095535,0.551868439,48408.96153,0.275932312,42.76826763,Wednesday,42.24223732
08-08-2013,42.37608719,42.66223907,42.17169189,42.43740463,1641727,42.27388763,0.002417558,42.19417496,0.49054718,38741.82608,-0.061317444,42.72841072,Thursday,42.26657366
09-08-2013,42.47828293,42.59069824,42.17679977,42.17679977,1137996,42.37608719,0.002411637,42.29024048,0.413898468,26790.06592,0.301483154,42.67884502,Friday,42.30506625
12-08-2013,42.3300972,42.58047867,42.02861404,42.06949234,1155804,42.47828293,-0.003488506,42.33214111,0.551864624,27304.54397,0.260604858,42.63796616,Monday,42.30961734
13-08-2013,42.66223907,42.74399567,42.19213104,42.41185379,1177918,42.3300972,0.007846471,42.4241188,0.551864624,27610.31829,0.250385284,42.61650467,Tuesday,42.37373038
14-08-2013,42.3300972,42.59580994,42.21768188,42.53449249,1924905,42.66223907,-0.007785383,42.43536072,0.378128052,45473.67305,-0.204395294,42.56949387,Wednesday,42.36579707
15-08-2013,41.05773926,42.0899353,41.00664139,42.03372574,2313565,42.3300972,-0.030057997,42.17169113,1.083293915,56349.05969,-0.975986481,42.43817024,Thursday,42.12796838
16-08-2013,41.05263138,41.59938812,41.03730011,41.1241684,2114343,41.05773926,-0.000124407,41.88656082,0.562088013,51503.22717,-0.071537018,42.33673954,Friday,41.93245256
19-08-2013,40.99131393,41.41543198,40.87889481,40.99642181,1011182,41.05263138,-0.00149363,41.61880417,0.53653717,24668.2017,-0.00510788,42.23071003,Monday,41.76133645
20-08-2013,40.88911438,41.29790497,40.85845566,40.98109436,1282814,40.99131393,-0.0024932,41.26417923,0.43944931,31372.99546,-0.09197998,42.10321884,Tuesday,41.60275062
21-08-2013,40.58763504,41.09350967,40.45477676,40.57741547,1493191,40.88911438,-0.007373095,40.9156868,0.63873291,36789.30784,0.010219574,41.97036247,Wednesday,41.41818415
22-08-2013,41.03219223,41.26724625,40.44455719,40.60296249,1306493,40.58763504,0.01095302,40.91057739,0.822689056,31840.68238,0.429229736,41.84823685,Thursday,41.3480038
23-08-2013,41.16505051,41.26724625,40.71538162,41.10372925,1637422,41.03219223,0.003237903,40.93306122,0.551864624,39776.9948,0.061321259,41.73326511,Friday,41.31473956
26-08-2013,41.12928009,43.28564072,41.08840179,43.28564072,1586736,41.16505051,-0.000868951,40.96065445,2.197238922,38579.23106,-2.156360626,41.63311195,Monday,41.28101966
27-08-2013,40,40.83290863,39.98466873,40.66428375,1433503,41.12928009,-0.027456841,40.78283157,0.848239899,35837.575,-0.664283752,41.5636179,Tuesday,41.04810699
28-08-2013,39.95401001,40.3219223,39.61676025,40.11752701,1354635,40,-0.00114975,40.65610657,0.705162048,33904.8571,-0.163516998,41.52452736,Wednesday,40.84918027
29-08-2013,39.87225342,40.25038147,39.62186813,39.74450684,1154043,39.95401001,-0.002046267,40.4241188,0.628513336,28943.51086,0.127746582,41.42514057,Thursday,40.67155721
30-08-2013,39.60654068,40.1226387,39.33571625,39.90802383,1631355,39.87225342,-0.006664101,40.11241684,0.786922455,41189.0302,-0.301483154,41.30556984,Friday,40.47791784
03-09-2013,39.51967239,40.51609421,39.28973007,40.22994232,3094995,39.60654068,-0.002193281,39.7904953,1.226364136,78315.30001,-0.710269928,41.17552376,Tuesday,40.30369139
04-09-2013,39.30505753,39.58098984,39.00868607,39.00868607,5123622,39.51967239,-0.005430583,39.65150681,0.572303772,130355.2856,0.29637146,41.0306591,Wednesday,40.1221216
05-09-2013,39.64741898,39.84670258,39.18242264,39.20796967,1898681,39.30505753,0.008710366,39.5901886,0.664279938,47889.1451,0.43944931,40.89933567,Thursday,40.03581203
06-09-2013,39.62697983,40.06131744,39.14154434,39.68829727,1979701,39.64741898,-0.000515523,39.54113388,0.919773102,49958.41239,-0.061317444,40.7618803,Friday,39.9614789
09-09-2013,40.09197617,40.27082443,39.71384811,39.82115555,1905727,39.62697983,0.011734337,39.63822098,0.556976318,47533.87541,0.270820618,40.64256496,Monday,39.98520568
10-09-2013,39.82626343,40.38323975,39.73939514,40.1992836,1961501,40.09197617,-0.006627579,39.69953918,0.643844604,49251.44443,-0.373020172,40.51737328,Tuesday,39.95630709
11-09-2013,40.00511169,40.14307785,39.73428726,39.73428726,2234894,39.82626343,0.004490712,39.83955002,0.408790588,55865.21085,0.270824432,40.38451691,Wednesday,39.96518065
12-09-2013,39.8773613,40.18395615,39.74450684,40.06642914,2160919,40.00511169,-0.003193352,39.88553848,0.43944931,54189.11708,-0.189067841,40.26188011,Thursday,39.9492135
13-09-2013,39.77005768,39.97956085,39.54011154,39.9591217,3305177,39.8773613,-0.002690841,39.91415405,0.43944931,83107.1714,-0.189064026,40.19749603,Friday,39.91663971
16-09-2013,40.18906403,40.5212059,40.07153702,40.38323975,1700633,39.77005768,0.010535724,39.93357162,0.449668884,42315.81504,-0.19417572,40.15431767,Monday,39.96617141
17-09-2013,40.61829376,40.70516205,40.10730743,40.18906403,2062287,40.18906403,0.010680262,40.09197769,0.597854614,50772.36902,0.429229736,40.13566666,Tuesday,40.08473911
18-09-2013,41.10372925,41.22125626,40.08686829,40.47521591,1726074,40.61829376,0.011951154,40.3117012,1.13438797,41993.12402,0.628513336,40.1463974,Wednesday,40.27001004
19-09-2013,41.77823257,41.97240829,41.16505051,41.26213455,2231567,41.10372925,0.016409784,40.69187546,0.807357788,53414.58608,0.516098022,40.20592728,Thursday,40.54423232
20-09-2013,41.79867172,42.21768188,41.47164154,41.94685745,7322115,41.77823257,0.00048923,41.09759827,0.746040344,175175.7819,-0.14818573,40.24425125,Friday,40.77231221
23-09-2013,41.17526627,41.77312088,41.0832901,41.59427643,1791242,41.79867172,-0.01491448,41.29483871,0.68983078,43502.86379,-0.419010162,40.24476204,Monday,40.84557658
24-09-2013,41.05773926,41.23658752,40.7256012,41.15482712,1843494,41.17526627,-0.002854311,41.38272781,0.510986328,44900.03671,-0.09708786,40.241185,Tuesday,40.88415162
25-09-2013,41.37455368,41.55850983,40.95554352,41.05263138,2307694,41.05773926,0.007716314,41.4368927,0.602966309,55775.68323,0.321922302,40.30991268,Wednesday,40.97331563
26-09-2013,42.91773224,42.92795181,41.30812454,41.34900284,3446277,41.37455368,0.037297769,41.66479263,1.619827271,80299.60625,1.568729401,40.45809879,Thursday,41.32684592
27-09-2013,43.35206985,43.80684662,42.43229294,42.63158035,3218286,42.91773224,0.010120237,41.97547226,1.37455368,74236.04019,0.720489502,40.63208961,Friday,41.69506845
30-09-2013,43.13745499,43.27542114,42.84108353,42.93817139,2605354,43.35206985,-0.00495051,42.36791,0.434337616,60396.56259,0.1992836,40.80863533,Monday,41.95732055
01-10-2013,42.5293808,43.11190414,42.27899933,42.94839096,3227093,43.13745499,-0.0140962,42.66223831,0.832904816,75879.14377,-0.419010162,40.95912075,Tuesday,42.06133151
02-10-2013,42.1665802,42.35053635,41.98262787,42.34542847,2128825,42.5293808,-0.008530587,42.82064362,0.367908478,50486.07191,-0.178848267,41.10219688,Wednesday,42.08046763
03-10-2013,41.51251984,42.21768188,41.36944199,41.98262787,2019428,42.1665802,-0.015511345,42.53960114,0.848239899,48646.23993,-0.470108032,41.19545193,Thursday,41.9772044
04-10-2013,41.52784729,41.68114471,41.15993881,41.54828644,2040760,41.51251984,0.000369225,42.17475662,0.521205902,49141.96457,-0.020439148,41.2904953,Friday,41.8955031
07-10-2013,40.7613678,41.27746582,40.71538162,41.0832901,2069136,41.52784729,-0.018457,41.69953918,0.562084198,50762.18272,-0.321922302,41.32396488,Monday,41.68929668
08-10-2013,39.97444916,40.85334778,39.95401001,40.79713821,2325503,40.7613678,-0.019305501,41.18855286,0.899337769,58174.73534,-0.822689056,41.33137417,Tuesday,41.37750623
09-10-2013,39.82115555,40.18395615,39.48390579,40.04598999,2094381,39.97444916,-0.00383479,40.71946793,0.700050354,52594.68168,-0.224834442,41.32217636,Wednesday,41.09453337
10-10-2013,40.95554352,40.95554352,39.90802383,40.21972275,1824902,39.82115555,0.028487068,40.60807266,1.047519684,44558.11944,0.73582077,41.37608547,Thursday,41.06926249
11-10-2013,41.15482712,41.2825737,40.57741547,40.63873291,1366377,40.95554352,0.004865852,40.53346863,0.705158234,33200.89272,0.516094208,41.44532394,Friday,41.0848197
14-10-2013,40.96065521,41.03730011,40.65917206,41.02708054,1335457,41.15482712,-0.004718083,40.57332611,0.378128052,32603.40913,-0.066425323,41.4839035,Monday,41.06224434
15-10-2013,40.42922974,40.92999649,40.25549316,40.79203033,1470686,40.96065521,-0.012974047,40.66428223,0.674503326,36376.79989,-0.362800598,41.4744503,Tuesday,40.94715077
16-10-2013,41.27746582,41.58405685,40.60296249,40.82268906,2439401,40.42922974,0.020980763,40.95554428,0.98109436,59097.64448,0.454776764,41.48313713,Wednesday,41.00720805
17-10-2013,41.57894516,41.6096077,41.03219223,41.16505051,1571862,41.27746582,0.007303727,41.08022461,0.577415466,37804.27796,0.413894653,41.47317276,Thursday,41.11116025
18-10-2013,42.14103317,42.16147232,41.5687294,41.79356384,1288685,41.57894516,0.013518573,41.27746582,0.59274292,30580.28964,0.34746933,41.49029083,Friday,41.29840988
21-10-2013,42.31476974,42.31987762,41.96218872,42.13592148,1387122,42.14103317,0.004122741,41.54828873,0.357688904,32781.03623,0.178848267,41.54726601,Monday,41.48320258
22-10-2013,43.43893814,43.60756302,42.3300972,42.50383377,2736669,42.31476974,0.026566809,42.15023041,1.27746582,63000.36596,0.93510437,41.66632595,Tuesday,41.83879086
23-10-2013,43.17833328,43.48492432,42.77465439,43.24476242,1880481,43.43893814,-0.005999338,42.5304039,0.710269928,43551.49579,-0.066429138,41.75651493,Wednesday,42.08234403
24-10-2013,43.40827942,43.84772491,43.22943115,43.48492432,2520420,43.17833328,0.005325498,42.89627075,0.618293762,58063.11685,-0.076644897,41.78104229,Thursday,42.32342319
25-10-2013,43.7710762,43.88860321,43.27542114,43.88860321,2065026,43.40827942,0.008357778,43.22227936,0.613182068,47177.86674,-0.117527008,41.80199261,Friday,42.58663283
28-10-2013,43.63822174,43.97036362,43.51558685,43.82728577,2457014,43.7710762,-0.003035211,43.48696976,0.454776764,56304.17331,-0.189064026,41.82703094,Monday,42.77783081
29-10-2013,43.63822174,43.92948532,43.34185028,43.66888046,2242331,43.63822174,0,43.52682648,0.58763504,51384.56405,-0.030658722,41.88247299,Tuesday,42.93426553
30-10-2013,43.10679626,44.0929985,42.67245865,43.79662704,3269560,43.63822174,-0.012177982,43.51251907,1.420539856,75847.90064,-0.68983078,41.9294838,Wednesday,42.96563475
31-10-2013,45.40623474,45.52886963,43.41849899,43.85794449,5369812,43.10679626,0.053342829,43.91211014,2.110370636,118261.5566,1.548290253,42.12416954,Thursday,43.40938021
01-11-2013,44.86458969,45.63106918,44.83392715,45.50843048,4058622,45.40623474,-0.01192887,44.13081284,0.797142029,90463.8163,-0.64384079,42.29100666,Friday,43.67396375
04-11-2013,44.49156952,45.0587616,43.91926575,44.91057587,2852523,44.86458969,-0.008314356,44.30148239,1.13949585,64113.78674,-0.419006348,42.47751675,Monday,43.82261934
05-11-2013,44.40470123,44.64486313,43.96014404,44.39958954,2532162,44.49156952,-0.001952466,44.45477829,0.684719086,57024.6377,0.005111694,42.69902935,Tuesday,43.92845241
06-11-2013,43.76596832,44.8237114,43.67399216,44.40470123,2068940,44.40470123,-0.014384353,44.5866127,1.149719238,47272.80303,-0.63873291,42.89626999,Wednesday,43.89890985
07-11-2013,43.01992798,44.00102234,42.85641479,43.80173874,3326117,43.76596832,-0.017046129,44.10935135,1.144607544,77315.72683,-0.78181076,42.99948921,Thursday,43.73909497
08-11-2013,43.61778259,43.76596832,42.78487396,43.12212753,2405153,43.01992798,0.013897155,43.85998993,0.98109436,55141.56972,0.49565506,43.12263699,Friday,43.71703817
11-11-2013,43.22432327,43.85794449,43.17833328,43.53091431,1069305,43.61778259,-0.009020617,43.60654068,0.679611206,24738.50182,-0.306591034,43.23582039,Monday,43.62745364
12-11-2013,43.13234329,43.42871857,42.95349884,43.2141037,1737033,43.22432327,-0.002127968,43.35206909,0.475219727,40272.16857,-0.081760406,43.37097607,Tuesday,43.53743358
13-11-2013,43.71487045,43.71997833,42.71844864,43.01992798,1390644,43.13234329,0.013505576,43.34184952,1.001529694,31811.69212,0.694942474,43.4928463,Wednesday,43.56969483
14-11-2013,43.85794449,44.17986679,43.65866089,43.86816788,1400234,43.71487045,0.003272892,43.50945282,0.521205902,31926.57605,-0.010223389,43.60679626,Thursday,43.62210386
15-11-2013,43.65354919,44.07255936,43.63311386,43.87838364,1684390,43.85794449,-0.004660394,43.51660614,0.439445496,38585.40786,-0.224834442,43.68242207,Friday,43.62782119
18-11-2013,43.64844131,44.11854935,43.49003601,44.08277893,1695349,43.65354919,-0.000117009,43.60142975,0.628513336,38840.9975,-0.434337616,43.74910564,Monday,43.63157031
19-11-2013,43.55135345,43.86816788,43.31629944,43.49003601,1618439,43.64844131,-0.002224314,43.68523178,0.551868439,37161.6235,0.061317444,43.75472641,Tuesday,43.61698542
20-11-2013,43.55135345,43.8937149,43.12723541,43.46959686,6030691,43.55135345,0,43.65252838,0.766479492,138473.1018,0.081756592,43.77337742,Wednesday,43.60505234
21-11-2013,43.55646515,43.74041748,43.35206985,43.70975876,2439988,43.55135345,0.000117372,43.59223251,0.388347626,56018.96278,-0.15329361,43.78078671,Thursday,43.5962183
22-11-2013,43.87838364,44.00102234,43.47981644,43.70465088,2900861,43.55646515,0.007390831,43.6371994,0.521205902,66111.39152,0.173732758,43.78615208,Friday,43.64752109
25-11-2013,43.79151917,44.19519806,43.61778259,44.17986679,1380664,43.87838364,-0.001979664,43.66581497,0.577415466,31528.11381,-0.388347626,43.79381695,Monday,43.67370256
26-11-2013,44.23096466,44.51711655,43.55646515,43.70465088,3325139,43.79151917,0.010034945,43.80173721,0.960651398,75176.72349,0.526313782,43.82345409,Tuesday,43.77502294
27-11-2013,44.40980911,44.70618439,44.16453934,44.45069122,1315887,44.23096466,0.004043422,43.97342834,0.54164505,29630.54844,-0.040882111,43.88860474,Wednesday,43.89043861
29-11-2013,44.59376526,45.08431244,44.14409637,44.55288696,1399646,44.40980911,0.004142241,44.18088837,0.940216064,31386.58492,0.040878296,43.84798126,Friday,44.01831618
02-12-2013,44.05212021,44.4966774,43.90393448,44.11854935,1935864,44.59376526,-0.012146206,44.21563568,0.59274292,43944.85421,-0.066429138,43.80735779,Monday,44.02446237
03-12-2013,43.64333344,44.19519806,43.35206985,43.8988266,2414938,44.05212021,-0.009279616,44.18599854,0.843128204,55333.49105,-0.255493164,43.76494598,Tuesday,43.9551662
04-12-2013,43.0148201,43.62289047,42.74910736,43.32141113,2764654,43.64333344,-0.01440113,43.94276962,0.873783112,64272.12746,-0.306591034,43.69545193,Wednesday,43.78419418
05-12-2013,42.91773224,43.34185028,42.67756653,43.0148201,2148590,43.0148201,-0.002257079,43.64435425,0.664283752,50062.99,-0.09708786,43.65304012,Thursday,43.62665565
06-12-2013,43.46448517,43.51047516,43.00460052,43.47981644,2273251,42.91773224,0.012739558,43.41849823,0.505874634,52301.34422,-0.015331268,43.67526798,Friday,43.5971701
09-12-2013,43.64333344,43.80173874,42.76443481,43.67910004,3360169,43.46448517,0.004114814,43.33674088,1.037303925,76991.57547,-0.035766602,43.67654552,Monday,43.60556344
10-12-2013,43.52069473,44.06233978,43.30607986,43.5769043,1744861,43.64333344,-0.002810021,43.31221313,0.756259918,40092.6734,-0.056209564,43.6913641,Tuesday,43.59013276
11-12-2013,43.19366455,44.38936996,43.07102585,43.95503235,3030023,43.52069473,-0.00751436,43.34798203,1.318344116,70149.70903,-0.761367798,43.69443016,Wednesday,43.51804763
12-12-2013,42.38119507,43.15278625,42.35053635,43.06080627,2005729,43.19366455,-0.018809922,43.24067459,0.802249908,47325.91888,-0.679611206,43.62774639,Thursday,43.31134717
13-12-2013,42.1308136,42.6928978,41.74246216,41.74246216,1823141,42.38119507,-0.005907844,42.97394028,0.950435638,43273.33949,0.38835144,43.54138985,Friday,43.0967047
16-12-2013,42.94327927,43.19366455,42.31987762,42.5293808,2306520,42.1308136,0.019284357,42.83392944,0.873786926,53710.84927,0.413898468,43.50587635,Monday,43.06880917
17-12-2013,42.77465439,42.87174225,42.37608719,42.82575226,1746622,42.94327927,-0.003926688,42.68472137,0.49565506,40833.10608,-0.05109787,43.462187,Tuesday,43.01532648
18-12-2013,44.0929985,44.17986679,42.75421524,42.75932312,2812796,42.77465439,0.030820684,42.86458817,1.42565155,63792.35016,1.333675385,43.48926926,Wednesday,43.21126685
19-12-2013,44.10832977,44.30250549,43.74041748,43.85283661,2269142,44.0929985,0.000347703,43.21001511,0.562088013,51444.75004,0.255493164,43.51711807,Thursday,43.3743692
20-12-2013,44.83903885,45.22227859,43.96014404,44.28717422,5159631,44.10832977,0.016566238,43.75166016,1.262134552,115070.0624,0.551864624,43.58124676,Friday,43.64067277
23-12-2013,45.1814003,45.35002518,44.94634628,44.95656586,1896920,44.83903885,0.007635343,44.19928436,0.403678894,41984.53318,0.224834442,43.64639759,Monday,43.92080505
24-12-2013,45.41134262,45.55442047,45.04343414,45.07920456,767927,45.1814003,0.005089314,44.72662201,0.510986328,16910.46676,0.332138062,43.72738876,Tuesday,44.19181188
26-12-2013,45.31936646,45.5390892,44.95145416,45.43178177,1811008,45.41134262,-0.002025401,44.9718956,0.58763504,39961.01759,-0.112415314,43.78180885,Thursday,44.3968218
27-12-2013,45.45222473,45.61063004,45.25293732,45.47777176,1139365,45.31936646,0.0029316,45.24067459,0.357692719,25067.30983,-0.025547028,43.83392963,Friday,44.58871324
30-12-2013,46.2238121,46.26980209,45.39601517,45.47777176,1452290,45.45222473,0.016975789,45.51762924,0.873786926,31418.65489,0.746040344,43.91543198,Monday,44.88600395
31-12-2013,46.20337296,46.37710953,45.78436279,46.37710953,1602392,46.2238121,-0.000442178,45.72202377,0.592746735,34681.27752,-0.173736572,44.02299461,Tuesday,45.12552558
02-01-2014,45.52886963,46.11650467,45.27337646,46.09606552,1748579,46.20337296,-0.014598573,45.74552917,0.843128204,38405.93923,-0.567195892,44.11727142,Thursday,45.19886086
03-01-2014,45.26315689,45.8661232,45.20694733,45.52886963,1592607,45.52886963,-0.005836137,45.73428726,0.659175873,35185.50427,-0.265712738,44.22968826,Friday,45.21055105
06-01-2014,44.69596481,45.47777176,44.54777527,45.45733261,2023734,45.26315689,-0.012530988,45.58303528,0.92999649,45277.77862,-0.761367798,44.31859989,Monday,45.11698992
07-01-2014,44.42514038,44.77772141,44.2565155,44.43535995,2291256,44.69596481,-0.006059259,45.22330093,0.521205902,51575.66145,-0.010219574,44.36663265,Tuesday,44.99119909
08-01-2014,43.23454285,44.78794098,43.04036713,44.4557991,4980956,44.42514038,-0.026800085,44.62953491,1.747573853,115207.7869,-1.221256256,44.34619312,Wednesday,44.67180705
09-01-2014,43.29586029,43.49003601,42.71844864,43.45426559,2512592,43.23454285,0.001418251,44.18293304,0.771587372,58033.07714,-0.158405304,44.3349514,Thursday,44.42163491
10-01-2014,42.93305969,43.52580643,42.7286644,43.43893814,2575412,43.29586029,-0.008379568,43.7169136,0.797142029,59986.68668,-0.505878448,44.32192116,Friday,44.15098487
13-01-2014,41.61471558,42.96371841,41.52784729,42.67756653,2770916,42.93305969,-0.030706969,43.10066376,1.435871124,66585.00393,-1.062850952,44.28359718,Monday,43.689845
14-01-2014,42.22790146,42.40674591,41.59938812,41.61471558,3056834,41.61471558,0.014734833,42.66121597,0.807357788,72388.96309,0.613185883,44.28845158,Tuesday,43.42403708
15-01-2014,42.24322891,42.48339462,42.03883362,42.48339462,2006708,42.22790146,0.00036297,42.46295319,0.444561005,47503.66039,-0.24016571,44.25344906,Wednesday,43.20934469
16-01-2014,41.91108704,42.57025909,41.78845215,42.27899933,2885597,42.24322891,-0.007862606,42.18599854,0.781806946,68850.44517,-0.367912292,44.21027069,Thursday,42.97329784
17-01-2014,41.34389496,42.10526276,41.15993881,41.74757385,2966616,41.91108704,-0.013533223,41.86816559,0.945323944,71754.63277,-0.403678894,44.07281551,Friday,42.67704277
21-01-2014,41.18548965,41.62493515,40.85334778,41.62493515,3275822,41.34389496,-0.003831407,41.7823204,0.771587372,79538.25552,-0.439445496,43.92667351,Tuesday,42.4058513
22-01-2014,41.1241684,41.43587112,40.96576309,41.2059288,4008132,41.18548965,-0.001488904,41.56157379,0.470108032,97464.14715,-0.081760406,43.74092999,Wednesday,42.17281804
23-01-2014,40.9197731,41.01686478,40.47010803,40.80224609,4795237,41.1241684,-0.004970199,41.29688263,0.546756744,117186.3047,0.117527008,43.52784863,Thursday,41.94499169
24-01-2014,40.3628006,40.86356735,40.3628006,40.86356735,4691908,40.9197731,-0.013611329,40.98722534,0.500766754,116243.3709,-0.500766754,43.27542152,Friday,41.65732058
27-01-2014,39.49923325,40.56719589,39.24374008,40.38835144,4706976,40.3628006,-0.02139513,40.618293,1.323455811,119166.2626,-0.889118195,42.98441486,Monday,41.26494107
28-01-2014,39.836483,39.94379044,39.41747665,39.42769623,3361735,39.49923325,0.008538134,40.34849167,0.526313782,84388.34823,0.408786774,42.70362778,Tuesday,41.00522142
29-01-2014,40.04598999,40.26060486,39.18753052,39.45324326,5130863,39.836483,0.005259174,40.13285599,1.073074341,128124.2642,0.592746735,42.39473667,Wednesday,40.8308157
30-01-2014,41.0475235,41.8088913,40,40.3219223,5302883,40.04598999,0.025009583,40.15840607,1.808891296,129188.8657,0.725601196,42.1369442,Thursday,40.87021712
31-01-2014,40.76647949,41.34389496,40.3985672,40.50587463,3431012,41.0475235,-0.006846796,40.23914185,0.945327759,84162.57775,0.260604858,41.89882469,Friday,40.85135573
03-02-2014,39.8773613,40.97087479,39.72406769,40.04598999,3985822,40.76647949,-0.021810031,40.31476746,1.246807098,99951.99959,-0.168628693,41.62953491,Monday,40.67426584
04-02-2014,39.87225342,40.50587463,39.50434113,39.91824341,2416308,39.8773613,-0.00012809,40.32192154,1.001533508,60601.24003,-0.04598999,41.38834934,Tuesday,40.5284454
05-02-2014,40.56719589,40.85334778,39.41747665,39.50945282,3998738,39.87225342,0.017429225,40.42616272,1.435871124,98570.72721,1.057743073,41.19545212,Wednesday,40.53549094
06-02-2014,41.87020874,42.03372574,40.39345932,40.81246948,4277219,40.56719589,0.032119865,40.59069977,1.640266418,102154.2316,1.057739258,41.12723541,Thursday,40.7781669
07-02-2014,42.2892189,42.4885025,41.83443832,41.97751617,3061335,41.87020874,0.010007358,40.89524765,0.654064178,72390.43613,0.311702728,41.07690334,Friday,41.05290363
10-02-2014,42.09504318,42.34031677,42.01328659,42.18701935,3026892,42.2892189,-0.004591613,41.33878403,0.327030182,71906.13838,-0.091976166,41.03500252,Monday,41.24238355
11-02-2014,42.29432678,42.90751266,41.91619873,41.91619873,2565823,42.09504318,0.004734135,41.8231987,0.991313934,60665.89056,0.378128052,41.06898308,Tuesday,41.43364596
12-02-2014,42.34031677,42.83597183,41.97751617,42.83597183,3551564,42.29432678,0.00108738,42.17782288,0.858455658,83881.37526,-0.49565506,41.07460384,Wednesday,41.5984952
13-02-2014,40.5212059,41.38988113,40.08686829,40.28104019,7342860,42.34031677,-0.042964035,41.90802231,1.303012848,181210.303,0.24016571,40.98850269,Thursday,41.40262441
14-02-2014,41.30301666,41.71691513,40.36790848,40.6438446,3867815,40.5212059,0.019293867,41.71078186,1.349006653,93644.85484,0.659172058,40.95809917,Friday,41.38451391
18-02-2014,41.0475235,41.71180344,40.90955353,41.4052124,4026527,41.30301666,-0.006185823,41.50127792,0.802249908,98094.27358,-0.357688904,40.9432806,Tuesday,41.32324293
19-02-2014,41.46142197,42.04905319,40.95554352,41.0475235,2715925,41.0475235,0.010083397,41.33469696,1.093509674,65504.86865,0.413898468,40.95707722,Wednesday,41.34836639
20-02-2014,42.12059402,42.22278976,41.56361771,41.56361771,2598505,41.46142197,0.015898443,41.29075241,0.659172058,61692.03118,0.556976318,41.0068985,Thursday,41.48877142
21-02-2014,42.31476974,42.42718506,41.71691513,42.19724274,2614552,42.12059402,0.004609995,41.64946518,0.710269928,61788.16559,0.117527008,41.07664833,Friday,41.63895293
24-02-2014,42.13592148,42.60092163,42.11548233,42.31476974,2941567,42.31476974,-0.004226616,41.81604614,0.485439301,69811.38413,-0.178848267,41.16530437,Monday,41.72931085
25-02-2014,41.73735428,42.30965805,41.05263138,42.08482361,2401043,42.13592148,-0.009459084,41.9540123,1.257026672,57527.43655,-0.34746933,41.27721043,Tuesday,41.73077329
26-02-2014,41.5687294,42.35053635,41.1241684,41.72202301,3418879,41.73735428,-0.004040143,41.97547379,1.22636795,82246.41574,-0.15329361,41.36382275,Wednesday,41.70131076
27-02-2014,41.9672966,41.98262787,41.42054367,41.42054367,2051523,41.5687294,0.00958815,41.9448143,0.562084198,48883.84924,0.54675293,41.45988808,Thursday,41.74967183
28-02-2014,42.57537079,42.98926926,41.55339813,42.27388763,3087363,41.9672966,0.014489239,41.99693451,1.435871124,72515.23458,0.301483154,41.53628044,Friday,41.89979891
03-03-2014,41.94174957,42.45784378,41.68114471,42.38630676,1850931,42.57537079,-0.014882342,41.95810013,0.776699066,44130.99165,-0.44455719,41.59504395,Monday,41.9074263
04-03-2014,42.90751266,43.09146881,42.23300934,42.35053635,3183452,41.94174957,0.023026295,42.19213181,0.858459473,74193.34756,0.556976318,41.74655151,Tuesday,42.08926019
05-03-2014,43.29075241,43.32651901,42.85641479,43.09657669,2649778,42.90751266,0.008931763,42.53653641,0.470104218,61208.86916,0.19417572,41.91747646,Wednesday,42.30771332
06-03-2014,43.92948532,44.12876892,43.28564072,43.41849899,3108890,43.29075241,0.014754489,42.92897415,0.843128204,70770.00737,0.510986328,42.08559093,Thursday,42.60258096
07-03-2014,43.69953918,44.06233978,43.51047516,44.04190063,1691239,43.92948532,-0.005234437,43.15380783,0.551864624,38701.52939,-0.34236145,42.17705746,Friday,42.80202791
10-03-2014,43.76596832,44.12876892,43.58201218,43.62800217,1807094,43.69953918,0.001520134,43.51865158,0.546756744,41289.93529,0.137966156,42.25089493,Monday,42.9772898
11-03-2014,43.25498199,43.91415405,43.10168457,43.75064087,1622353,43.76596832,-0.011675426,43.58814545,0.812469482,37506.7316,-0.495658875,42.30889187,Tuesday,43.02777929
12-03-2014,43.3776207,43.43382645,42.8513031,42.97904968,1929211,43.25498199,0.00283525,43.6055191,0.582523346,44474.79989,0.398571014,42.36305656,Wednesday,43.09138682
13-03-2014,42.96883011,43.8937149,42.91262054,43.59734344,2384605,43.3776207,-0.009423997,43.41338806,0.98109436,55496.15835,-0.628513336,42.39448223,Thursday,43.06910378
14-03-2014,42.4936142,43.24476242,42.3300972,42.88196182,2420418,42.96883011,-0.01105955,43.17220306,0.914665222,56959.57018,-0.388347626,42.49310265,Friday,42.96446931
17-03-2014,42.46295547,42.68267822,42.19213104,42.19213104,3009083,42.4936142,-0.00072149,42.91160049,0.49054718,70863.7203,0.270824432,42.55109959,Monday,42.87328498
18-03-2014,42.76954651,42.82575226,42.35564423,42.62646866,2878356,42.46295547,0.0072202,42.8145134,0.470108032,67299.19382,0.14307785,42.63720074,Tuesday,42.85442344
19-03-2014,42.76954651,42.87685013,42.66734695,42.80020523,2386366,42.76954651,0,42.69289856,0.209503174,55795.91543,-0.030658722,42.70260696,Wednesday,42.83899127
20-03-2014,42.76443481,43.02503967,42.29432678,42.46806335,2246832,42.76954651,-0.000119517,42.6520195,0.730712891,52539.7333,0.29637146,42.734799,Thursday,42.82543555
21-03-2014,43.18855286,44.00102234,42.27899933,44.00102234,4337691,42.76443481,0.009917541,42.79100723,1.72202301,100436.1275,-0.812469482,42.77848816,Friday,42.89145688
24-03-2014,42.49872208,43.14256668,42.29943848,43.10679626,2615335,43.18855286,-0.015972537,42.79816055,0.843128204,61539.14453,-0.608074188,42.79662819,Monday,42.82005055
25-03-2014,42.42207336,42.88196182,42.1665802,42.52427292,3136680,42.49872208,-0.001803553,42.72866592,0.715381622,73939.80895,-0.102199554,42.83086414,Tuesday,42.74769106
26-03-2014,42.14614105,42.85641479,42.14103317,42.85641479,2640972,42.42207336,-0.006504451,42.60398483,0.715381622,62662.24936,-0.710273743,42.85973473,Wednesday,42.63831833
27-03-2014,41.77823257,42.1308136,41.50740814,41.94174957,2957027,42.14614105,-0.008729351,42.40674438,0.623405457,70779.13109,-0.163516998,42.85028152,Thursday,42.4819391
28-03-2014,42.07460403,42.19213104,41.72202301,41.83955002,2135870,41.77823257,0.00709392,42.18395462,0.470108032,50763.87643,0.235054016,42.82524319,Friday,42.40787818
31-03-2014,42.25856018,42.60602951,42.06438446,42.38630676,2764458,42.07460403,0.004372142,42.13592224,0.54164505,65417.70444,-0.127746582,42.84108372,Monday,42.38072945
01-04-2014,42.82575226,42.87174225,42.31987762,42.5293808,2483042,42.25856018,0.013421945,42.21665802,0.551864624,57980.11405,0.29637146,42.8369957,Tuesday,42.46164269
02-04-2014,43.02503967,43.31629944,42.79509354,42.96883011,2405740,42.82575226,0.004653448,42.39243774,0.521205902,55914.88162,0.056209564,42.82371006,Wednesday,42.56407851
03-04-2014,42.78998566,43.23454285,42.58047867,43.14767456,2068549,43.02503967,-0.005463191,42.59478836,0.654064178,48341.89515,-0.357688904,42.76673508,Thursday,42.60515253
04-04-2014,42.43229294,43.14767456,42.25856018,43.14767456,2828648,42.78998566,-0.008359262,42.66632614,0.88911438,66662.62425,-0.715381622,42.70337276,Friday,42.57372352
07-04-2014,41.23147583,42.48339462,40.98620224,42.48339462,4609126,42.43229294,-0.028299604,42.46090927,1.497192383,111786.588,-1.251918793,42.57664814,Monday,42.32967848
08-04-2014,41.09350967,41.29279327,40.53653717,40.98620224,3925938,41.23147583,-0.003346137,42.11446075,0.756256104,95536.69256,0.107307434,42.46857452,Tuesday,42.10492052
09-04-2014,41.27235413,41.33367538,40.96065521,41.23658752,2707901,41.09350967,0.004352134,41.76392365,0.373020172,65610.52931,0.035766602,42.3633112,Wednesday,41.95354481
10-04-2014,40.5620842,41.31323624,40.48032761,41.1241684,4338082,41.27235413,-0.017209339,41.31834335,0.83290863,106949.1888,-0.562084198,42.2429739,Thursday,41.70055197
11-04-2014,39.68829727,40.66939163,39.56055069,39.96934128,4281329,40.5620842,-0.021541963,40.76954422,1.108840942,107873.8393,-0.281044006,42.10270805,Friday,41.33468748
14-04-2014,39.38170624,40.07664871,39.18753052,40.00511169,2759174,39.68829727,-0.007724973,40.3995903,0.889118195,70062.3275,-0.623405457,41.94864559,Monday,40.97959998
15-04-2014,39.24374008,39.69340897,38.37506485,39.58610153,3206544,39.38170624,-0.003503306,40.02963638,1.318344116,81708.42008,-0.34236145,41.77235527,Tuesday,40.66398909
16-04-2014,39.78538513,39.79560471,39.40725708,39.62697983,1911402,39.24374008,0.013802075,39.73224258,0.388347626,48042.81757,0.158405304,41.6231472,Wednesday,40.50424292
17-04-2014,39.77005768,39.90802383,39.49412537,39.50434113,2569737,39.78538513,-0.000385253,39.57383728,0.413898468,64614.86732,0.265716553,41.47342834,Thursday,40.37075469
21-04-2014,39.57588196,40.06642914,39.41747665,39.93357086,2293213,39.77005768,-0.00488246,39.55135422,0.648952484,57944.70992,-0.357688904,41.2927948,Monday,40.22623238
22-04-2014,39.63209152,39.80582428,39.4787941,39.48390579,1888309,39.57588196,0.001420298,39.60143127,0.327030182,47645.9588,0.14818573,41.14946327,Tuesday,40.11820677
23-04-2014,39.61164856,40.09708786,39.58098984,39.61676025,2834519,39.63209152,-0.000515818,39.67501297,0.516098022,71557.71353,-0.005111694,41.00894203,Wednesday,40.02610527
24-04-2014,39.57588196,39.98466873,39.53500366,39.90291214,2005142,39.61164856,-0.000902931,39.63311234,0.44966507,50665.75654,-0.327030182,40.88042908,Thursday,39.94424649
25-04-2014,39.14665222,39.58610153,39.09555435,39.45835495,1580669,39.57588196,-0.01084574,39.50843124,0.49054718,40378.1399,-0.311702728,40.74885006,Friday,39.79922935
28-04-2014,38.52835846,39.35104752,38.18088913,39.1568718,2865048,39.14665222,-0.015794295,39.29892654,1.170158386,74362.05731,-0.628513336,40.57153778,Monday,39.56816192
29-04-2014,38.68165588,38.92181778,38.4312706,38.74808502,3105368,38.52835846,0.003978821,39.10883942,0.49054718,80280.12062,-0.066429138,40.39269257,Tuesday,39.406979
30-04-2014,38.78385162,38.88605118,38.40061188,38.51813889,5014225,38.68165588,0.002641969,38.94328003,0.485439301,129286.4115,0.265712738,40.19059753,Wednesday,39.29368311
01-05-2014,38.89627075,39.20796967,38.71231461,38.84517288,2966812,38.78385162,0.002898607,38.80735779,0.49565506,76274.97296,0.05109787,39.98415909,Thursday,39.22142632
02-05-2014,39.14665222,39.38170624,39.00357819,39.1568718,2008469,38.89627075,0.006437159,38.80735779,0.378128052,51306.27745,-0.010219574,39.80199242,Friday,39.20783103
05-05-2014,39.73939514,39.79560471,38.57434845,38.74808502,3379935,39.14665222,0.015141599,39.04956512,1.221256256,85052.50238,0.99131012,39.66734753,Monday,39.30447905
06-05-2014,38.17577744,39.69851685,37.87940598,38.81451035,8221553,39.73939514,-0.039346792,38.94838943,1.81911087,215360.4603,-0.63873291,39.51456261,Tuesday,39.09926057
07-05-2014,37.15891647,38.38528442,36.96985245,38.17577744,4011654,38.17577744,-0.026636287,38.6234024,1.415431976,107959.3912,-1.016860962,39.31783295,Wednesday,38.74647074
08-05-2014,37.99693298,38.41594315,37.05160904,37.06694031,3571329,37.15891647,0.022552232,38.44353485,1.364334106,93989.92812,0.929992676,39.15406189,Thursday,38.61019115
09-05-2014,37.33265305,38.02759171,37.27644348,37.8691864,3214372,37.99693298,-0.017482462,38.08073502,0.751148224,86100.81893,-0.536533356,38.99259033,Friday,38.37791149
12-05-2014,37.52171707,37.81298065,37.39397049,37.49105835,2821407,37.33265305,0.005064307,37.6371994,0.419010162,75193.97352,0.030658722,38.88426132,Monday,38.22223978
13-05-2014,37.19979477,37.73122025,37.1486969,37.53704453,3058791,37.52171707,-0.008579626,37.44200287,0.582523346,82226.01815,-0.337249756,38.77516575,Tuesday,38.03634069
14-05-2014,36.96474075,37.28155136,36.69392014,37.23556519,2920040,37.19979477,-0.006318691,37.40316772,0.587631226,78995.27876,-0.270824432,38.66121578,Wednesday,37.84150433
15-05-2014,37.1486969,37.31732178,36.56617355,36.88298416,3304590,36.96474075,0.00497653,37.23352051,0.751148224,88955.74477,0.265712738,38.52938137,Thursday,37.71553935
16-05-2014,37.6699028,37.68523026,36.85232544,37.06694031,3659199,37.1486969,0.014030261,37.30097046,0.832904816,97138.53044,0.602962494,38.42437363,Friday,37.70724179
19-05-2014,37.64435577,37.99693298,37.34287262,37.46550751,3160751,37.6699028,-0.000678181,37.3254982,0.654060364,83963.47699,0.178848267,38.32779732,Monday,37.69580797
20-05-2014,37.6750145,37.88451767,37.21512604,37.21512604,2806142,37.64435577,0.000814431,37.42054214,0.669391632,74482.83796,0.459888458,38.22994347,Tuesday,37.69202734
21-05-2014,37.96627426,38.68165588,37.66479111,37.91517639,5890961,37.6750145,0.007730847,37.62084885,1.016864777,155162.9997,0.05109787,38.14767475,Wednesday,37.74189042
22-05-2014,38.7583046,38.80429077,37.66479111,37.86407852,3595596,37.96627426,0.020861418,37.94277039,1.139499664,92769.69252,0.894226074,38.10679588,Thursday,37.92669299
23-05-2014,39.9591217,40.0408783,38.8758316,38.89115906,4695626,38.7583046,0.030982189,38.40061417,1.165046692,117510.741,1.067962646,38.14741936,Friday,38.29622549
27-05-2014,40.11241531,40.15329742,39.70362854,40.09197617,3571134,39.9591217,0.003836261,38.89422607,0.449668884,89028.14682,0.020439148,38.2266222,Tuesday,38.62644182
28-05-2014,40.39345932,40.58252335,39.72917557,40.1584053,3524753,40.11241531,0.007006409,39.43791504,0.853347778,87260.48869,0.235054016,38.31221237,Wednesday,38.94771773
29-05-2014,39.71384811,40.57741547,39.56055069,40.45477676,2734516,40.39345932,-0.016824783,39.78742981,1.016864777,68855.47812,-0.74092865,38.3587122,Thursday,39.08701416
30-05-2014,39.32549667,40.09197617,39.26929092,40.05109787,2695572,39.71384811,-0.009778741,39.90086823,0.822685242,68545.14826,-0.725601196,38.38017349,Friday,39.13037462
02-06-2014,39.68318939,39.74961853,39.2386322,39.36126709,2957418,39.32549667,0.009095695,39.84568176,0.510986328,74525.71341,0.321922302,38.40700035,Monday,39.2308864
03-06-2014,39.77005768,39.81604385,39.37659836,39.58098984,3325139,39.68318939,0.002189045,39.77721024,0.439445496,83609.1068,0.189067841,38.40853348,Tuesday,39.32891754
04-06-2014,40.17884445,40.26571274,39.43280411,39.56566238,2957614,39.77005768,0.010278757,39.73428726,0.83290863,73611.22602,0.613182068,38.50868683,Wednesday,39.4834497
05-06-2014,41.01686478,41.21614838,40.48032761,40.58763504,4809523,40.17884445,0.020857253,39.99489059,0.73582077,117257.2069,0.429229736,38.70158424,Thursday,39.76225244
06-06-2014,41.22125626,41.30812454,40.8840065,41.22125626,3005561,41.01686478,0.004983108,40.37404251,0.424118042,72912.89187,0,38.86280041,Friday,40.02752586
09-06-2014,41.05773926,41.6096077,40.92999649,41.26213455,1865217,41.22125626,-0.003966813,40.64895248,0.679611206,45429.12088,-0.204395294,39.04905472,Monday,40.21483739
10-06-2014,41.06285095,41.09350967,40.74604034,40.99642181,2148199,41.05773926,0.0001245,40.90751114,0.34746933,52314.90143,0.066429138,39.22611141,Tuesday,40.36902167
11-06-2014,40.20439529,41.00664139,40.06642914,40.83290863,3886015,41.06285095,-0.020905895,40.91262131,0.94021225,96656.4718,-0.628513336,39.37634144,Wednesday,40.33908961
12-06-2014,40.11241531,40.45477676,39.98978043,40.14818573,2142132,40.20439529,-0.002287809,40.73173141,0.464996338,53403.21652,-0.035770416,39.53372517,Thursday,40.2978761
13-06-2014,39.71384811,40.39345932,39.62186813,40.11752701,2535881,40.11241531,-0.009936255,40.43024979,0.771591187,63853.82229,-0.403678894,39.66198273,Friday,40.19168919
16-06-2014,39.34082794,39.51967239,38.80429077,38.80429077,3888755,39.71384811,-0.009392698,40.08686752,0.715381622,98847.81799,0.53653717,39.74552898,Monday,40.03698715
17-06-2014,39.41747665,39.50945282,39.02912521,39.22841263,3369171,39.34082794,0.001948325,39.75779266,0.480327606,85474.0406,0.189064026,39.83418503,Tuesday,39.92434888
18-06-2014,39.30505753,39.50945282,38.85028076,39.50945282,2620814,39.41747665,-0.002852012,39.57792511,0.659172058,66678.79823,-0.204395294,39.91568718,Wednesday,39.81175045
19-06-2014,38.65610504,39.55033112,38.63055801,39.38681793,3009670,39.30505753,-0.016510661,39.28666306,0.919773102,77857.55954,-0.730712891,39.95017872,Thursday,39.6016331
20-06-2014,37.70567322,38.67143631,37.53704453,38.62544632,5618156,38.65610504,-0.024586849,38.88502808,1.134391785,149000.2835,-0.919773102,39.89754715,Friday,39.25691312
23-06-2014,38.04292297,38.64588547,37.46039963,37.64946365,5297403,37.70567322,0.008944271,38.62544708,1.18548584,139248.0542,0.39345932,39.80173721,Monday,39.03618764
24-06-2014,37.98671341,38.30352783,37.84874725,37.87940598,2095556,38.04292297,-0.00147753,38.33929443,0.454780579,55165.49898,0.107307434,39.69545212,Tuesday,38.84537414
25-06-2014,38.09913254,38.29841614,37.62391281,37.62902451,2158767,37.98671341,0.002959433,38.09810944,0.674503326,56661.84126,0.470108032,39.58073578,Wednesday,38.70969385
26-06-2014,37.24578476,37.75165939,36.69392014,37.36331177,7769290,38.09913254,-0.022398089,37.81604538,1.057739258,208595.1484,-0.117527008,39.45733261,Thursday,38.44352856
27-06-2014,37.84363937,37.88962555,36.61215973,36.61215973,5306210,37.24578476,0.016051605,37.84363861,1.27746582,140214.0515,1.231479645,39.38323975,Friday,38.3344578
30-06-2014,37.95605469,38.35973358,37.7107811,37.7107811,3687966,37.84363937,0.002970521,37.82626495,0.648952484,97164.10281,0.24527359,39.29688301,Monday,38.26565723
01-07-2014,38.42105484,38.54879761,37.91517639,37.9918251,2799293,37.95605469,0.012251014,37.91313324,0.633621216,72858.30677,0.429229736,39.22943287,Tuesday,38.29391134
02-07-2014,38.79918289,38.87071991,38.28819656,38.32396317,2487543,38.42105484,0.009841688,38.05314331,0.582523346,64113.28318,0.475219727,39.16044979,Wednesday,38.3857789
03-07-2014,39.12621307,39.40725708,38.82473373,38.83494949,1486146,38.79918289,0.00842879,38.42922897,0.582523346,37983.38462,0.29126358,39.06591721,Thursday,38.52040329
07-07-2014,38.86050034,39.21818924,38.61011887,39.03934479,1736446,39.12621307,-0.006791169,38.63260117,0.608070374,44684.08757,-0.178844452,38.94787941,Monday,38.58223912
08-07-2014,38.7583046,38.93203735,38.66121674,38.7583046,3367018,38.86050034,-0.00262981,38.79305115,0.270820618,86872.16934,0,38.83290768,Tuesday,38.61425102
09-07-2014,40.21972275,40.33724976,38.92692947,39.00357819,4050207,38.7583046,0.037705936,39.15278473,1.410320282,100702.0119,1.216144562,38.79075127,Wednesday,38.90615497
10-07-2014,39.82626343,40.31681061,39.40214539,39.40214539,2760740,40.21972275,-0.009782746,39.35820084,0.914665222,69319.58367,0.424118042,38.77184467,Thursday,39.07344742
11-07-2014,40.1584053,40.25549316,39.40214539,39.40214539,2022168,39.82626343,0.00833977,39.56463928,0.853347778,50354.78836,0.756259918,38.77414417,Friday,39.27071249
14-07-2014,39.96934128,40.39345932,39.78538513,40.39345932,1587714,40.1584053,-0.004707957,39.78640747,0.608074188,39723.29664,-0.424118042,38.78691883,Monday,39.39773591
15-07-2014,40.13285446,40.21972275,39.68318939,39.90291214,2611225,39.96934128,0.004090965,40.06131744,0.536533356,65064.5222,0.229942322,38.82652016,Tuesday,39.53139383
16-07-2014,42.66734695,43.51047516,41.01175308,41.22636795,11390523,40.13285446,0.06315256,40.55084229,2.498722076,266961.1263,1.440979004,38.98901367,Wednesday,40.10156712
17-07-2014,43.43382645,44.35871124,42.20235062,42.60602951,7056355,42.66734695,0.017964077,41.27235489,2.156360626,162462.2,0.827796936,39.19545212,Thursday,40.70743245
18-07-2014,43.48492432,43.75064087,43.02503967,43.61778259,4260585,43.43382645,0.001176453,41.93765869,0.725601196,97978.4389,-0.132858276,39.43689308,Friday,41.21243097
21-07-2014,43.04036713,43.44915771,42.95349884,43.33673859,2742736,43.48492432,-0.010223249,42.55186386,0.495658875,63724.73525,-0.29637146,39.70362778,Monday,41.544783
22-07-2014,42.77465439,43.2498703,42.75932312,43.2498703,2811622,43.04036713,-0.00617357,43.08022385,0.49054718,65731.02788,-0.475215912,39.94021435,Tuesday,41.76839598
23-07-2014,42.31987762,43.02503967,42.03883362,42.90751266,3022587,42.77465439,-0.010631921,43.01072998,0.986206055,71422.39462,-0.58763504,40.15687256,Wednesday,41.86866537
24-07-2014,42.35053635,42.64179993,42.21768188,42.39652634,2644103,42.31987762,0.000724452,42.79407196,0.424118042,62433.75476,-0.04598999,40.36944275,Thursday,41.95627828
25-07-2014,42.35053635,42.70311737,42.1308136,42.37097549,2389106,42.35053635,0,42.56719437,0.572303772,56412.65037,-0.020439148,40.62468033,Friday,42.02796156
28-07-2014,42.48339462,42.57025909,42.22278976,42.38630676,1420782,42.35053635,0.00313711,42.45579987,0.34746933,33443.23147,0.09708786,40.85666809,Monday,42.11076757
29-07-2014,42.37608719,42.97904968,42.33520889,42.38630676,2174814,42.48339462,-0.002525868,42.37608643,0.64384079,51321.72752,-0.010219574,41.07766972,Tuesday,42.1590075
30-07-2014,42.77465439,43.1732254,42.2892189,42.58559036,3569959,42.37608719,0.009405474,42.46704178,0.8840065,83459.68076,0.189064026,41.29534969,Wednesday,42.2709433
31-07-2014,43.54113388,44.06745148,41.44098282,42.14103317,4449631,42.77465439,0.017919011,42.70516129,2.626468658,102193.7328,1.400100708,41.53244724,Thursday,42.50188704
01-08-2014,42.58047867,43.55646515,42.43229294,43.43382645,5786653,43.54113388,-0.022063165,42.75114975,1.124172211,135899.2003,-0.853347778,41.70516052,Friday,42.51617643
04-08-2014,43.11190414,43.20388412,42.57537079,42.67756653,2403196,42.58047867,0.012480496,42.87685165,0.628513336,55743.21171,0.434337616,41.91773071,Monday,42.62449056
05-08-2014,43.0505867,43.15789413,42.6928978,43.07102585,3162903,43.11190414,-0.001422286,43.01175156,0.464996338,73469.45169,-0.020439148,42.13234482,Tuesday,42.70196258
06-08-2014,42.42207336,42.8104248,42.05927277,42.8104248,4990350,43.0505867,-0.014599414,42.94123535,0.751152039,117635.693,-0.38835144,42.24246235,Wednesday,42.65107364
07-08-2014,40.97999954,43.63999939,40.65000153,43.25,3848100,42.42207336,-0.033993478,42.42900848,2.989997864,93901.90442,-2.270000458,42.30014915,Thursday,42.34724198
08-08-2014,42.27999878,42.34999847,40.84000015,41.06000137,2226300,40.97999954,0.031722773,42.36891251,1.509998322,52656.1037,1.219997406,42.40622883,Friday,42.33501595
11-08-2014,42.5,43.06999969,42.29000092,42.29000092,2938000,42.27999878,0.005203435,42.24653168,0.779998779,69129.41176,0.209999084,42.53276176,Monday,42.36501305
12-08-2014,42.31999969,42.61000061,41.83000183,42.52999878,1909000,42.5,-0.004235301,42.10041428,0.779998779,45108.69598,-0.209999084,42.64211903,Tuesday,42.3568288
13-08-2014,42.70999908,42.72000122,40.88999939,40.88999939,2999500,42.31999969,0.009215487,42.15799942,1.830001831,70229.45597,1.819999695,42.64425163,Wednesday,42.42104158
14-08-2014,42.77000046,42.86999893,42.50999832,42.68999863,1438100,42.70999908,0.001404855,42.5159996,0.36000061,33624.03518,0.080001831,42.61106033,Thursday,42.48448865
15-08-2014,43.49000168,43.54000092,42.90000153,43.11999893,2212900,42.77000046,0.016834258,42.75800018,0.63999939,50882.95964,0.370002747,42.6113142,Friday,42.6673092
18-08-2014,44.38999939,44.47000122,43.66999817,43.84000015,2165400,43.49000168,0.020694359,43.13600006,0.800003052,48781.25771,0.549999237,42.67879581,Monday,42.9805256
19-08-2014,44.43000031,44.61000061,43.90000153,44.25,1812000,44.38999939,0.000901124,43.55800018,0.709999084,40783.25428,0.180000305,42.76156311,Tuesday,43.24406645
20-08-2014,44.83000183,44.86999893,44.13000107,44.29000092,1484200,44.43000031,0.00900296,43.98200073,0.739997864,33107.29287,0.540000916,42.88706932,Wednesday,43.53241834
21-08-2014,44.75999832,44.86000061,44.41999817,44.72999954,1612800,44.83000183,-0.001561533,44.38000031,0.440002441,36032.17293,0.029998779,43.00754242,Thursday,43.7556147
22-08-2014,44.29999924,44.99000168,44.29000092,44.81999969,1610600,44.75999832,-0.010277013,44.54199982,0.700000763,36356.65977,-0.520000458,43.10501556,Friday,43.85459371
25-08-2014,43.90999985,44.66999817,43.72999954,44.47000122,1760800,44.29999924,-0.008803598,44.44599991,0.939998627,40100.2051,-0.560001373,43.17634583,Monday,43.86466755
26-08-2014,44.09000015,44.43999863,43.68999863,43.81000137,1904200,43.90999985,0.004099301,44.37799988,0.75,43188.93158,0.279998779,43.26204147,Tuesday,43.90563711
27-08-2014,43.77999878,44.18999863,43.65999985,43.97000122,1922500,44.09000015,-0.007031104,44.16799927,0.529998779,43912.74677,-0.190002441,43.31230869,Wednesday,43.88279378
28-08-2014,43.75999832,43.93999863,43.43999863,43.70000076,2052000,43.77999878,-0.00045684,43.96799927,0.5,46892.14074,0.059997559,43.32325191,Thursday,43.86046733
29-08-2014,43.72000122,44.13000107,43.40999985,43.75,1818400,43.75999832,-0.000914011,43.85199966,0.720001221,41591.9476,-0.029998779,43.38022804,Friday,43.83492804
02-09-2014,44.00999832,44.20999908,43.86000061,43.90000153,2927800,43.72000122,0.006633053,43.87199936,0.349998474,66525.79213,0.109996796,43.42513275,Tuesday,43.866759
03-09-2014,43.45999908,44.29000092,43.24000168,44.04999924,2756000,44.00999832,-0.012497143,43.74599915,1.049999237,63414.63548,-0.590000153,43.44560337,Wednesday,43.79280265
04-09-2014,43.5,43.77999878,43.11000061,43.63999939,2226600,43.45999908,0.000920408,43.68999939,0.669998169,51186.2069,-0.13999939,43.4994997,Thursday,43.73956581
05-09-2014,43.43999863,43.70999908,42.88999939,43.52000046,2482200,43.5,-0.001379342,43.62599945,0.819999695,57140.88578,-0.080001831,43.62249966,Friday,43.68509905
08-09-2014,42.43999863,43.79999924,41.86000061,43.06999969,4189700,43.43999863,-0.023020259,43.36999893,1.939998627,98720.54985,-0.630001068,43.63049965,Monday,43.45871715
09-09-2014,40.90999985,42.34000015,40.84999847,42.27000046,4262500,42.43999863,-0.036050868,42.74999924,1.490001678,104192.1295,-1.36000061,43.55099964,Tuesday,42.99531401
10-09-2014,40.97000122,41.06000137,40.38000107,40.83000183,2245100,40.90999985,0.001466668,42.25199966,0.680000305,54798.63151,0.13999939,43.48349972,Wednesday,42.62707532
11-09-2014,40.36999893,41.09000015,40.06000137,40.84000015,3048600,40.97000122,-0.014644918,41.62599945,1.029998779,75516.47463,-0.470001221,43.36649971,Thursday,42.21669779
12-09-2014,39.65999985,40.43999863,39.43000031,40.43999863,3805300,40.36999893,-0.017587295,40.86999969,1.009998322,95948.05887,-0.779998779,43.21099968,Friday,41.75184362
15-09-2014,39.34999847,40.43999863,38.52999878,40.41999817,5221800,39.65999985,-0.007816474,40.25199966,1.909999847,132701.4029,-1.069999695,43.00399952,Monday,41.3151445
16-09-2014,39.45999908,39.86999893,38.70000076,39.36999893,5549400,39.34999847,0.002795441,39.96199951,1.169998169,140633.5562,0.090000153,42.7574995,Tuesday,40.97784534
17-09-2014,39.95000076,40.09000015,39.29000092,39.34000015,3821500,39.45999908,0.012417681,39.75799942,0.799999237,95657.06951,0.61000061,42.53349953,Wednesday,40.7909645
18-09-2014,39.97000122,40.18999863,39.66999817,40.00999832,2791300,39.95000076,0.000500637,39.67799988,0.520000458,69834.87402,-0.039997101,42.2904995,Thursday,40.64169845
19-09-2014,40.5,40.66999817,39.90999985,40.20000076,15560900,39.97000122,0.013259914,39.84599991,0.759998322,384219.7531,0.299999237,42.07749958,Friday,40.6159351
22-09-2014,39.34999847,40.47999954,39.29000092,40.40999985,3371000,40.5,-0.028395099,39.84599991,1.189998627,85667.09354,-1.060001373,41.82999954,Monday,40.3857648
23-09-2014,38.22000122,39.45999908,38.20000076,39.45999908,3235400,39.34999847,-0.028716577,39.59800034,1.259998322,84652.01195,-1.239997864,41.54549961,Tuesday,39.99198961
24-09-2014,38.09999847,38.49000168,37.75,38.38000107,2649200,38.22000122,-0.003139789,39.22799988,0.740001678,69532.81118,-0.280002594,41.24599953,Wednesday,39.64799122
25-09-2014,38.09000015,38.38000107,37.83000183,37.91999817,3471000,38.09999847,-0.000262423,38.85199966,0.549999237,91126.2795,0.170001984,40.9614996,Thursday,39.36472012
26-09-2014,39,39.06000137,37.97000122,38.06999969,2992100,38.09000015,0.023890781,38.55199966,1.090000153,76720.51282,0.930000305,40.72349968,Friday,39.29840737
29-09-2014,37.70999908,38.90000153,37.29999924,38.50999832,4455900,39,-0.033076947,38.22399979,1.600002289,118162.294,-0.799999237,40.42299957,Monday,39.00960586
30-09-2014,37.79999924,38.13000107,37.65999985,37.83000183,3200300,37.70999908,0.002386639,38.13999939,0.470001221,84664.02287,-0.030002594,40.11249962,Tuesday,38.78967738
01-10-2014,36.31000137,37.88999939,36.29999924,37.63000107,5402100,37.79999924,-0.039417934,37.78199997,1.590000153,148777.1907,-1.319999695,39.75499973,Wednesday,38.3388272
02-10-2014,36.27000046,36.40999985,35.47000122,36.11999893,5380900,36.31000137,-0.00110165,37.41800003,0.939998627,148356.7668,0.150001526,39.39349976,Thursday,37.96267688
03-10-2014,37,37.13000107,36.11000061,36.36000061,2795800,36.27000046,0.020126814,37.01800003,1.020000458,75562.16216,0.63999939,39.07149982,Friday,37.78764472
06-10-2014,36.84999847,37.45999908,36.77999878,37.15999985,2572200,37,-0.004054095,36.84599991,0.680000305,69801.90248,-0.310001373,38.79199982,Monday,37.61716359
07-10-2014,36.20000076,36.77000046,36.04999924,36.65000153,4021900,36.84999847,-0.017639016,36.52600021,0.720001221,111102.2076,-0.450000763,38.55649986,Tuesday,37.35949762
08-10-2014,37.15999985,37.27999878,36,36.13999939,5510200,36.20000076,0.026519311,36.69599991,1.279998779,148283.1007,1.020000458,38.36599979,Wednesday,37.3232253
09-10-2014,35.79000092,37.09000015,35.72000122,37,4054200,37.15999985,-0.036867571,36.6,1.369998932,113277.4489,-1.209999084,38.13699989,Thursday,37.04445723
10-10-2014,35.06999969,35.99000168,35.04999924,35.79000092,3447700,35.79000092,-0.020117385,36.21399994,0.940002441,98309.09695,-0.720001221,37.90749989,Friday,36.68546495
13-10-2014,33.90999985,35.25,33.88000107,35,3393000,35.06999969,-0.0330767,35.62600021,1.369998932,100058.9801,-1.090000153,37.63549995,Monday,36.18083493
14-10-2014,34.31000137,35.43999863,34.18999863,34.18999863,5207600,33.90999985,0.011795975,35.24800034,1.25,151780.8158,0.120002747,37.37800007,Tuesday,35.84068337
15-10-2014,34.45000076,34.95000076,33.20999908,33.72999954,4365600,34.31000137,0.004080425,34.70600052,1.740001678,126722.7838,0.720001221,37.10300007,Wednesday,35.58783199
16-10-2014,34.18999863,34.45000076,33.63999939,33.75999832,3161500,34.45000076,-0.007547232,34.38600006,0.810001373,92468.56177,0.430000305,36.81399994,Thursday,35.33368047
17-10-2014,34.65000153,35.16999817,34.45000076,34.45999908,1878600,34.18999863,0.013454312,34.30200043,0.719997406,54216.44783,0.190002441,36.52150002,Friday,35.20937521
20-10-2014,34.65000153,34.79999924,34.06000137,34.5,2064500,34.65000153,0,34.45000076,0.739997864,59581.52696,0.150001526,36.28650017,Monday,35.1076709
21-10-2014,36.24000168,36.5,34.65000153,34.79999924,2830100,34.65000153,0.045887448,34.83600082,1.849998474,78093.26349,1.440002441,36.18750019,Tuesday,35.31354922
22-10-2014,34.88999939,36.47999954,34.84999847,36.31000137,2220200,36.24000168,-0.037251717,34.92400055,1.630001068,63634.28028,-1.420001984,36.02700024,Wednesday,35.23654016
23-10-2014,35.97000122,36.59000015,35,35.22000122,3074900,34.88999939,0.030954481,35.28000107,1.590000153,85485.12359,0.75,35.92100029,Thursday,35.36989672
24-10-2014,36.61000061,36.75,35.70000076,35.99000168,2112600,35.97000122,0.017792587,35.67200089,1.049999237,57705.54397,0.619998932,35.80150032,Friday,35.59537015
27-10-2014,36.52000046,36.72000122,36.16999817,36.47999954,1636200,36.61000061,-0.002458349,36.04600067,0.550003052,44802.84719,0.040000916,35.74200039,Monday,35.76348475
28-10-2014,37.24000168,37.38000107,36.45000076,36.45000076,2495900,36.52000046,0.019715258,36.24600067,0.930000305,67022.01631,0.790000916,35.71400051,Tuesday,36.03194238
29-10-2014,37.02000046,37.63999939,36.72000122,37.13000107,1565800,37.24000168,-0.005907659,36.67200089,0.919998169,42296.05566,-0.11000061,35.74950047,Wednesday,36.2115893
30-10-2014,35.93999863,36.90999985,35.52000046,36.13999939,5342000,37.02000046,-0.029173469,36.66600037,1.38999939,148636.6223,-0.200000763,35.73300037,Thursday,36.16220918
31-10-2014,35.34999847,37,35.15000153,36.74000168,5822600,35.93999863,-0.016416254,36.41399994,1.849998474,164712.8784,-1.390003204,35.6505003,Friday,36.0145345
03-11-2014,35.66999817,35.72999954,35.00999832,35.34999847,3740300,35.34999847,0.009052326,36.24399948,0.720001221,104858.4298,0.319999695,35.59150028,Monday,35.95189153
04-11-2014,33.31000137,33.54000092,32.02999878,32.65999985,11848400,35.66999817,-0.066161954,35.45799942,1.510002136,355700.976,0.650001526,35.44700031,Tuesday,35.47154787
05-11-2014,34.47000122,34.52999878,32.15000153,33.29000092,11660100,33.31000137,0.034824371,34.94799957,2.379997253,338268.0472,1.180000305,35.31250038,Wednesday,35.28944848
06-11-2014,32.90000153,34.70000076,32.88000107,34.56000137,4515500,34.47000122,-0.045546842,34.34000015,1.819999695,137249.2338,-1.659999847,35.16800041,Thursday,34.85500358
07-11-2014,32.61999893,33.33000183,32.56000137,33.02000046,5338500,32.90000153,-0.008510717,33.79400024,0.770000458,163657.2708,-0.400001526,35.04550037,Friday,34.4486391
10-11-2014,32.25999832,32.90000153,32.18999863,32.77999878,4724200,32.61999893,-0.011036193,33.11200027,0.710002899,146441.4211,-0.520000458,34.9630003,Monday,34.05070441
11-11-2014,31.98999977,32.68000031,31.87000084,32.34000015,6446200,32.25999832,-0.008369453,32.84799995,0.809999466,201506.7223,-0.350000381,34.84700022,Tuesday,33.67603084
12-11-2014,31.86000061,32.02000046,31.29000092,31.29000092,4781100,31.98999977,-0.004063744,32.32599983,0.729999542,150065.9105,0.569999695,34.71750021,Wednesday,33.34584353
13-11-2014,32.86000061,32.97999954,31.75,31.98999977,7771100,31.86000061,0.031387319,32.31799965,1.229999542,236491.1703,0.870000839,34.65100031,Thursday,33.25750845
14-11-2014,33.52999878,33.63000107,32.75,32.91999817,6156600,32.86000061,0.020389475,32.49999962,0.880001068,183614.6801,0.61000061,34.59500017,Friday,33.30705215
17-11-2014,32.52999878,33.52000046,32.45000076,33.20999908,3759000,33.52999878,-0.029824039,32.55399971,1.069999695,115554.8768,-0.680000305,34.48900003,Monday,33.16576972
18-11-2014,33.36000061,33.56999969,32.41999817,32.79000092,4770600,32.52999878,0.025514967,32.82799988,1.150001526,143003.5945,0.569999695,34.34499998,Tuesday,33.20108442
19-11-2014,32.97000122,33.45999908,32.75999832,33.16999817,4012600,33.36000061,-0.011690629,33.05,0.700000763,121704.5754,-0.199996948,34.24900007,Wednesday,33.1590693
20-11-2014,33.91999817,33.95000076,32.65000153,32.75999832,4060800,32.97000122,0.02881398,33.26199951,1.299999237,119716.9876,1.159999847,34.14649992,Thursday,33.29742
21-11-2014,33.75,34.22000122,33.45000076,34.22000122,3043000,33.91999817,-0.005011739,33.30599976,0.770000458,90162.96296,-0.470001221,34.00349989,Friday,33.37970727
24-11-2014,34.59000015,34.61000061,33.81000137,34.02000046,2791500,33.75,0.024888893,33.71800003,0.799999237,80702.51482,0.569999695,33.90699987,Monday,33.59976052
25-11-2014,34.81000137,35.34999847,34.61999893,34.83000183,3009800,34.59000015,0.006360255,34.00800018,0.729999542,86463.65646,-0.020000458,33.78549986,Tuesday,33.81980431
26-11-2014,34.72999954,34.95999908,34.45000076,34.81000137,1875900,34.81000137,-0.002298243,34.35999985,0.509998322,54013.82162,-0.080001831,33.67099981,Wednesday,33.98529436
28-11-2014,34.90000153,35.09000015,34.47000122,35.06000137,1077700,34.72999954,0.004894961,34.55600052,0.619998932,30879.65481,-0.159999847,33.61899996,Friday,34.15160475
01-12-2014,34.68999863,35.04000092,34.38999939,34.63000107,2111100,34.90000153,-0.006017275,34.74400024,0.650001526,60856.15692,0.059997559,33.58599997,Monday,34.24949455
02-12-2014,34.91999817,35.20000076,34.65000153,34.79999924,1558200,34.68999863,0.00663014,34.80999985,0.549999237,44621.99547,0.119998932,33.54849997,Tuesday,34.3714043
03-12-2014,35.31000137,35.68999863,34.83000183,34.93000031,2695000,34.91999817,0.011168477,34.90999985,0.859996796,76323.98457,0.380001068,33.64849997,Wednesday,34.54205831
04-12-2014,34.43000031,35.31000137,34.31000137,35.24000168,2661700,35.31000137,-0.024922148,34.85,1,77307.57991,-0.810001373,33.64649992,Thursday,34.52168413
05-12-2014,33.97000122,34.59999847,33.15999985,34.43000031,7058400,34.43000031,-0.013360415,34.66399994,1.439998627,207783.3308,-0.459999084,33.6999999,Friday,34.42137814
08-12-2014,33.66999817,34.13999939,33.38000107,33.83000183,4332200,33.97000122,-0.008831411,34.45999985,0.759998322,128666.4757,-0.160003662,33.75249987,Monday,34.2847636
09-12-2014,34.63999939,34.68999863,33.13999939,33.54000092,3731700,33.66999817,0.028809067,34.40400009,1.549999237,107728.0619,1.099998474,33.87149992,Tuesday,34.34935193
10-12-2014,33.90000153,34.59000015,33.86999893,34.43000031,2984400,34.63999939,-0.021362525,34.12200012,0.720001221,88035.39427,-0.529998779,33.96700001,Wednesday,34.26765185
11-12-2014,34.04999924,34.66999817,33.99000168,34.11000061,2727300,33.90000153,0.004424711,34.04599991,0.67999649,80096.91809,-0.060001373,34.07649994,Thursday,34.22807865
12-12-2014,33.38000107,34.29999924,33.06000137,33.31999969,4975700,34.04999924,-0.019676892,33.92799988,1.239997864,149062.308,0.060001373,34.10249996,Friday,34.07388273
15-12-2014,32.86999893,34,32.68999863,33.77000046,2449500,33.38000107,-0.015278673,33.76800003,1.310001373,74520.84209,-0.900001526,34.06949997,Monday,33.85499476
16-12-2014,33.18999863,33.70000076,32.47999954,32.90999985,2808200,32.86999893,0.009735312,33.47799988,1.220001221,84609.82574,0.279998779,34.10249996,Tuesday,33.73408638
17-12-2014,34.22000122,34.34000015,33.22000122,33.29999924,1931600,33.18999863,0.031033523,33.54199982,1.119998932,56446.52049,0.920001984,34.14549999,Wednesday,33.82243453
18-12-2014,35.40999985,35.45000076,34.47000122,34.68000031,3520900,34.22000122,0.034774944,33.81399994,0.979999542,99432.36417,0.729999542,34.26749992,Thursday,34.11108277
19-12-2014,35.43000031,35.77999878,34.84999847,35.75999832,5941500,35.40999985,0.000564825,34.22399979,0.930000305,167696.8656,-0.329998016,34.34300003,Friday,34.35088596
22-12-2014,34.59999847,35.61000061,34.34999847,35.56000137,3585900,35.43000031,-0.023426526,34.56999969,1.260002136,103638.7329,-0.960002899,34.38549995,Monday,34.39617914
23-12-2014,35.08000183,35.5,34.65000153,34.72000122,2390000,34.59999847,0.01387293,34.94800034,0.849998474,68129.98504,0.36000061,34.41000004,Tuesday,34.52051054
24-12-2014,34.88999939,35.18000031,34.79000092,34.97999954,715800,35.08000183,-0.005416261,35.08199997,0.38999939,20515.9075,-0.090000153,34.41399994,Wednesday,34.58769033
26-12-2014,34.86999893,35.13000107,34.61000061,35.04000092,1377000,34.88999939,-0.000573243,34.97399979,0.520000458,39489.53376,-0.170001984,34.42099991,Friday,34.63901917
29-12-2014,35.45999908,35.74000168,34.70000076,34.75,1402100,34.86999893,0.016919993,34.97999954,1.040000916,39540.32815,0.709999084,34.44899979,Monday,34.78828824
30-12-2014,35.22000122,35.41999817,34.63999939,35.41999817,1779700,35.45999908,-0.006768129,35.10400009,0.779998779,50530.94657,-0.199996948,34.47549992,Tuesday,34.86678151
31-12-2014,34.45000076,35.52999878,34.38999939,35.34999847,2689300,35.22000122,-0.02186259,34.97799988,1.13999939,78063.85894,-0.899997711,34.45200005,Wednesday,34.79100319
02-01-2015,34.47999954,34.63999939,34.11999893,34.63000107,1979600,34.45000076,0.000870792,34.89599991,0.520000458,57412.9938,-0.150001526,34.41049995,Friday,34.73445708
05-01-2015,33.06000137,34.40999985,32.93999863,34.34999847,1941300,34.47999954,-0.041183242,34.5340004,1.470001221,58720.50573,-1.289997101,34.34200001,Monday,34.43001058
06-01-2015,31.97999954,33.13000107,31.93000031,33.08000183,3869800,33.06000137,-0.032667931,33.83800049,1.200000763,121006.881,-1.100002289,34.24249992,Tuesday,33.98455403
07-01-2015,32.20999908,32.27000046,31.46999931,32.27000046,4011700,31.97999954,0.007191981,33.23600006,0.800001144,124548.2805,-0.060001373,34.16949997,Wednesday,33.66190768
08-01-2015,32.47000122,32.75,31.94000053,32.63999939,4331300,32.20999908,0.008072094,32.84000015,0.809999466,133393.897,-0.169998169,34.06100006,Thursday,33.44519741
09-01-2015,32.02999878,32.54000092,31.95999908,32.38000107,3103800,32.47000122,-0.013551045,32.35,0.580001831,96902.90722,-0.350002289,33.96749992,Friday,33.18788857
12-01-2015,31.63999939,32.29000092,31.57999992,32.20000076,3348600,32.02999878,-0.012176066,32.0659996,0.710000992,105834.3889,-0.560001373,33.84699993,Monday,32.90645417
13-01-2015,31.20999908,32.22000122,31.02000046,31.87999916,4465600,31.63999939,-0.013590402,31.91199951,1.200000763,143082.3496,-0.670000076,33.73849983,Tuesday,32.59800779
14-01-2015,30,30.76000023,29.57999992,30.56999969,6142500,31.20999908,-0.038769597,31.46999969,1.180000305,204750,-0.569999695,33.59499989,Wednesday,32.12564274
15-01-2015,29.46999931,30.14999962,29.43000031,30.14999962,5077300,30,-0.01766669,30.86999931,0.719999313,172287.0756,-0.680000305,33.40899992,Thursday,31.64279848
16-01-2015,29.42000008,29.71999931,28.94000053,29.25,9682000,29.46999931,-0.001696615,30.34799957,0.779998779,329095.8523,0.170000076,33.16899986,Friday,31.23865332
20-01-2015,29.25,29.61000061,28.75,29.61000061,6504600,29.42000008,-0.005778385,29.86999969,0.86000061,222379.4872,-0.36000061,32.86099987,Tuesday,30.87707999
21-01-2015,29.45999908,29.82999992,29.04999924,29.12000084,5661100,29.25,0.007179456,29.51999969,0.780000687,192162.2599,0.339998245,32.56249981,Wednesday,30.61942891
22-01-2015,30.05999947,30.20000076,29.48999977,29.62000084,4567300,29.45999908,0.020366612,29.53199959,0.710000992,151939.4571,0.439998627,32.33549986,Thursday,30.51771447
23-01-2015,29.84000015,30.14999962,29.25,29.25,3027800,30.05999947,-0.007318673,29.60599976,0.899999619,101467.8279,0.590000153,32.07349977,Friday,30.39449368
26-01-2015,30.05999947,30.36000061,29.87999916,29.97999954,2152200,29.84000015,0.007372631,29.73399963,0.48000145,71596.80766,0.079999924,31.83199978,Monday,30.33367655
27-01-2015,30.04999924,30.20000076,29.54999924,29.59000015,2156500,30.05999947,-0.000332676,29.89399948,0.650001526,71763.72894,0.459999084,31.59099979,Tuesday,30.28209886
28-01-2015,29.78000069,30.29000092,29.63999939,30.21999931,4595600,30.04999924,-0.008984977,29.9579998,0.650001526,154318.3309,-0.439998627,31.30699987,Wednesday,30.19080828
29-01-2015,29.73999977,29.89999962,29.29999924,29.89999962,4583900,29.78000069,-0.001343214,29.89399986,0.600000381,154132.4827,-0.159999847,31.0329998,Thursday,30.1088431
30-01-2015,28.98999977,29.85000038,28.94000053,29.55999947,5457000,29.73999977,-0.025218561,29.72399979,0.909999847,188237.3247,-0.569999695,30.75999975,Friday,29.90541704
02-02-2015,29.28000069,29.28000069,28.71999931,29.15999985,3332500,28.98999977,0.010003481,29.56800003,0.560001373,113814.888,0.120000839,30.49999981,Monday,29.79170497
03-02-2015,29.56999969,30.19000053,29.31999969,29.51000023,6038300,29.28000069,0.009904337,29.47200012,0.870000839,204203.5868,0.059999466,30.32549973,Tuesday,29.75139492
04-02-2015,30.10000038,30.44000053,29.60000038,29.61000061,4554200,29.56999969,0.017923595,29.53600006,0.840000153,151302.3237,0.489999771,30.23149977,Wednesday,29.81477773
05-02-2015,29.19000053,30.28000069,29.04000092,30.10000038,5389800,30.10000038,-0.030232553,29.42600021,1.239999771,184645.4231,-0.909999847,30.08049984,Thursday,29.70118188
06-02-2015,29.90999985,30.43000031,29.14999962,29.14999962,2719100,29.19000053,0.024665958,29.61000023,1.280000687,90909.39532,0.760000229,29.95249977,Friday,29.73914878
09-02-2015,30.04999924,30.21999931,29.47999954,29.47999954,2457000,29.90999985,0.004680688,29.76399994,0.739999771,81763.7292,0.569999695,29.85349979,Monday,29.79566705
10-02-2015,30.84000015,30.87999916,29.87000084,30.22999954,2686300,30.04999924,0.026289549,30.01800003,1.009998322,87104.40943,0.61000061,29.81349983,Tuesday,29.98554579
11-02-2015,30.60000038,31,30.19000053,30.90999985,2592600,30.84000015,-0.007782094,30.11800003,0.809999466,84725.48914,-0.309999466,29.7829999,Wednesday,30.09726481
12-02-2015,30.35000038,30.95000076,30.06999969,30.67000008,3758000,30.60000038,-0.008169935,30.35,0.880001068,123822.0742,-0.319999695,29.80049992,Thursday,30.14321673
13-02-2015,31.45000076,31.54000092,30.25,30.25,4509500,30.35000038,0.036243834,30.65800018,1.290000916,143386.324,1.200000763,29.89949999,Friday,30.38081383
17-02-2015,30.79999924,31.73999977,30.78000069,31.5,3753400,31.45000076,-0.020667775,30.80800018,0.959999084,121863.6394,-0.700000763,29.96849995,Tuesday,30.45702936
18-02-2015,30.89999962,31.12000084,30.61000061,30.85000038,4991800,30.79999924,0.003246766,30.82000008,0.510000229,161546.9276,0.049999237,30.05099993,Wednesday,30.5375694
19-02-2015,31.10000038,32.36999893,29.70000076,30.64999962,9924000,30.89999962,0.006472517,30.92000008,2.669998169,319099.6745,0.450000763,30.13299999,Thursday,30.63982958
20-02-2015,30.93000031,31.17000008,29.45000076,31,23015900,31.10000038,-0.00546624,31.03600006,1.719999313,744128.6703,-0.069999695,30.17650003,Friday,30.6925879
23-02-2015,32.34000015,33.81999969,31.89999962,32,17369400,30.93000031,0.045586804,31.21399994,1.920000076,537087.196,0.340000153,30.30150003,Monday,30.9921174
24-02-2015,33,33.16999817,32.34000015,32.90000153,7012900,32.34000015,0.020408158,31.65400009,0.829998016,212512.1212,0.099998474,30.44850006,Tuesday,31.35718696
25-02-2015,32.93999863,33.77000046,32.77999878,33.06000137,6331200,33,-0.001818223,32.06199989,0.990001678,192204.0153,-0.120002747,30.59300003,Wednesday,31.6449709
26-02-2015,32.45000076,33.13999939,32.13000107,32.95000076,3315400,32.93999863,-0.014875467,32.33199997,1.009998322,102169.4891,-0.5,30.72650003,Thursday,31.79133997
27-02-2015,32.29999924,32.72999954,32.20999908,32.52999878,4123600,32.45000076,-0.004622543,32.60599976,0.520000458,127665.6377,-0.229999542,30.85450001,Friday,31.88382347
02-03-2015,32.65000153,32.81000137,32.09999847,32.38000107,3451300,32.29999924,0.010835984,32.66800003,0.710002899,105705.9675,0.270000458,31.0375001,Monday,32.02312857
03-03-2015,33.99000168,34.04999924,32.45999908,32.56000137,5857700,32.65000153,0.04104135,32.86600037,1.590000153,172335.9727,1.430000305,31.27300014,Tuesday,32.38074186
04-03-2015,33.79999924,33.95000076,33.31999969,33.91999817,4156400,33.99000168,-0.005589951,33.03800049,0.630001068,122970.417,-0.119998932,31.48450012,Wednesday,32.63878866
05-03-2015,33.56000137,33.93000031,33.36000061,33.81999969,2602000,33.79999924,-0.007100529,33.26000061,0.569999695,77532.77394,-0.259998322,31.65750017,Thursday,32.80628188
06-03-2015,33.08000183,33.52999878,32.79000092,33.38999939,5398000,33.56000137,-0.014302727,33.41600113,0.739997864,163180.1603,-0.309997559,31.85200024,Friday,32.85604914
09-03-2015,32.81000137,33.27000046,32.65000153,33.08000183,2998100,33.08000183,-0.008162045,33.4480011,0.619998932,91377.62495,-0.270000458,31.99700031,Monday,32.84767682
10-03-2015,32.36999893,32.84999847,32.18999863,32.79999924,3284500,32.81000137,-0.013410619,33.12400055,0.659999847,101467.4114,-0.430000305,32.1130003,Tuesday,32.7608263
11-03-2015,32.40000153,32.63000107,32.16999817,32.34000015,3057100,32.36999893,0.000926864,32.84400101,0.460002899,94354.93383,0.060001373,32.19100037,Wednesday,32.69522179
12-03-2015,32.38999939,32.72000122,31.73999977,32.49000168,3979400,32.40000153,-0.000308708,32.61000061,0.98000145,122858.9094,-0.100002289,32.28050032,Thursday,32.63972681
13-03-2015,32.02999878,32.45000076,31.60000038,32.25,4304700,32.38999939,-0.011114561,32.4,0.850000381,134395.884,-0.220001221,32.36450024,Friday,32.52886717
16-03-2015,32.59999847,32.63999939,31.70000076,32.18999863,2332000,32.02999878,0.017795808,32.35799942,0.939998627,71533.74568,0.409999847,32.42200012,Monday,32.54180013
17-03-2015,32.11000061,32.49000168,31.79999924,32.34999847,3820600,32.59999847,-0.01503061,32.30599976,0.690002441,118984.7377,-0.239997864,32.48750019,Tuesday,32.46329113
18-03-2015,31.64999962,32.02999878,31.07999992,31.95000076,5980900,32.11000061,-0.014325786,32.15599937,0.949998856,188969.9865,-0.300001144,32.52500019,Wednesday,32.31541995
19-03-2015,31.81999969,31.84000015,31.19000053,31.52000046,4706800,31.64999962,0.005371251,32.04199944,0.649999619,147919.5489,0.299999237,32.56100016,Thursday,32.22534354
20-03-2015,32.45000076,32.45999908,31.65999985,32.00999832,3855900,31.81999969,0.019798902,32.12599983,0.799999237,118825.8832,0.440002441,32.63700018,Friday,32.2661903
23-03-2015,32.54999924,32.79999924,32.38000107,32.45000076,2269500,32.45000076,0.003081617,32.11599998,0.419998169,69723.50394,0.099998474,32.64750013,Monday,32.31779193
24-03-2015,32.50999832,32.70999908,32.22000122,32.38000107,2319500,32.54999924,-0.001228907,32.19599953,0.489997864,71347.28144,0.129997253,32.62300005,Tuesday,32.35273855
25-03-2015,31.54999924,32.54999924,31.14999962,32.52000046,5454800,32.50999832,-0.029529349,32.17599945,1.399999619,172893.8235,-0.970001221,32.55350008,Wednesday,32.20678594
26-03-2015,30.93000031,31.47999954,30.60000038,31.35000038,5427200,31.54999924,-0.019651314,31.99799957,0.879999161,175467.1822,-0.420000076,32.47750006,Thursday,31.9746431
27-03-2015,31.27000046,31.67000008,30.63999939,30.82999992,3424700,30.93000031,0.010992569,31.76199951,1.030000687,109520.3054,0.440000534,32.42600012,Friday,31.84652626
30-03-2015,31.09000015,31.63999939,31.01000023,31.31999969,2484000,31.27000046,-0.005756326,31.46999969,0.629999161,79897.07262,-0.229999542,32.34800005,Monday,31.70897606
31-03-2015,30.76000023,31.20999908,30.67000008,31.05999947,3193500,31.09000015,-0.010614343,31.12000008,0.539999008,103819.8952,-0.299999237,32.18649998,Tuesday,31.536435
01-04-2015,30.90999985,31.12999916,30.51000023,30.82999992,3272100,30.76000023,0.004876451,30.9920002,0.619998932,105858.9458,0.079999924,32.04200001,Wednesday,31.4225377
02-04-2015,32.15000153,32.18999863,30.70999908,31.17000008,4459400,30.90999985,0.040116522,31.23600044,1.479999542,138706.0587,0.98000145,31.97150002,Thursday,31.55480385
06-04-2015,32.70999908,32.95999908,31.68000031,31.88999939,5449400,32.15000153,0.017418275,31.52400017,1.279998779,166597.3755,0.819999695,31.95299988,Monday,31.76483934
07-04-2015,32.91999817,33.20999908,32.38999939,32.63999939,4395700,32.70999908,0.006420027,31.88999977,0.819999695,133526.7389,0.279998779,31.95849972,Tuesday,31.97486822
08-04-2015,32.84000015,33.25,32.72000122,32.91999817,3646500,32.91999817,-0.002430074,32.30599976,0.529998779,111038.3673,-0.079998016,31.98199978,Wednesday,32.13216494
09-04-2015,33.20999908,33.25,32.72000122,32.88000107,2352200,32.84000015,0.011266715,32.7659996,0.529998779,70828.06579,0.329998016,32.02249966,Thursday,32.32813478
10-04-2015,33.04000092,33.31000137,32.90999985,33.29999924,2255900,33.20999908,-0.005118885,32.94399948,0.400001526,68277.84314,-0.259998322,32.05499973,Friday,32.45756499
13-04-2015,33.02999878,33.5,32.79999924,33.09999847,2797100,33.04000092,-0.000302728,33.00799942,0.700000763,84683.62408,-0.069999695,32.10499973,Monday,32.56164386
14-04-2015,32.93999863,33.20999908,32.43999863,32.86999893,5981300,33.02999878,-0.0027248,33.01199951,0.770000458,181581.6712,0.069999695,32.12199974,Tuesday,32.63043563
15-04-2015,33.38000107,33.68000031,32.86999893,33,2540600,32.93999863,0.013357695,33.11999969,0.810001373,76111.44154,0.380001068,32.18549976,Wednesday,32.76672026
16-04-2015,33.18000031,33.5,32.97000122,33.25,2475400,33.38000107,-0.005991634,33.11399994,0.529998779,74605.18316,-0.069999695,32.2619998,Thursday,32.84186209
17-04-2015,32.79999924,33.08000183,32.18000031,32.88999939,4823200,33.18000031,-0.011452714,33.0659996,0.900001526,147048.7839,-0.090000153,32.31099977,Friday,32.83425066
20-04-2015,33.95999908,34.31000137,33,33.06000137,6742400,32.79999924,0.03536585,33.25199966,1.310001373,198539.4635,0.899997711,32.38649969,Monday,33.03893219
21-04-2015,33.47999954,34.04999924,33.36999893,33.95999908,2671000,33.95999908,-0.014134263,33.35999985,0.680000305,79778.97361,-0.479999542,32.43299971,Tuesday,33.11912625
22-04-2015,33.52999878,33.70999908,33.13000107,33.49000168,2310700,33.47999954,0.001493406,33.38999939,0.579998016,68914.40752,0.039997101,32.48399973,Wednesday,33.19383035
23-04-2015,33.63999939,34.08000183,33.22000122,33.38000107,3190200,33.52999878,0.003280663,33.48199921,0.86000061,94833.53323,0.259998322,32.58849974,Thursday,33.27495199
24-04-2015,32.70999908,33.59999847,32.70000076,33.56999969,3250100,33.63999939,-0.02764567,33.46399918,0.899997711,99361.05445,-0.86000061,32.67749968,Friday,33.17223328
27-04-2015,32.24000168,33.02999878,32.15000153,32.81000137,2328200,32.70999908,-0.014368616,33.11999969,0.879997253,72214.63644,-0.569999695,32.72599974,Monday,33.00273663
28-04-2015,31.70000076,32.09000015,31.25,31.92000008,10121300,32.24000168,-0.016749407,32.76399994,0.840000153,319283.904,-0.219999313,32.75649977,Tuesday,32.76587556
29-04-2015,32.18999863,32.34999847,31.53000069,31.61000061,4865300,31.70000076,0.015457345,32.49599991,0.819997787,151143.2186,0.579998016,32.82799969,Wednesday,32.66117066
30-04-2015,32.36000061,32.49000168,31.97999954,32.04000092,4940800,32.18999863,0.005281205,32.24000015,0.510002136,152682.321,0.319999695,32.90049973,Thursday,32.60641247
01-05-2015,32.74000168,32.90000153,32.34000015,32.58000183,3337900,32.36000061,0.011742925,32.24600067,0.560001373,101951.7358,0.159999847,32.92999973,Friday,32.63070142
04-05-2015,33.36999893,33.40999985,32.68999863,32.88999939,4129100,32.74000168,0.019242432,32.47200012,0.720001221,123736.8934,0.479999542,32.96299973,Monday,32.76511915
05-05-2015,32.59000015,33.93000031,32.56999969,33.56999969,8660000,33.36999893,-0.023374252,32.65,1.36000061,265725.6815,-0.979999542,32.94649982,Tuesday,32.73327933
06-05-2015,32,32.75999832,31.63999939,32.59999847,7036700,32.59000015,-0.018103717,32.61200027,1.119998932,219896.875,-0.599998474,32.90449982,Wednesday,32.59995582
07-05-2015,31.51000023,32.06000137,31.20999908,32.06000137,4257900,32,-0.015312493,32.4420002,0.850002289,135128.5296,-0.550001144,32.81949987,Thursday,32.40178207
08-05-2015,31.32999992,31.86000061,31.28000069,31.86000061,3312100,31.51000023,-0.005712482,32.15999985,0.579999924,105716.5658,-0.530000687,32.73399982,Friday,32.20691259
11-05-2015,30.78000069,31.63999939,30.72999954,31.35000038,2770000,31.32999992,-0.017555035,31.6420002,0.909999847,89993.50027,-0.569999695,32.62149992,Monday,31.94747406
12-05-2015,32.02000046,32.61999893,30.54999924,30.88999939,15921400,30.78000069,0.040285892,31.52800026,2.069999695,497232.9723,1.130001068,32.57550001,Tuesday,31.96066068
13-05-2015,31.44000053,32.13999939,31.20999908,32,5184600,32.02000046,-0.018113676,31.41600037,0.930000305,164904.5774,-0.559999466,32.47849998,Wednesday,31.8659952
14-05-2015,31.39999962,31.79999924,31.21999931,31.51000023,3184900,31.44000053,-0.001272294,31.39400024,0.579999924,101429.9375,-0.11000061,32.38949995,Thursday,31.78126873
15-05-2015,31.76000023,31.76000023,31.23999977,31.36000061,2872600,31.39999962,0.011464988,31.48000031,0.520000458,90447.10262,0.399999619,32.3375,Friday,31.77740173
18-05-2015,32.97999954,33.08000183,31.52000046,31.56999969,5038300,31.76000023,0.038413076,31.92000008,1.560001373,152768.3466,1.409999847,32.28850002,Monday,31.99605588
19-05-2015,33.33000183,33.58000183,32.59000015,32.77999878,4240400,32.97999954,0.010612562,32.18200035,0.990001678,127224.7155,0.550003052,32.28100014,Tuesday,32.23859151
20-05-2015,33.56999969,33.77000046,33.33000183,33.50999832,2993200,33.33000183,0.007200656,32.60800018,0.439998627,89162.94391,0.060001373,32.28300018,Wednesday,32.48066572
21-05-2015,33.29999924,33.72000122,33.20000076,33.49000168,3036800,33.56999969,-0.008042909,32.98800011,0.520000458,91195.19728,-0.190002441,32.26600018,Thursday,32.62963545
22-05-2015,33.15000153,33.43999863,32.88000107,33.29999924,2055600,33.29999924,-0.004504436,33.26600037,0.559997559,62009.04692,-0.149997711,32.2880003,Friday,32.72424747
26-05-2015,32.84999847,33.20000076,32.66999817,33.09999847,1991200,33.15000153,-0.009049865,33.24000015,0.530002594,60614.9191,-0.25,32.31850014,Tuesday,32.74711129
27-05-2015,33.09999847,33.25,32.75,32.90000153,1909400,32.84999847,0.00761035,33.19399948,0.5,57685.80326,0.199996948,32.38850002,Wednesday,32.81127259
28-05-2015,33.04999924,33.24000168,32.97000122,33.09000015,1667600,33.09999847,-0.001510551,33.08999939,0.270000458,50456.88467,-0.040000916,32.43150005,Thursday,32.85467744
29-05-2015,33.93999863,34.08000183,33.02999878,33.09999847,5511200,33.04999924,0.026928878,33.21799927,1.050003052,162380.6783,0.840000153,32.51049995,Friday,33.05200856
01-06-2015,33.93000031,34.27999878,33.79999924,34.06999969,2863800,33.93999863,-0.000294588,33.37399902,0.479999542,84403.18226,-0.13999939,32.56999989,Monday,33.21164342
02-06-2015,33.95000076,34.22999954,33.61000061,33.91999817,2067100,33.93000031,0.000589462,33.59399948,0.619998932,60886.59657,0.030002594,32.59899998,Tuesday,33.34589021
03-06-2015,33.97000122,34.15000153,33.58000183,33.88000107,2198800,33.95000076,0.000589115,33.76800003,0.569999695,64727.69859,0.090000153,32.66800003,Wednesday,33.45936494
04-06-2015,33.86000061,34.06000137,33.50999832,33.65000153,2600300,33.97000122,-0.003238169,33.93000031,0.550003052,76795.62768,0.209999084,32.76100006,Thursday,33.53220779
05-06-2015,34.45000076,34.79000092,33.54000092,33.77000046,3724500,33.86000061,0.017424694,34.03200073,1.25,108113.2052,0.680000305,32.90800009,Friday,33.69907924
08-06-2015,33.77999878,34.5,33.59999847,34.40000153,3220400,34.45000076,-0.019448533,34.00200043,0.900001526,95334.52091,-0.620002747,33.03050003,Monday,33.71379188
09-06-2015,33.43999863,33.93000031,33.15000153,33.93000031,2025600,33.77999878,-0.010065132,33.9,0.779998779,60574.16517,-0.490001678,33.16349993,Tuesday,33.66401129
10-06-2015,33.22999954,33.65000153,33.08000183,33.56999969,1797200,33.43999863,-0.006279877,33.75199966,0.569999695,54083.66009,-0.340000153,33.22399988,Wednesday,33.58510006
11-06-2015,32.95999908,33.47999954,32.61000061,33.38000107,2196800,33.22999954,-0.008125202,33.57199936,0.869998932,66650.48729,-0.420001984,33.29999981,Thursday,33.47144534
12-06-2015,32.50999832,33,32.40000153,32.95000076,2793500,32.95999908,-0.013652936,33.18399887,0.599998474,85927.41139,-0.440002441,33.35549974,Friday,33.29663679
15-06-2015,32.72999954,32.91999817,32.08000183,32.40999985,2528700,32.50999832,0.006767186,32.97399902,0.839996338,77259.39613,0.319999695,33.40399971,Monday,33.19361184
16-06-2015,32.88999939,33.00999832,32.47999954,32.75999832,1694300,32.72999954,0.004888477,32.86399918,0.529998779,51514.13899,0.130001068,33.3994997,Tuesday,33.13840957
17-06-2015,33.34000015,33.45000076,32.84000015,32.84999847,2289700,32.88999939,0.013681994,32.8859993,0.61000061,68677.26423,0.490001678,33.39999962,Wednesday,33.17506241
18-06-2015,33.90000153,34.09999847,33.34999847,33.47000122,2098700,33.34000015,0.016796682,33.07399979,0.75,61908.55179,0.430000305,33.41649971,Thursday,33.30686952
19-06-2015,33.90999985,34.06999969,33.54999924,33.88000107,2286000,33.90000153,0.000294936,33.35400009,0.520000458,67413.74256,0.029998779,33.44699974,Friday,33.41652958
22-06-2015,33.93999863,34.36999893,33.22000122,33.36000061,1942200,33.90999985,0.000884659,33.59599991,1.149997711,57224.51616,0.579998016,33.4864996,Monday,33.51170577
23-06-2015,34.04000092,34.09999847,33.56999969,34.02999878,2584700,33.93999863,0.002946444,33.82600021,0.529998779,75931.2553,0.010002136,33.54599972,Tuesday,33.60775943
24-06-2015,33.75,34.11999893,33.65000153,34.09999847,1802900,34.04000092,-0.008519416,33.90800018,0.469997406,53419.25926,-0.349998474,33.57849979,Wednesday,33.63362135
25-06-2015,33.59999847,33.91999817,33.5,33.91999817,2324300,33.75,-0.00444449,33.84799957,0.419998169,69175.59838,-0.319999695,33.60599976,Thursday,33.6275081
26-06-2015,33.84000015,34.16999817,33.45999908,33.70999908,6361200,33.59999847,0.007142907,33.83399963,0.709999084,187978.7226,0.130001068,33.60099983,Friday,33.66614302
29-06-2015,33.22000122,34.49000168,33.13000107,34.25,3132100,33.84000015,-0.018321481,33.69000015,1.36000061,94283.56065,-1.029998779,33.56549988,Monday,33.58502633
30-06-2015,33.25999832,33.66999817,33.09000015,33.54000092,3228000,33.22000122,0.001204007,33.53399963,0.579998016,97053.52264,-0.280002594,33.53099976,Tuesday,33.52593033
01-07-2015,33.29000092,33.56999969,32.99000168,33.43999863,3907300,33.25999832,0.000902062,33.44199982,0.579998016,117371.5798,-0.149997711,33.49699974,Wednesday,33.48303407
02-07-2015,33.18000031,33.93000031,32.91999817,33.45000076,3534400,33.29000092,-0.003304314,33.35800018,1.010002136,106522.0002,-0.270000458,33.46299973,Thursday,33.42793702
06-07-2015,33.09000015,33.54000092,32.86000061,32.99000168,2402600,33.18000031,-0.002712482,33.20800018,0.680000305,72608.03835,0.099998474,33.39499969,Monday,33.36649396
07-07-2015,33.79999924,33.88999939,32.45000076,33.18000031,3662000,33.09000015,0.021456606,33.32399979,1.439998627,108343.1977,0.619998932,33.39599972,Tuesday,33.4453131
08-07-2015,32.77999878,34.25999832,32.70999908,33.72999954,2876500,33.79999924,-0.030177529,33.22799988,1.549999237,87751.68112,-0.950000763,33.36299973,Wednesday,33.32434686
09-07-2015,32.52999878,33.22999954,32.5,32.97000122,2692500,32.77999878,-0.007626602,33.07599945,0.729999542,82769.75411,-0.440002441,33.32799969,Thursday,33.17991993
10-07-2015,33.38000107,33.54000092,32.77000046,32.93999863,2098100,32.52999878,0.026129798,33.1159996,0.770000458,62855.00098,0.440002441,33.34899979,Friday,33.21629832
13-07-2015,33.52999878,34,33.47000122,33.59000015,2684600,33.38000107,0.00449364,33.20399933,0.529998779,80065.6158,-0.060001373,33.39999981,Monday,33.27333477
14-07-2015,34.00999832,34.16999817,33.58000183,33.72999954,2230100,33.52999878,0.014315525,33.24599915,0.589996338,65571.89386,0.279998779,33.46399975,Tuesday,33.4072736
15-07-2015,33.91999817,34.34999847,33.84000015,34.11999893,1749100,34.00999832,-0.002646285,33.47399902,0.509998322,51565.4509,-0.200000763,33.51549969,Wednesday,33.50049625
16-07-2015,34.79999924,34.93999863,34,34.20000076,2146400,33.91999817,0.025943429,33.92799911,0.939998627,61678.16227,0.599998474,33.58849964,Thursday,33.73676952
17-07-2015,33.31000137,34.70000076,33.16999817,34.18000031,3336800,34.79999924,-0.042816032,33.91399918,1.530002594,100174.1178,-0.869998932,33.55899963,Friday,33.65917531
20-07-2015,32.63999939,32.88000107,31.86000061,32.88000107,4054200,33.31000137,-0.020114139,33.7359993,1.020000458,124209.5611,-0.240001678,33.49549961,Monday,33.4738706
21-07-2015,31.81999969,32.38999939,31.79999924,32.31999969,3491100,32.63999939,-0.02512254,33.29799957,0.590000153,109714.0174,-0.5,33.38949966,Tuesday,33.1731668
22-07-2015,32.43000031,32.45000076,31.61000061,31.77000046,3078200,31.81999969,0.019170352,33,0.840000153,94918.28464,0.659999847,33.30899963,Wednesday,33.03804562
23-07-2015,32.15000153,32.58000183,31.89999962,32.38999939,2489400,32.43000031,-0.008633943,32.47000046,0.680002213,77430.78948,-0.239997864,33.22899971,Thursday,32.87658305
24-07-2015,31.79999924,32.25,31.70000076,32.20999908,1569800,32.15000153,-0.01088654,32.16800003,0.549999237,49364.78106,-0.409999847,33.13899975,Friday,32.68084054
27-07-2015,31.54000092,32.63000107,31.10000038,31.61000061,3785700,31.79999924,-0.008176048,31.94800034,1.530000687,120028.5317,-0.069999695,33.02399979,Monday,32.47341516
28-07-2015,31.30999947,31.79000092,31,31.61000061,2967600,31.54000092,-0.007292373,31.84600029,0.790000916,94781.22167,-0.300001144,32.9284997,Tuesday,32.26188503
29-07-2015,31.61000061,31.79000092,30.89999962,31.29999924,3031300,31.30999947,0.00958164,31.68200035,0.890001297,95896.86623,0.310001373,32.84599981,Wednesday,32.14336059
30-07-2015,32.22999954,32.29999924,31.28000069,31.45000076,3387500,31.61000061,0.019614012,31.69799995,1.01999855,105103.9419,0.779998779,32.79299974,Thursday,32.15911313
31-07-2015,33.02000046,33.15999985,32.18000031,32.43999863,3675700,32.22999954,0.024511354,31.9420002,0.979999542,111317.3819,0.580001831,32.78499975,Friday,32.3156381
03-08-2015,32.70999908,33.29999924,31.5,33,3335800,33.02000046,-0.009388291,32.17599983,1.799999237,101981.0484,-0.290000916,32.7659997,Monday,32.38734009
04-08-2015,32.86000061,33.43000031,32.36000061,32.70999908,3820700,32.70999908,0.0045858,32.48600006,1.069999695,116272.0611,0.150001526,32.71899977,Tuesday,32.47327837
05-08-2015,28.87000084,32.61000061,28.46999931,32.40999985,12193900,32.86000061,-0.121424215,31.93800011,4.140001297,422372.693,-3.539999008,32.52349987,Wednesday,31.818137
06-08-2015,29.87999916,29.95999908,28.20000076,29.01000023,12320500,28.87000084,0.034984354,31.46800003,1.759998322,412332.6756,0.869998932,32.39099989,Thursday,31.4657483
07-08-2015,29.44000053,30.35000038,29,30.35000038,7099900,29.87999916,-0.014725523,30.75200005,1.350000381,241165.0771,-0.909999847,32.19399986,Friday,31.09743053
10-08-2015,29.54999924,29.92000008,29.31999969,29.82999992,4511300,29.44000053,0.003736369,30.12000008,0.600000381,152666.6706,-0.280000687,31.99499989,Monday,30.81607938
11-08-2015,28.73999977,29.43000031,28.68000031,29.42000008,3122000,29.54999924,-0.02741115,29.29599991,0.75,108629.0892,-0.680000305,31.73149996,Tuesday,30.43861036
12-08-2015,28.93000031,28.95999908,28.46999931,28.5,3247400,28.73999977,0.006611014,29.3079998,0.489999771,112250.2581,0.430000305,31.48200006,Wednesday,30.16431762
13-08-2015,28.47999954,28.87999916,28.38999939,28.87999916,5030700,28.93000031,-0.015554814,29.02799988,0.489999771,176639.75,-0.399999619,31.16600008,Thursday,29.85807797
14-08-2015,28.30999947,28.67000008,28.19000053,28.48999977,2433700,28.47999954,-0.005969104,28.80199966,0.479999542,85966.09134,-0.180000305,30.91599998,Friday,29.57660915
17-08-2015,29.31999969,29.39999962,28.17000008,28.18000031,2869200,28.30999947,0.035676448,28.75599976,1.229999542,97858.11834,1.13999939,30.75,Monday,29.52995289
18-08-2015,29.04999924,29.51000023,28.93000031,29.29999924,1680800,29.31999969,-0.009208747,28.81799965,0.579999924,57858.86555,-0.25,30.61149998,Tuesday,29.44268859
19-08-2015,28.78000069,29.19000053,28.51000023,29.04999924,2090500,29.04999924,-0.00929427,28.78799973,0.680000305,72637.24636,-0.26999855,30.429,Wednesday,29.32219988
20-08-2015,27.31999969,28.5,27.02000046,28.45999908,7497400,28.78000069,-0.050729707,28.55599976,1.479999542,274428.9928,-1.13999939,30.1874999,Thursday,28.95816348
21-08-2015,27.10000038,27.31999969,26.69000053,27.02000046,5561100,27.31999969,-0.008052684,28.31399994,0.629999161,205206.6392,0.079999924,29.95249996,Friday,28.62031565
24-08-2015,26.04999924,26.81999969,25.11000061,25.62000084,6539400,27.10000038,-0.038745429,27.65999985,1.709999084,251032.6369,0.429998398,29.67799988,Monday,28.15298539
25-08-2015,25.81999969,26.79000092,25.81999969,26.79000092,7841100,26.04999924,-0.008829157,27.01399994,0.970001221,303683.1949,-0.970001221,29.40349989,Tuesday,27.72880617
26-08-2015,26.52000046,26.59000015,25.89999962,26.35000038,3998900,25.81999969,0.027110797,26.56199989,0.690000534,150788.0819,0.170000076,29.14899988,Wednesday,27.50902331
27-08-2015,26.90999985,27.29000092,26.36000061,26.63999939,3195100,26.52000046,0.014705859,26.47999992,0.930000305,118732.8138,0.270000458,28.8829999,Thursday,27.40010996
28-08-2015,27.11000061,27.42000008,26.59000015,26.69000053,2473700,26.90999985,0.00743221,26.48199997,0.829999924,91246.77035,0.420000076,28.5874999,Friday,27.3473628
31-08-2015,26.60000038,26.95999908,26.38999939,26.90999985,2737500,27.11000061,-0.018812254,26.5920002,0.569999695,102913.5324,-0.309999466,28.28199997,Monday,27.21147873
01-09-2015,26.28000069,26.48999977,26,26.03000069,4474700,26.60000038,-0.012030064,26.6840004,0.489999771,170270.163,0.25,27.95299997,Tuesday,27.04211908
02-09-2015,26.75,26.75,26.02000046,26.69000053,3374300,26.28000069,0.017884296,26.73000031,0.729999542,126142.0561,0.059999466,27.84699993,Wednesday,26.98900652
03-09-2015,27.12000084,27.68000031,26.62000084,26.79000092,3087900,26.75,0.013831807,26.7720005,1.059999466,113860.6159,0.329999924,27.70900002,Thursday,27.01282367
04-09-2015,26.72999954,27.06999969,26.59000015,26.79999924,2076300,27.12000084,-0.014380578,26.69600029,0.479999542,77676.76901,-0.069999695,27.57349997,Friday,26.9614011
08-09-2015,27.21999931,27.88999939,27.11000061,27.62000084,3605000,26.72999954,0.018331455,26.82000008,0.779998779,132439.3861,-0.400001526,27.45699997,Tuesday,27.00841896
09-09-2015,26.81999969,27.68000031,26.75,27.42000008,2669200,27.21999931,-0.014695064,26.92799988,0.930000305,99522.74535,-0.600000381,27.36099997,Wednesday,26.97416091
10-09-2015,26.89999962,27.12999916,26.55999947,26.79000092,2936600,26.81999969,0.002982846,26.9579998,0.569999695,109167.2878,0.109998703,27.25949993,Thursday,26.96067704
11-09-2015,26.94000053,27.05999947,26.42000008,26.79999924,2367400,26.89999962,0.001487023,26.92199974,0.63999939,87876.76144,0.140001297,27.18249998,Friday,26.95691767
14-09-2015,26.56999969,26.88999939,26.19000053,26.79000092,3042900,26.94000053,-0.013734255,26.88999977,0.699998856,114523.9004,-0.220001221,27.09549999,Monday,26.88656895
15-09-2015,26.98999977,27.07999992,26.48999977,26.70999908,2071900,26.56999969,0.015807305,26.84399986,0.590000153,76765.46934,0.280000687,26.979,Tuesday,26.90537455
16-09-2015,27.88999939,28.12999916,27.12999916,27.12999916,2899400,26.98999977,0.03334567,27.0579998,1,103958.4103,0.760000229,26.921,Wednesday,27.08439725
17-09-2015,28.29000092,28.68000031,27.82999992,27.89999962,3011300,27.88999939,0.014342113,27.33600006,0.850000381,106443.9697,0.390001297,26.89650002,Thursday,27.30359792
18-09-2015,28.28000069,28.52000046,27.62000084,27.95000076,3690300,28.29000092,-0.00035349,27.60400009,0.899999619,130491.5103,0.329999924,26.94450006,Friday,27.48112569
21-09-2015,28.80999947,28.85000038,28.13999939,28.31999969,4520800,28.28000069,0.018741116,28.05200005,0.710000992,156917.7398,0.489999771,27.03000002,Monday,27.72273911
22-09-2015,27.80999947,28.44000053,27.45000076,28.42000008,4081300,28.80999947,-0.034710171,28.21599998,0.989999771,146756.5652,-0.61000061,27.11800003,Tuesday,27.73860463
23-09-2015,27.67000008,27.95000076,27.5,27.79999924,2514800,27.80999947,-0.005034139,28.17200012,0.450000763,90885.43524,-0.129999161,27.21050005,Wednesday,27.72613107
24-09-2015,27.64999962,27.95999908,27.01000023,27.5,2614500,27.67000008,-0.000722821,28.04399986,0.949998856,94556.96333,0.149999619,27.26700001,Thursday,27.71228899
25-09-2015,27.84000015,27.92000008,27.38999939,27.65999985,2580500,27.64999962,0.006871629,27.95599976,0.530000687,92690.37306,0.180000305,27.31350002,Friday,27.7355092
28-09-2015,27.78000069,28.30999947,27.64999962,27.85000038,3996300,27.84000015,-0.002155153,27.75,0.659999847,143855.288,-0.069999695,27.34700003,Monday,27.74359856
29-09-2015,26.39999962,28.22999954,25.56999969,28.10000038,14228200,27.78000069,-0.049676063,27.46800003,2.659999847,538946.9775,-1.700000763,27.33699999,Tuesday,27.49930785
30-09-2015,26.03000069,26.77000046,25.27000046,26.45000076,6528900,26.39999962,-0.014015111,27.14000015,1.5,250822.1217,-0.420000076,27.32449999,Wednesday,27.23216109
01-10-2015,25.36000061,26.17000008,25.27000046,26.14999962,4624700,26.03000069,-0.025739534,26.68200035,0.899999619,182361.983,-0.789999008,27.25500002,Thursday,26.89176827
02-10-2015,26.09000015,26.11000061,25.02000046,25.10000038,3651500,25.36000061,0.02878547,26.33200035,1.090000153,139957.8374,0.989999771,27.20349998,Friday,26.74599225
05-10-2015,26.87999916,27.10000038,26.22999954,26.35000038,3597100,26.09000015,0.030279762,26.15200005,0.870000839,133820.6887,0.529998779,27.21099997,Monday,26.77035714
06-10-2015,27.20999908,27.45999908,26.87000084,27.02000046,3095300,26.87999916,0.012276783,26.31399994,0.589998245,113755.9759,0.189998627,27.21049995,Tuesday,26.85029204
07-10-2015,28.01000023,28.5,27.37000084,27.37000084,3978900,27.20999908,0.029400999,26.70999985,1.129999161,142052.8371,0.63999939,27.26999998,Wednesday,27.06114808
08-10-2015,28.84000015,28.95000076,27.80999947,27.97999954,3901100,28.01000023,0.029632271,27.40599976,1.140001297,135266.9896,0.86000061,27.36700001,Thursday,27.38457573
09-10-2015,28.89999962,29.29000092,28.5,28.93000031,2284000,28.84000015,0.002080425,27.96799965,0.790000916,79031.14291,-0.030000687,27.46499996,Friday,27.66010734
12-10-2015,28.84000015,29,28.47999954,29,3143900,28.89999962,-0.002076106,28.35999985,0.520000458,109011.7886,-0.159999847,27.57849998,Monday,27.87463331
13-10-2015,28.82999992,29.10000038,28.5,28.71999931,2973400,28.84000015,-0.000346749,28.68400002,0.600000381,103135.6229,0.11000061,27.67049999,Tuesday,28.04833633
14-10-2015,28.35000038,28.87999916,27.85000038,28.42000008,1764800,28.82999992,-0.016649308,28.75200005,1.029998779,62250.44008,-0.069999695,27.69350004,Wednesday,28.10318434
15-10-2015,28.86000061,28.87000084,27.95000076,28.45999908,2154300,28.35000038,0.017989426,28.75600014,0.920000076,74646.56807,0.400001526,27.72200003,Thursday,28.2407873
16-10-2015,28.48999977,28.75,28.17000008,28.59000015,3212000,28.86000061,-0.012820542,28.67400017,0.579999924,112741.3136,-0.100000381,27.73249998,Friday,28.28609866
19-10-2015,28.70000076,28.77000046,28.17000008,28.45999908,2165200,28.48999977,0.007371042,28.64600029,0.600000381,75442.50671,0.240001678,27.72700005,Monday,28.36135358
20-10-2015,29.18000031,29.37999916,28.5,28.77000046,3034100,28.70000076,0.016724722,28.71600037,0.879999161,103978.7515,0.409999847,27.79550009,Tuesday,28.51019844
21-10-2015,28.80999947,29.54000092,28.71999931,29.29000092,1691000,29.18000031,-0.012679946,28.80800018,0.820001602,58694.89869,-0.48000145,27.85250006,Wednesday,28.56470772
22-10-2015,29.45000076,29.67000008,28.73999977,28.85000038,2029600,28.80999947,0.022214554,28.92600021,0.930000305,68916.80636,0.600000381,27.94250011,Thursday,28.72567009
23-10-2015,29.77000046,29.90999985,29.39999962,29.69000053,2451600,29.45000076,0.010865864,29.18200035,0.510000229,82351.35916,0.079999924,28.03900013,Friday,28.91554834
26-10-2015,29.29000092,29.84000015,29.13999939,29.84000015,2297600,29.77000046,-0.016123599,29.30000038,0.700000763,78443.15221,-0.549999237,28.11450014,Monday,28.98363063
27-10-2015,28.78000069,29.31999969,28.31999969,29.04999924,3149400,29.29000092,-0.017412093,29.22000046,1,109430.1572,-0.26999855,28.23350019,Tuesday,28.946607
28-10-2015,29.53000069,29.55999947,28.62000084,28.81999969,2449400,28.78000069,0.026059763,29.3640007,0.939998627,82946.15452,0.710000992,28.40850019,Wednesday,29.05267858
29-10-2015,29.37000084,30.12999916,29.10000038,29.31999969,2802900,29.53000069,-0.005418213,29.34800072,1.029998779,95434.11372,0.050001144,28.60900021,Thursday,29.11037354
30-10-2015,29.44000053,29.67000008,28.71999931,29.37999916,2684300,29.37000084,0.002383374,29.28200073,0.950000763,91178.66682,0.060001373,28.77650023,Friday,29.17030572
02-11-2015,30.05999947,30.23999977,29.42000008,29.53000069,4489100,29.44000053,0.021059746,29.43600044,0.819999695,149337.9933,0.529998779,28.93550024,Monday,29.33206822
03-11-2015,31.07999992,31.79999924,30.10000038,31,6098100,30.05999947,0.033932152,29.89600029,1.699998856,196206.5642,0.079999924,29.12900028,Tuesday,29.64987398
04-11-2015,30.29999924,31.52000046,29.26000023,31.12999916,7195900,31.07999992,-0.025096547,30.05,2.260000229,237488.4548,-0.829999924,29.24350023,Wednesday,29.76807857
05-11-2015,29.51000023,30.36000061,29.13999939,30.36000061,4104300,30.29999924,-0.026072575,30.07799988,1.220001221,139081.6662,-0.850000381,29.27700024,Thursday,29.72115524
06-11-2015,29.01000023,29.45999908,28.79999924,29.29000092,4429300,29.51000023,-0.016943409,29.99199982,0.659999847,152681.8326,-0.280000687,29.28250027,Friday,29.59185433
09-11-2015,29,29.38999939,28.25,29.10000038,3677100,29.01000023,-0.000344717,29.77999992,1.13999939,126796.5517,-0.100000381,29.29050026,Monday,29.48424445
10-11-2015,30.05999947,30.09000015,29.02000046,29.10000038,3571400,29,0.036551706,29.57599983,1.069999695,118809.0507,0.959999084,29.35200024,Tuesday,29.58892718
11-11-2015,30.61000061,31.35000038,30.10000038,30.31999969,4085300,30.05999947,0.018296778,29.63800011,1.25,133462.918,0.290000916,29.46500025,Wednesday,29.77457689
12-11-2015,30.15999985,30.76000023,30.10000038,30.47999954,3086100,30.61000061,-0.014701103,29.76800003,0.659999847,102324.2711,-0.319999695,29.53000021,Thursday,29.8446538
13-11-2015,29.97999954,30.44000053,29.86000061,30.17000008,2433200,30.15999985,-0.00596818,29.96199989,0.579999924,81160.77509,-0.190000534,29.6045002,Friday,29.86926211
16-11-2015,30.59000015,30.62000084,29.87000084,29.88999939,2321300,29.97999954,0.020346919,30.27999992,0.75,75884.27553,0.700000763,29.69900017,Monday,30.00030539
17-11-2015,30.10000038,30.95999908,29.87999916,30.67000008,3666400,30.59000015,-0.016018299,30.28800011,1.079999924,121807.3074,-0.569999695,29.74500017,Tuesday,30.01843175
18-11-2015,30.78000069,30.79999924,30.21999931,30.28000069,1981100,30.10000038,0.022591372,30.32200012,0.579999924,64363.22144,0.5,29.84350023,Wednesday,30.15689883
19-11-2015,30.55999947,30.87999916,30.17000008,30.81999969,2671700,30.78000069,-0.007147538,30.40200005,0.709999084,87424.73975,-0.260000229,29.89900017,Thursday,30.23018986
20-11-2015,30.77000046,31,30.5,30.70000076,2189500,30.55999947,0.00687176,30.56000023,0.5,71156.97002,0.069999695,29.94900017,Friday,30.32833724
23-11-2015,30.70999908,31.32999992,30.30999947,30.69000053,2520000,30.77000046,-0.001949996,30.58400002,1.020000458,82057.96402,0.01999855,30.02000008,Monday,30.3977303
24-11-2015,30.95000076,31.15999985,30.40999985,30.56999969,2904600,30.70999908,0.007815099,30.75400009,0.75,93848.13985,0.380001068,30.12850008,Tuesday,30.49814311
25-11-2015,31.12000084,31.26000023,30.29000092,30.88999939,2695100,30.95000076,0.005492733,30.82200012,0.969999313,86603.4681,0.23000145,30.20800009,Wednesday,30.61120815
27-11-2015,31.07999992,31.32999992,30.64999962,31.12000084,1460100,31.12000084,-0.001285376,30.92600021,0.680000305,46978.76459,-0.040000916,30.29350004,Friday,30.69644302
30-11-2015,31.13999939,31.38999939,30.70999908,31.14999962,3078000,31.07999992,0.001930485,31,0.680000305,98843.93257,-0.010000229,30.37849998,Monday,30.77708963
01-12-2015,31.07999992,31.37999916,30.87999916,31.21999931,2498500,31.13999939,-0.001926765,31.07400017,0.5,80389.31809,-0.13999939,30.42950001,Tuesday,30.83216423
02-12-2015,30.18000031,31.25,30.04000092,31.12999916,3878000,31.07999992,-0.028957517,30.92000008,1.209999084,128495.6912,-0.949998856,30.38450003,Wednesday,30.71358897
03-12-2015,30.12000084,30.60000038,29.67000008,30.18000031,2888200,30.18000031,-0.001988054,30.72000008,0.930000305,95889.77156,-0.059999466,30.37550011,Thursday,30.60566386
04-12-2015,30.72999954,30.85000038,29.88999939,30.13999939,2350200,30.12000084,0.02025228,30.65,0.960000992,76479.01188,0.590000153,30.43650007,Friday,30.62827035
07-12-2015,30.70000076,30.85000038,30.12000084,30.72999954,2305900,30.72999954,-0.000976205,30.56200027,0.729999542,75110.74732,-0.029998779,30.5210001,Monday,30.64131224
08-12-2015,29.43000031,30.44000053,29.38999939,30.44000053,4312400,30.70000076,-0.041368092,30.23200035,1.050001144,146530.7494,-1.010000229,30.54250011,Tuesday,30.42107371
09-12-2015,28.45000076,29.46999931,28.31999969,29.26000023,4535800,29.43000031,-0.033299339,29.88600044,1.149999619,159430.5757,-0.809999466,30.46200018,Wednesday,30.06269681
10-12-2015,28.38999939,28.81999969,28.04000092,28.44000053,3195400,28.45000076,-0.002109011,29.54000015,0.779998779,112553.7185,-0.050001144,30.35100012,Thursday,29.75857
11-12-2015,27.37000084,28.12000084,27.14999962,27.92000008,3029200,28.38999939,-0.035928093,28.86800041,0.970001221,110675.9191,-0.549999237,30.21150017,Friday,29.3242847
14-12-2015,26.45000076,27.68000031,25.98999977,27.36000061,6125100,27.37000084,-0.033613447,28.01800041,1.690000534,231572.7721,-0.909999847,30.03500023,Monday,28.80168762
15-12-2015,26.52000046,27.47999954,26.30999947,26.57999992,4982700,26.45000076,0.002646491,27.43600044,1.170000076,187884.6121,-0.059999466,29.83150024,Tuesday,28.38683541
16-12-2015,27.18000031,27.40999985,26.62000084,26.79999924,3438200,26.52000046,0.024886872,27.18200035,0.789999008,126497.4232,0.380001068,29.68550024,Wednesday,28.16741085
17-12-2015,26.47999954,27.36000061,26.29999924,27.20999908,2920200,27.18000031,-0.025754259,26.80000038,1.060001373,110279.4581,-0.729999542,29.47050018,Thursday,27.86060879
18-12-2015,26.21999931,26.46999931,25.82999992,26.46999931,7112400,26.47999954,-0.00981874,26.57000008,0.63999939,271258.5883,-0.25,29.25350018,Friday,27.56231616
21-12-2015,26.28000069,26.62999916,26.15999985,26.60000038,2870700,26.21999931,0.002288382,26.53600006,0.469999313,109235.157,-0.319999695,29.02900019,Monday,27.32916789
22-12-2015,26.87000084,27.04000092,26.27000046,26.37999916,2471100,26.28000069,0.022450538,26.60600014,0.770000458,91965.01387,0.490001678,28.83700027,Tuesday,27.24568297
23-12-2015,27.13999939,27.23999977,26.70999908,26.86000061,2652800,26.87000084,0.010048327,26.59799995,0.530000687,97745.02799,0.279998779,28.64650021,Wednesday,27.22646778
24-12-2015,27.09000015,27.29000092,26.96999931,27.17000008,980400,27.13999939,-0.001842271,26.72000008,0.320001602,36190.47599,-0.079999924,28.44500017,Thursday,27.20165548
28-12-2015,26.84000015,27.05999947,26.27000046,26.69000053,1881900,27.09000015,-0.009228498,26.84400024,0.789999008,70115.49886,0.149999619,28.23300018,Monday,27.13589997
29-12-2015,26.89999962,27.19000053,26.75,27,1475300,26.84000015,0.00223545,26.96800003,0.440000534,54843.86695,-0.100000381,28.02100019,Tuesday,27.09300899
30-12-2015,26.55999947,27.07999992,26.35000038,26.88999939,2032500,26.89999962,-0.012639411,26.90599976,0.729999542,76524.85094,-0.329999924,27.79500017,Wednesday,26.99609817
31-12-2015,26.68000031,26.90999985,26.29999924,26.5,1694600,26.55999947,0.004518104,26.81399994,0.61000061,63515.7414,0.180000305,27.62000017,Thursday,26.93862583
04-01-2016,26.40999985,26.85000038,25.89999962,26.12999916,2763000,26.68000031,-0.010119957,26.67799988,0.950000763,104619.4629,0.280000687,27.43450012,Monday,26.84251202
05-01-2016,26.46999931,27.13999939,26.17000008,26.45999908,1738500,26.40999985,0.002271847,26.60399971,0.969999313,65678.12788,0.010000229,27.22150011,Tuesday,26.77478243
06-01-2016,26.28000069,26.63999939,25.93000031,25.95999908,2268500,26.46999931,-0.007177886,26.47999992,0.709999084,86320.39348,0.320001602,27.00050011,Wednesday,26.68482212
07-01-2016,25.47999954,26.03000069,25.22999954,25.75,2927300,26.28000069,-0.030441443,26.26399994,0.800001144,114886.1873,-0.270000458,26.80300007,Thursday,26.46576347
08-01-2016,26.01000023,26.18000031,25.37999916,25.64999962,2886500,25.47999954,0.020800655,26.12999992,0.800001144,110976.5465,0.36000061,26.68100004,Friday,26.38289742
11-01-2016,25.82999992,26.30999947,25.42000008,26.07999992,2437000,26.01000023,-0.006920427,26.01399994,0.88999939,94347.65804,-0.25,26.55300007,Monday,26.28237061
12-01-2016,26.32999992,26.63999939,25.88999939,25.95000076,2433400,25.82999992,0.019357336,25.98600006,0.75,92419.29385,0.379999161,26.50100002,Tuesday,26.29103048
13-01-2016,25.54000092,26.70000076,25.37999916,26.43000031,2114700,26.32999992,-0.03000376,25.83800011,1.320001602,82799.52718,-0.88999939,26.45550003,Wednesday,26.15447965
14-01-2016,26.29999924,26.54999924,25.45000076,25.69000053,3830700,25.54000092,0.029757177,26.00200005,1.099998474,145653.9966,0.609998703,26.44449997,Thursday,26.18093776
15-01-2016,25.88999939,26.11000061,25.34000015,25.54000092,2156700,26.29999924,-0.015589348,25.97799988,0.770000458,83302.43534,0.349998474,26.37999992,Friday,26.12803987
19-01-2016,25.79000092,26.40999985,25.43000031,26.13999939,3583800,25.88999939,-0.003862436,25.97000008,0.979999542,138960.8326,-0.349998474,26.34549999,Tuesday,26.06657824
20-01-2016,25.53000069,25.77000046,24.70000076,25.34000015,3013900,25.79000092,-0.010081435,25.81000023,1.069999695,118053.2675,0.190000534,26.31100006,Wednesday,25.96901869
21-01-2016,25.88999939,26.30999947,25.20999908,25.53000069,3448700,25.53000069,0.014101006,25.87999992,1.100000381,133205.8741,0.359998703,26.2915,Thursday,25.95465154
22-01-2016,26.89999962,27.03000069,26.28000069,26.36000061,3350100,25.88999939,0.039011211,26,0.75,124539.0352,0.539999008,26.29299994,Friday,26.12653301
25-01-2016,26.25,26.87000084,26.18000031,26.70999908,2310500,26.89999962,-0.024163555,26.07200012,0.690000534,88019.04762,-0.459999084,26.24849997,Monday,26.14898155
26-01-2016,27.42000008,27.47999954,26.34000015,26.43000031,3048300,26.25,0.044571431,26.39799995,1.13999939,111170.678,0.989999771,26.26499996,Tuesday,26.38007583
27-01-2016,27.10000038,28.03000069,26.98999977,27.39999962,3274700,27.42000008,-0.011670302,26.71199989,1.040000916,120837.6367,-0.299999237,26.27799997,Wednesday,26.5109712
28-01-2016,26.72999954,27.42000008,26.21999931,27.37000084,2777800,27.10000038,-0.013653167,26.87999992,1.200000763,103920.6901,-0.640001297,26.26949997,Thursday,26.55079454
29-01-2016,27.59000015,27.62000084,26.70999908,26.79000092,2537400,26.72999954,0.032173611,27.01800003,0.910001755,91968.10388,0.799999237,26.321,Friday,26.73974101
01-02-2016,27.63999939,27.81999969,26.88999939,27.32999992,2538300,27.59000015,0.001812223,27.29599991,0.930000305,91834.30015,0.309999466,26.36899996,Monday,26.90342435
02-02-2016,26.39999962,27.43000031,26.31999969,27.21999931,2768600,27.63999939,-0.044862511,27.09199982,1.11000061,104871.2136,-0.819999695,26.36849995,Tuesday,26.81189258
03-02-2016,27.27000046,27.30999947,25.95000076,26.54000092,2422000,26.39999962,0.032954578,27.12599983,1.359998703,88815.54673,0.729999542,26.4085,Wednesday,26.89518493
04-02-2016,27.70000076,28.31999969,27.36000061,27.37999916,3172400,27.27000046,0.015768254,27.32000008,0.959999084,114527.0727,0.320001602,26.47950001,Thursday,27.04151508
05-02-2016,27.20999908,27.73999977,26.79000092,27.70000076,3111800,27.70000076,-0.017689591,27.24399986,0.949998856,114362.3706,-0.490001678,26.56599998,Friday,27.07214853
08-02-2016,26.02000046,26.97999954,25.48999977,26.84000015,3123900,27.20999908,-0.043733872,26.92000008,1.489999771,120057.6459,-0.819999695,26.5665,Monday,26.88084888
09-02-2016,24.71999931,25.57999992,24.20000076,25.51000023,5795700,26.02000046,-0.049961611,26.58400002,1.379999161,234453.89,-0.790000916,26.51099997,Tuesday,26.48796714
10-02-2016,24.75,25.13999939,23.85000038,24.62999916,3902000,24.71999931,0.00121362,26.07999992,1.289999008,157656.5657,0.120000839,26.43199997,Wednesday,26.17197312
11-02-2016,24.32999992,24.54999924,23.73999977,24.12999916,3625000,24.75,-0.0169697,25.40599976,0.809999466,148993.0132,0.200000763,26.37149992,Thursday,25.8370689
12-02-2016,25,25.06999969,24.20000076,24.46999931,3039400,24.32999992,0.027538022,24.96399994,0.869998932,121576,0.530000687,26.30649996,Friday,25.68487455
16-02-2016,25.55999947,25.67000008,24.20999908,24.70999908,4251500,25,0.022399979,24.87199974,1.460000992,166334.1193,0.850000381,26.28999996,Tuesday,25.66216999
17-02-2016,26.70999908,26.96999931,25.40999985,25.67000008,5594500,25.55999947,0.044992161,25.26999969,1.559999466,209453.3954,1.039999008,26.33599987,Wednesday,25.85268437
18-02-2016,25.62000084,26.19000053,24.32999992,25.89999962,7059100,26.70999908,-0.040808622,25.44399986,1.86000061,275530.8263,-0.279998779,26.34049988,Thursday,25.81037828
19-02-2016,25.35000038,25.87000084,25.09000015,25.48999977,3969700,25.62000084,-0.010538659,25.64799995,0.780000687,156595.6584,-0.13999939,26.31349993,Friday,25.7266732
22-02-2016,26.19000053,26.36000061,25.65999985,25.71999931,3765400,25.35000038,0.0331361,25.88600006,0.700000763,143772.4293,0.470001221,26.27799997,Monday,25.81091454
23-02-2016,25.19000053,26.20000076,25.10000038,26.20000076,4099600,26.19000053,-0.038182512,25.81200027,1.100000381,162747.1184,-1.010000229,26.225,Tuesday,25.69802108
24-02-2016,25.20000076,25.35000038,24.43000031,24.92000008,4072900,25.19000053,0.000396992,25.51000061,0.920000076,161623.011,0.280000687,26.11400003,Wednesday,25.60747193
25-02-2016,24.87999916,25.38999939,24.53000069,25.37999916,3331100,25.20000076,-0.012698476,25.36200027,0.859998703,133886.6605,-0.5,26.00299997,Thursday,25.47520416
26-02-2016,25.07999992,25.31999969,24.84000015,25.06999969,4317500,24.87999916,0.008038616,25.30800018,0.479999542,172149.1233,0.010000229,25.92049999,Friday,25.40334884
29-02-2016,25,25.42000008,24.82999992,25.04000092,3765900,25.07999992,-0.00318979,25.07000008,0.590000153,150636,-0.040000916,25.79099998,Monday,25.33001269
01-03-2016,26.43000031,26.70000076,25.05999947,25.26000023,5441700,25,0.057200012,25.31800003,1.640001297,205891.0305,1.170000076,25.73050003,Tuesday,25.53001044
02-03-2016,26.78000069,27.07999992,26.21999931,26.27000046,4479800,26.43000031,0.013242542,25.63400002,0.86000061,167281.5491,0.510000229,25.74950008,Wednesday,25.75728139
03-03-2016,27.62999916,27.86000061,26.60000038,26.60000038,4734000,26.78000069,0.031740047,26.18400002,1.260000229,171335.5101,1.029998779,25.76750002,Thursday,26.09777553
04-03-2016,27.60000038,27.87999916,27.03000069,27.54000092,4254800,27.62999916,-0.001085732,26.68800011,0.849998474,154159.4182,0.059999466,25.7625,Friday,26.37090732
07-03-2016,28.05999947,28.19000053,27.14999962,27.31999969,2938000,27.60000038,0.016666633,27.3,1.040000916,104704.2073,0.739999771,25.80500002,Monday,26.67801498
08-03-2016,27.18000031,27.89999962,27.10000038,27.84000015,4029600,28.05999947,-0.031361339,27.45,0.799999237,148256.069,-0.659999847,25.86300001,Tuesday,26.76928504
09-03-2016,27.67000008,27.86000061,27.26000023,27.48999977,2973400,27.18000031,0.018027953,27.62799988,0.600000381,107459.342,0.180000305,26.01050005,Wednesday,26.93305141
10-03-2016,27.63999939,27.92000008,27.21999931,27.87999916,2377400,27.67000008,-0.001084232,27.62999992,0.700000763,86013.0265,-0.239999771,26.15500002,Thursday,27.06158741
11-03-2016,28.44000053,28.64999962,27.61000061,27.95000076,2971000,27.63999939,0.028943602,27.79799995,1.039999008,104465.5395,0.489999771,26.36050005,Friday,27.31220798
14-03-2016,27.93000031,28.45000076,27.5,28.01000023,2774100,28.44000053,-0.017932497,27.77200012,0.950000763,99323.30719,-0.079999924,26.50700006,Monday,27.42453385
15-03-2016,27.65999985,27.98999977,27.45999908,27.81999969,2826800,27.93000031,-0.009667041,27.86800003,0.530000687,102198.1206,-0.159999847,26.61200008,Tuesday,27.46734585
16-03-2016,28.54999924,28.56999969,27.36000061,27.48999977,2874800,27.65999985,0.032176406,28.04399986,1.209999084,100693.5228,1.059999466,26.70400009,Wednesday,27.66419192
17-03-2016,29.10000038,29.23999977,28.54000092,28.57999992,2890100,28.54999924,0.019264489,28.33600006,0.699998856,99316.1499,0.520000458,26.87800007,Thursday,27.92524801
18-03-2016,29.42000008,29.53000069,28.92000008,29.15999985,3440500,29.10000038,0.010996553,28.53199997,0.61000061,116944.2553,0.260000229,27.08150005,Friday,28.19702111
21-03-2016,29.23999977,29.75,28.65999985,29.27000046,2395600,29.42000008,-0.006118297,28.79399986,1.090000153,81928.86521,-0.030000687,27.23400002,Monday,28.38665359
22-03-2016,28.87000084,29.12000084,28.54000092,28.96999931,2249800,29.23999977,-0.012653862,29.03600006,0.579999924,77928.64339,-0.099998474,27.41800003,Tuesday,28.47453491
23-03-2016,27.80999947,28.88999939,27.52000046,28.88999939,3373000,28.87000084,-0.036716361,28.88800011,1.369998932,121287.3091,-1.079999924,27.54849997,Wednesday,28.35371028
24-03-2016,27.98999977,28.10000038,27.31999969,27.57999992,2472200,27.80999947,0.006472503,28.66599998,0.780000687,88324.40229,0.409999847,27.704,Thursday,28.2875811
28-03-2016,28.22999954,28.45999908,27.92000008,28.14999962,1331400,27.98999977,0.008574483,28.42799988,0.539999008,47162.59375,0.079999924,27.86149998,Monday,28.27711173
29-03-2016,28.23999977,28.37999916,27.79000092,28.19000053,2063000,28.22999954,0.000354241,28.22799988,0.589998245,73052.40852,0.049999237,28.02349997,Tuesday,28.2703641
30-03-2016,28.09000015,28.53000069,27.98999977,28.45000076,1851400,28.23999977,-0.005311601,28.07199974,0.540000916,65909.576,-0.36000061,28.10649996,Wednesday,28.23757065
31-03-2016,28.62999916,28.69000053,28.15999985,28.15999985,2615400,28.09000015,0.019223888,28.23599968,0.530000687,91351.73163,0.469999313,28.19899988,Thursday,28.30892129
01-04-2016,28.89999962,28.97999954,28.17000008,28.27000046,2300700,28.62999916,0.009430683,28.41799965,0.809999466,79608.99759,0.629999161,28.2624999,Friday,28.41639008
04-04-2016,28.87999916,29.26000023,28.75,29,1855000,28.89999962,-0.000692057,28.54799957,0.510000229,64231.30381,-0.120000839,28.32649984,Monday,28.50068264
05-04-2016,28.62000084,28.82999992,28.36000061,28.64999962,2386800,28.87999916,-0.009002712,28.62399979,0.469999313,83396.22397,-0.029998779,28.35449991,Tuesday,28.52237686
06-04-2016,28.93000031,29.01000023,28.45000076,28.72999954,2223600,28.62000084,0.010831567,28.79199982,0.559999466,76861.38875,0.200000763,28.44199991,Wednesday,28.59649021
07-04-2016,27.90999985,28.88999939,27.65999985,28.71999931,3981500,28.93000031,-0.035257534,28.64799995,1.229999542,142654.9632,-0.809999466,28.4539999,Thursday,28.47167378
08-04-2016,28.17000008,28.43000031,27.89999962,28.38999939,2893500,27.90999985,0.009315666,28.50200005,0.530000687,102715.6547,-0.219999313,28.48049994,Friday,28.41682402
11-04-2016,28.35000038,28.60000038,28.04999924,28.44000053,3233900,28.17000008,0.006389787,28.39600029,0.550001144,114070.5452,-0.090000153,28.47599993,Monday,28.40467426
12-04-2016,28.37999916,28.56999969,27.90999985,28.44000053,2527600,28.35000038,0.001058158,28.34799995,0.659999847,89062.72286,-0.060001373,28.49849987,Tuesday,28.40018788
13-04-2016,28.70000076,29.07999992,28.36000061,28.59000015,2113500,28.37999916,0.011275603,28.30200005,0.719999313,73641.11302,0.11000061,28.55049992,Wednesday,28.45469932
14-04-2016,28.37999916,28.85000038,28.37000084,28.69000053,2065800,28.70000076,-0.011149881,28.39599991,0.479999542,72790.69983,-0.310001373,28.54199991,Thursday,28.44111747
15-04-2016,28.34000015,28.44000053,28.02000046,28.36000061,2360500,28.37999916,-0.001409408,28.42999992,0.420000076,83292.1661,-0.020000458,28.5039999,Friday,28.4227325
18-04-2016,28.54999924,28.82999992,28.14999962,28.20999908,1412600,28.34000015,0.007409989,28.46999969,0.680000305,49478.1099,0.340000153,28.46049986,Monday,28.44587191
19-04-2016,28.34000015,29.20999908,28.28000069,28.62999916,3331500,28.54999924,-0.007355485,28.46199989,0.929998398,117554.6924,-0.289999008,28.41549988,Tuesday,28.4266225
20-04-2016,28.15999985,28.40999985,27.76000023,28.34000015,3345100,28.34000015,-0.006351457,28.35399971,0.649999619,118789.0631,-0.180000305,28.37999983,Wednesday,28.37814565
21-04-2016,28.37000084,28.85000038,28.17000008,28.29999924,2616400,28.15999985,0.007457422,28.35200005,0.680000305,92224.17774,0.070001602,28.4079999,Thursday,28.37666478
22-04-2016,28.79999924,28.95000076,28.23999977,28.34000015,2568300,28.37000084,0.015156799,28.44399986,0.710000992,89177.0857,0.459999084,28.44849987,Friday,28.45363468
25-04-2016,27.93000031,28.72999954,27.78000069,28.53000069,4779300,28.79999924,-0.030208297,28.32000008,0.949998856,171117.0765,-0.600000381,28.43349991,Monday,28.35842843
26-04-2016,28.20000076,28.47999954,27.54000092,27.60000038,2904800,27.93000031,0.009667041,28.2920002,0.939998627,103007.0894,0.600000381,28.43149996,Tuesday,28.3296234
27-04-2016,28.44000053,28.54000092,28,28.29999924,1721200,28.20000076,0.00851063,28.34800034,0.540000916,60520.39268,0.140001297,28.44899998,Wednesday,28.34969197
28-04-2016,28.14999962,28.59000015,27.95000076,28.29000092,2246900,28.44000053,-0.010196938,28.30400009,0.63999939,79818.82879,-0.140001297,28.425,Thursday,28.31338427
29-04-2016,27.30999947,28.05999947,26.98999977,28.01000023,4294500,28.14999962,-0.029840148,28.00600014,1.069999695,157250.0946,-0.700000763,28.34549999,Friday,28.13095067
02-05-2016,27.93000031,28.09000015,27.13999939,27.37000084,3774800,27.30999947,0.022702338,28.00600014,0.950000763,135152.1647,0.559999466,28.29800005,Monday,28.09441424
03-05-2016,27,27.70000076,26.92000008,27.60000038,3540400,27.93000031,-0.03329754,27.76599998,0.780000687,131125.9259,-0.600000381,28.21700001,Tuesday,27.89542983
04-05-2016,26.59000015,27.53000069,26.56999969,27.04000092,6455500,27,-0.01518518,27.39599991,0.960000992,242779.2389,-0.450000763,28.1,Wednesday,27.65807898
05-05-2016,27.73999977,28.31999969,27.25,27.54999924,8407400,26.59000015,0.043249327,27.31399994,1.069999695,303078.5894,0.190000534,28.0915,Thursday,27.67297367
06-05-2016,28.28000069,28.35000038,27.40999985,27.68000031,4331600,27.73999977,0.019466508,27.50800018,0.940000534,153168.3131,0.600000381,28.09700003,Friday,27.78334222
09-05-2016,28.14999962,28.59000015,28.05999947,28.37999916,2672500,28.28000069,-0.004596926,27.55200005,0.530000687,94937.83432,-0.229999542,28.08699999,Monday,27.8500072
10-05-2016,29.30999947,29.37000084,28.26000023,28.32999992,4655500,28.14999962,0.04120781,28.01399994,1.11000061,158836.5774,0.979999542,28.1335,Tuesday,28.11546034
11-05-2016,28.96999931,29.29999924,28.78000069,29.11000061,3986300,29.30999947,-0.011600142,28.48999977,0.51999855,137600.9698,-0.140001297,28.14699993,Wednesday,28.27083106
12-05-2016,28.13999939,29.14999962,27.84000015,29.12000084,5648000,28.96999931,-0.028650326,28.56999969,1.309999466,200710.7364,-0.98000145,28.13499994,Thursday,28.24704349
13-05-2016,27.97999954,28.69000053,27.88999939,28.04000092,3739900,28.13999939,-0.005685851,28.50999947,0.800001144,133663.3331,-0.060001373,28.11699991,Friday,28.19849004
16-05-2016,27.53000069,28.21999931,27.47999954,28.09000015,3590300,27.97999954,-0.016082876,28.38599968,0.739999771,130414.0905,-0.559999466,28.06599998,Monday,28.07694652
17-05-2016,27.45000076,27.92000008,27.21999931,27.37000084,4087000,27.53000069,-0.002905918,28.01399994,0.700000763,148888.8848,0.079999924,28.02150002,Tuesday,27.96295638
18-05-2016,26.70999908,26.84000015,26.29000092,26.79000092,6318500,27.45000076,-0.026958166,27.56199989,0.549999237,236559.3492,-0.080001831,27.94899998,Wednesday,27.73514597
19-05-2016,26.10000038,26.71999931,26.05999947,26.61000061,3524800,26.70999908,-0.022837841,27.15400009,0.659999847,135049.8065,-0.510000229,27.83549995,Thursday,27.43784677
20-05-2016,26.17000008,26.76000023,26.04999924,26.34000015,3658500,26.10000038,0.002681981,26.7920002,0.710000992,139797.4776,-0.170000076,27.704,Friday,27.20732919
23-05-2016,26.23999977,26.62999916,26.15999985,26.22999954,2755100,26.17000008,0.002674807,26.53400002,0.469999313,104996.1899,0.010000229,27.61949997,Monday,27.03145111
24-05-2016,26.53000069,26.62000084,26.29000092,26.29000092,3540100,26.23999977,0.011051864,26.35,0.329999924,133437.6143,0.239999771,27.53599997,Tuesday,26.94027831
25-05-2016,27,27.12999916,26.52000046,26.62000084,2396000,26.53000069,0.017715767,26.40800018,0.609998703,88740.74074,0.379999161,27.46399994,Wednesday,26.9511368
26-05-2016,27.06999969,27.29999924,26.80999947,27.04999924,2363600,27,0.002592581,26.60200005,0.489999771,87314.37114,0.020000458,27.40999994,Thursday,26.97274823
27-05-2016,27.54999924,27.64999962,27.03000069,27.03000069,2658000,27.06999969,0.01773179,26.87799988,0.619998932,96479.13153,0.51999855,27.42199993,Friday,27.07770296
31-05-2016,27.85000038,27.96999931,27.52000046,27.69000053,3184500,27.54999924,0.010889334,27.2,0.449998856,114344.7022,0.159999847,27.41799994,Tuesday,27.21812067
01-06-2016,27.80999947,27.92000008,27.30999947,27.71999931,1807100,27.85000038,-0.001436299,27.45599976,0.61000061,64980.22419,0.090000153,27.45849991,Wednesday,27.325735
02-06-2016,28.29999924,28.45000076,27.68000031,27.70999908,3167200,27.80999947,0.017619553,27.7159996,0.770000458,111915.1974,0.590000153,27.54399986,Thursday,27.50287395
03-06-2016,28.38999939,28.42000008,27.75,28.21999931,3731600,28.29999924,0.003180217,27.97999954,0.670000076,131440.6509,0.170000076,27.57649984,Friday,27.66416949
06-06-2016,28.87999916,28.88999939,28.04000092,28.54000092,4152300,28.38999939,0.017259591,28.24599953,0.849998474,143777.705,0.339998245,27.60649977,Monday,27.88522943
07-06-2016,27.85000038,28.20000076,27.63999939,28.18000031,5662600,28.87999916,-0.035664779,28.24599953,0.560001373,203324.9523,-0.329999924,27.59149981,Tuesday,27.87882415
08-06-2016,28.04000092,28.15999985,27.79999924,28.06999969,1569800,27.85000038,0.006822281,28.29199982,0.36000061,55984.3063,-0.029998779,27.52799988,Wednesday,27.90812901
09-06-2016,27.32999992,27.88999939,27.20999908,27.87000084,2757900,28.04000092,-0.025321005,28.09799995,0.680000305,100911.087,-0.540000916,27.44599991,Thursday,27.80301463
10-06-2016,26.14999962,27.51000023,25.98999977,26.95000076,4161100,27.32999992,-0.043176008,27.65,1.520000458,159124.2853,-0.800001144,27.34649992,Friday,27.50246645
13-06-2016,25.96999931,26.51000023,25.96999931,26.14999962,1976100,26.14999962,-0.006883377,27.06800003,0.540000916,76091.64622,-0.180000305,27.24599991,Monday,27.22383606
14-06-2016,25.67000008,26.09000015,25.44000053,25.94000053,5049300,25.96999931,-0.011551761,26.63199997,0.649999619,196700.4279,-0.270000458,27.15299988,Tuesday,26.94132043
15-06-2016,25.54000092,26.14999962,25.47999954,25.73999977,4329300,25.67000008,-0.005064245,26.13199997,0.670000076,169510.5656,-0.199998856,27.05749989,Wednesday,26.68653506
16-06-2016,25.54999924,25.56999969,25.11000061,25.37999916,3632300,25.54000092,0.000391477,25.77599983,0.459999084,142164.3878,0.170000076,26.99949989,Thursday,26.47989218
17-06-2016,25.59000015,26.03000069,25.43000031,25.69000053,3341600,25.54999924,0.001565594,25.66399994,0.600000381,130582.2579,-0.100000381,26.97399988,Friday,26.31809363
20-06-2016,26.09000015,26.52000046,25.93000031,25.95000076,3313000,25.59000015,0.019538882,25.68800011,0.590000153,126983.5178,0.13999939,26.96999989,Monday,26.27662209
21-06-2016,25.76000023,26.15999985,25.39999962,26.15999985,3253000,26.09000015,-0.012648521,25.70600014,0.760000229,126281.0548,-0.399999619,26.94599991,Tuesday,26.18269084
22-06-2016,25.98999977,26.28000069,25.76000023,25.95999908,3066500,25.76000023,0.008928554,25.79599991,0.520000458,117987.6886,0.030000687,26.91899986,Wednesday,26.1476561
23-06-2016,26.37000084,26.44000053,26.10000038,26.20999908,2989200,25.98999977,0.014621049,25.96000023,0.340000153,113356.0829,0.160001755,26.8874999,Thursday,26.18808242
24-06-2016,24.45999908,25.32999992,24.29999924,25.18000031,6384100,26.37000084,-0.072430857,25.73400002,1.030000687,261001.6451,-0.720001221,26.75699987,Friday,25.87388545
27-06-2016,23.72999954,24.53000069,23.67000008,24.45999908,5230400,24.45999908,-0.029844627,25.26199989,0.86000061,220412.9836,-0.729999542,26.56599989,Monday,25.48408801
28-06-2016,23.90999985,24.04999924,23.65999985,24.02000046,3521700,23.72999954,0.007585348,24.89199982,0.38999939,147289.8378,-0.11000061,26.36899986,Tuesday,25.19789016
29-06-2016,24.37999916,24.45999908,23.77000046,23.92000008,3558700,23.90999985,0.019657019,24.56999969,0.689998627,145968.0116,0.459999084,26.19749985,Wednesday,25.04918271
30-06-2016,25.22999954,25.26000023,24.5,24.51000023,6201600,24.37999916,0.03486466,24.34199944,0.760000229,245802.6204,0.719999313,26.04399986,Thursday,25.0820585
01-07-2016,25.25,25.52000046,25.11000061,25.29000092,2981400,25.22999954,0.000792725,24.49999962,0.409999847,118075.2475,-0.040000916,25.88699989,Friday,25.11259332
05-07-2016,24.77000046,25.15999985,24.53000069,25.06999969,2947800,25.25,-0.019009883,24.7079998,0.629999161,119006.8609,-0.299999237,25.68149996,Tuesday,25.0503037
06-07-2016,25.10000038,25.12000084,24.44000053,24.62000084,3317600,24.77000046,0.013322564,24.94599991,0.680000305,132175.2968,0.479999542,25.54399996,Wednesday,25.05933946
07-07-2016,25.40999985,25.51000023,25.09000015,25.14999962,3182300,25.10000038,0.012350576,25.15200005,0.420000076,125238.096,0.260000229,25.4124999,Thursday,25.1230959
08-07-2016,25.62000084,25.80999947,25.47999954,25.5,3462000,25.40999985,0.008264502,25.23000031,0.329999924,135128.8012,0.120000839,25.32699995,Friday,25.21344225
11-07-2016,25.25,25.82999992,25.22999954,25.69000053,4112000,25.62000084,-0.014441875,25.23000031,0.600000381,162851.4851,-0.440000534,25.28199997,Monday,25.22008911
12-07-2016,25.54000092,25.62000084,25.36000061,25.47999954,3976300,25.25,0.011485185,25.3840004,0.260000229,155689.1095,0.060001373,25.26050005,Tuesday,25.2782549
13-07-2016,25.48999977,25.69000053,25.37000084,25.69000053,3059900,25.54000092,-0.001957758,25.46200027,0.319999695,120043.1553,-0.200000763,25.25150003,Wednesday,25.31675396
14-07-2016,25.70000076,25.82999992,25.46999931,25.76000023,3708000,25.48999977,0.008238564,25.52000046,0.36000061,144280.1514,-0.059999466,25.25950003,Thursday,25.3864352
15-07-2016,25.05999947,25.67000008,24.87000084,25.45999908,3409800,25.70000076,-0.024902773,25.40800018,0.799999237,136065.4458,-0.399999619,25.23500004,Friday,25.32708325
18-07-2016,25.29999924,25.30999947,24.95999908,25.06999969,3809000,25.05999947,0.009577006,25.41800003,0.350000381,150553.3642,0.229999542,25.22049999,Monday,25.32215888
19-07-2016,25.17000008,25.38999939,25.09000015,25.26000023,2948400,25.29999924,-0.005138307,25.34399986,0.299999237,117139.4514,-0.090000153,25.17449999,Tuesday,25.29449365
20-07-2016,25.30999947,25.59000015,25.04000092,25.19000053,2393100,25.17000008,0.005562153,25.3079998,0.549999237,94551.56264,0.119998932,25.15199995,Wednesday,25.29731289
21-07-2016,25.39999962,25.69000053,25.27000046,25.37999916,2031000,25.30999947,0.003555913,25.24799957,0.420000076,79960.63112,0.020000458,25.12249994,Thursday,25.3159832
22-07-2016,25.51000023,25.61000061,25.27000046,25.27000046,1319500,25.39999962,0.004330733,25.33799973,0.340000153,51724.81333,0.239999771,25.07949991,Friday,25.35125902
25-07-2016,25.45999908,25.72999954,25.39999962,25.43000031,1693200,25.51000023,-0.001960061,25.36999969,0.329999924,66504.32289,0.029998779,25.12949991,Monday,25.37102994
26-07-2016,25.63999939,25.75,25.30999947,25.42000008,2116700,25.45999908,0.007069926,25.46399956,0.440000534,82554.60415,0.219999313,25.2249999,Tuesday,25.41993348
27-07-2016,25.45999908,25.76000023,25.12000084,25.73999977,2010500,25.63999939,-0.007020293,25.49399948,0.63999939,78967.00991,-0.280000687,25.30249987,Wednesday,25.42721814
28-07-2016,25.26000023,25.54999924,25.17000008,25.37000084,1835000,25.45999908,-0.007855415,25.4659996,0.379999161,72644.49657,-0.11000061,25.34649992,Thursday,25.39681488
29-07-2016,25.09000015,25.22999954,24.70999908,25.20999908,4499400,25.26000023,-0.006730011,25.38199959,0.520000458,179330.4094,-0.119998932,25.33949995,Friday,25.34103038
01-08-2016,24.77000046,25.30999947,24.72999954,25.15999985,5154900,25.09000015,-0.012754073,25.24399986,0.579999924,208110.6138,-0.38999939,25.31549997,Monday,25.23720676
02-08-2016,26.42000008,26.53000069,25.5,26,8682400,24.77000046,0.066612821,25.4,1.030000687,328629.8249,0.420000076,25.39799995,Tuesday,25.45226009
03-08-2016,26.82999992,27.72999954,26.29999924,26.80999947,7548600,26.42000008,0.015518541,25.67400017,1.430000305,281349.2367,0.020000458,25.48449993,Wednesday,25.70275824
04-08-2016,26.42000008,26.90999985,25.94000053,26.76000023,3992200,26.82999992,-0.015281396,25.90600014,0.969999313,151105.2229,-0.340000153,25.53499994,Thursday,25.83316585
05-08-2016,26.32999992,26.57999992,26.22999954,26.53000069,2542900,26.42000008,-0.003406516,26.15400009,0.350000381,96578.04813,-0.200000763,25.5704999,Friday,25.92349932
08-08-2016,26.20000076,26.55999947,25.98999977,26.48999977,3114800,26.32999992,-0.004937302,26.44000015,0.569999695,118885.4927,-0.289999008,25.61799994,Monday,25.97377231
09-08-2016,25.64999962,26.26000023,25.63999939,26.15999985,3175600,26.20000076,-0.020992409,26.28600006,0.620000839,123805.0701,-0.510000229,25.62349987,Tuesday,25.91490455
10-08-2016,25.76000023,25.98999977,25.51000023,25.69000053,2591400,25.64999962,0.004288523,26.07200012,0.479999542,100597.8252,0.069999695,25.63699989,Wednesday,25.88674012
11-08-2016,26.10000038,26.12000084,25.75,25.85000038,2097900,25.76000023,0.013198764,26.00800018,0.370000839,80379.30917,0.25,25.65699987,Thursday,25.92551472
12-08-2016,26.35000038,26.51000023,25.87000084,26.09000015,3196700,26.10000038,0.009578544,26.01200027,0.63999939,121316.8863,0.260000229,25.72149992,Friday,26.00269393
15-08-2016,26.57999992,26.70000076,26.39999962,26.45999908,1813200,26.35000038,0.008728635,26.08800011,0.300001144,68216.70448,0.120000839,25.78549995,Monday,26.10765865
16-08-2016,26.35000038,26.45999908,26.25,26.44000053,1606900,26.57999992,-0.008653105,26.22800026,0.209999084,60982.92132,-0.090000153,25.84449997,Tuesday,26.15172079
17-08-2016,26.96999931,27.02000046,26.37000084,26.37999916,4628100,26.35000038,0.023529371,26.47000008,0.649999619,171601.7841,0.590000153,25.92749996,Wednesday,26.3004987
18-08-2016,26.84000015,27.09000015,26.71999931,26.92000008,3284500,26.96999931,-0.00482014,26.61800003,0.370000839,122373.3227,-0.079999924,25.99949999,Thursday,26.39858987
19-08-2016,26.72999954,26.86000061,26.62000084,26.75,2036800,26.84000015,-0.004098383,26.69399986,0.239999771,76199.02862,-0.020000458,26.06049995,Friday,26.45884618
22-08-2016,26.55999947,26.72999954,26.37000084,26.72999954,2689100,26.72999954,-0.006359898,26.68999977,0.359998703,101246.237,-0.170000076,26.11549997,Monday,26.47723768
23-08-2016,26.38999939,26.65999985,26.34000015,26.59000015,2420800,26.55999947,-0.006400605,26.69799957,0.319999695,91731.71868,-0.200000763,26.15299997,Tuesday,26.46137618
24-08-2016,26.11000061,26.54000092,26.07999992,26.39999962,2530800,26.38999939,-0.010610034,26.52599983,0.460000992,96928.37767,-0.289999008,26.18550005,Wednesday,26.39748971
25-08-2016,25.87000084,26.26000023,25.80999947,26.14999962,1999500,26.11000061,-0.009191872,26.33199997,0.450000763,77290.29513,-0.279998779,26.21600008,Thursday,26.30158264
26-08-2016,25.72999954,26.20999908,25.57999992,25.98999977,2233100,25.87000084,-0.005411724,26.13199997,0.629999161,86789.74115,-0.260000229,26.24800005,Friday,26.19765844
29-08-2016,25.65999985,25.90999985,25.64999962,25.76000023,1105700,25.72999954,-0.002720548,25.95200005,0.260000229,43090.41335,-0.100000381,26.29250002,Monday,26.09990233
30-08-2016,25.59000015,25.80999947,25.46999931,25.68000031,1921300,25.65999985,-0.002727969,25.7920002,0.340000153,75080.10897,-0.090000153,26.25100002,Tuesday,26.00719285
31-08-2016,25.51000023,25.70000076,25.35000038,25.54000092,2457200,25.59000015,-0.003126218,25.67200012,0.350000381,96323.00972,-0.030000687,26.18500004,Wednesday,25.91679419
01-09-2016,25.69000053,25.76000023,25.43000031,25.52000046,2285100,25.51000023,0.007056068,25.63600006,0.329999924,88949.00555,0.170000076,26.14850006,Thursday,25.87555898
02-09-2016,25.88999939,25.95999908,25.73999977,25.73999977,1747000,25.69000053,0.007785086,25.66800003,0.219999313,67477.79224,0.149999619,26.12650003,Friday,25.87818451
06-09-2016,25.09000015,25.90999985,24.87999916,25.89999962,4864400,25.88999939,-0.030899933,25.55400009,1.030000687,193878.0379,-0.809999466,26.071,Tuesday,25.73487826
07-09-2016,25.06999969,25.25,24.88999939,25.12000084,2861100,25.09000015,-0.000797149,25.45,0.36000061,114124.4529,-0.050001144,26.04200001,Wednesday,25.61399125
08-09-2016,25.37999916,25.45000076,24.90999985,25,3913400,25.06999969,0.012365356,25.42399979,0.540000916,154192.2825,0.379999161,26.02299995,Thursday,25.57144723
09-09-2016,24.54999924,25.29999924,24.53000069,25.17000008,3856100,25.37999916,-0.032702914,25.19599953,0.76999855,157071.288,-0.620000839,25.9454999,Friday,25.38572942
12-09-2016,25.18000031,25.19000053,24.21999931,24.38999939,3402100,24.54999924,0.025661959,25.05399971,0.970001221,135111.1977,0.790000916,25.88699989,Monday,25.34832412
13-09-2016,24.72999954,25,24.57999992,24.87999916,3402500,25.18000031,-0.017871357,24.98199959,0.420000076,137585.9306,-0.149999619,25.79449987,Tuesday,25.23590147
14-09-2016,24.73999977,24.95999908,24.23999977,24.23999977,1948000,24.72999954,0.000404376,24.9159996,0.719999313,78738.88513,0.5,25.71399984,Wednesday,25.14573753
15-09-2016,24.40999985,24.79999924,24.18000031,24.73999977,4156700,24.73999977,-0.01333872,24.72199974,0.619998932,170286.7688,-0.329999924,25.58599987,Thursday,25.01196704
16-09-2016,24.35000038,24.38999939,23.95999908,24.26000023,5492900,24.40999985,-0.002457987,24.68199997,0.430000305,225581.1053,0.090000153,25.46149988,Friday,24.89160947
19-09-2016,24.54999924,24.68000031,24.28000069,24.44000053,2265500,24.35000038,0.008213505,24.55599976,0.399999619,92281.06193,0.109998703,25.35249987,Monday,24.82949851
20-09-2016,24.27000046,24.70000076,24.26000023,24.70000076,4373800,24.54999924,-0.011405246,24.46399994,0.440000534,180214.2529,-0.430000305,25.23799992,Tuesday,24.7277716
21-09-2016,24.53000069,24.55999947,24.12999916,24.29000092,3483800,24.27000046,0.010712823,24.42200012,0.430000305,142022.0099,0.239999771,25.14499998,Wednesday,24.69181325
22-09-2016,25.70999908,25.82999992,24.45999908,24.47999954,6441600,24.53000069,0.048104295,24.68199997,1.370000839,250548.4337,1.229999542,25.1249999,Thursday,24.87693795
23-09-2016,26.09000015,26.15999985,25.59000015,25.64999962,4432600,25.70999908,0.014780283,25.02999992,0.569999695,169896.5111,0.440000534,25.13599987,Friday,25.09749471
26-09-2016,26.15999985,26.17000008,25.75,26.01000023,4907400,26.09000015,0.002683009,25.35200005,0.420000076,187591.7442,0.149999619,25.15749989,Monday,25.29067746
27-09-2016,26.37000084,26.38999939,25.61000061,25.84000015,4886000,26.15999985,0.008027561,25.77200012,0.779998779,185286.3043,0.530000687,25.19299994,Tuesday,25.48691808
28-09-2016,26.79999924,26.80999947,26.34000015,26.5,3004600,26.37000084,0.016306348,26.22599983,0.469999313,112111.9435,0.299999237,25.25349989,Wednesday,25.72566011
29-09-2016,26.80999947,27.25,26.22999954,26.55999947,3978800,26.79999924,0.000373143,26.44599991,1.020000458,148407.3137,0.25,25.31849985,Thursday,25.92281272
30-09-2016,26.92000008,27.11000061,26.76000023,26.93000031,4818000,26.80999947,0.00410297,26.61199989,0.350000381,178974.7395,-0.010000229,25.37999983,Friday,26.10411951
03-10-2016,27.38999939,27.45000076,26.77000046,26.90999985,4270600,26.92000008,0.017459113,26.8579998,0.680000305,155918.2218,0.479999542,25.45499983,Monday,26.33791585
04-10-2016,27.39999962,27.53000069,27.10000038,27.37999916,3373500,27.38999939,0.000365105,27.06399956,0.430000305,123120.4397,0.020000458,25.5704998,Tuesday,26.53102199
05-10-2016,27.69000053,27.86000061,27.32999992,27.52000046,3702700,27.39999962,0.010583975,27.24199982,0.530000687,133719.7518,0.170000076,25.70149984,Wednesday,26.74174536
06-10-2016,27.84000015,28.26000023,27.51000023,27.62999916,2476900,27.69000053,0.005417104,27.44799995,0.75,88969.10871,0.210000992,25.82449989,Thursday,26.94142805
07-10-2016,27.17000008,27.87000084,27.12999916,27.87000084,3578700,27.84000015,-0.024066095,27.49799995,0.740001678,131715.1266,-0.700000763,25.95549994,Friday,26.9829866
10-10-2016,27.04000092,27.5,27.03000069,27.38999939,2103000,27.17000008,-0.004784658,27.42800026,0.469999313,77773.66601,-0.349998474,26.04849997,Monday,26.99335284
11-10-2016,26.39999962,27.29000092,26.27000046,27,3296900,27.04000092,-0.023668686,27.22800026,1.020000458,124882.5776,-0.600000381,26.13199997,Tuesday,26.88547044
12-10-2016,26.17000008,26.52000046,26.13999939,26.39999962,2448300,26.39999962,-0.008712104,26.92400017,0.380001068,93553.68716,-0.229999542,26.20349998,Wednesday,26.75538492
13-10-2016,25.68000031,25.95000076,25.36000061,25.88999939,2746700,26.17000008,-0.018723721,26.4920002,0.590000153,106958.7215,-0.209999084,26.26700001,Thursday,26.55986044
14-10-2016,25.34000015,25.94000053,25.15999985,25.76000023,3253500,25.68000031,-0.013239881,26.12600021,0.780000687,128393.843,-0.420000076,26.3165,Friday,26.33806766
17-10-2016,25.29000092,25.5,25.20000076,25.29000092,2260300,25.34000015,-0.001973135,25.77600021,0.299999237,89375.2439,0,26.35350008,Monday,26.14751007
18-10-2016,25.20999908,25.69000053,25.18000031,25.60000038,1501200,25.29000092,-0.003163378,25.53800011,0.510000229,59547.80066,-0.390001297,26.40050001,Tuesday,25.97705353
19-10-2016,25.61000061,25.62000084,25.23999977,25.27000046,2193600,25.20999908,0.015866781,25.42600021,0.380001068,85654.03935,0.340000153,26.45450001,Wednesday,25.91031663
20-10-2016,25.70999908,25.79000092,25.37000084,25.55999947,2949900,25.61000061,0.003904665,25.43199997,0.420000076,114737.4603,0.149999619,26.45450001,Thursday,25.87389526
21-10-2016,26.63999939,27.56999969,25.5,25.55999947,10706200,25.70999908,0.036172709,25.69199982,2.069999695,401884.3936,1.079999924,26.48199997,Friday,26.01318692
24-10-2016,26.62000084,26.96999931,26.43000031,26.77000046,4068300,26.63999939,-0.000750696,25.9579998,0.539999008,152828.6954,-0.149999619,26.50500002,Monday,26.12351672
25-10-2016,26.18000031,26.73999977,26.14999962,26.64999962,2230200,26.62000084,-0.016528945,26.15200005,0.590000153,85187.16478,-0.469999313,26.49549999,Tuesday,26.13378647
26-10-2016,26.44000053,26.47999954,26.02000046,26.15999985,1829900,26.18000031,0.009931254,26.31800003,0.459999084,69209.52962,0.280000687,26.47750006,Wednesday,26.18946175
27-10-2016,26.15999985,26.57999992,26.03000069,26.5,2609000,26.44000053,-0.010590041,26.40800018,0.549999237,99732.41648,-0.340000153,26.44500008,Thursday,26.18410504
28-10-2016,25.85000038,26.34000015,25.77000046,26.19000053,2344700,26.15999985,-0.011850133,26.25000038,0.569999695,90704.06056,-0.340000153,26.39150009,Friday,26.12335874
31-10-2016,26.11000061,26.38999939,25.77000046,26.02000046,5694200,25.85000038,0.010058036,26.14800034,0.619998932,218085.0198,0.090000153,26.32750015,Monday,26.12092999
01-11-2016,25.79000092,26.04999924,24.75,25.84000015,6898200,26.11000061,-0.012255829,26.07000046,1.299999237,267475.7563,-0.049999237,26.24700022,Tuesday,26.06076107
02-11-2016,25.20000076,25.70000076,24.98999977,25.69000053,3609400,25.79000092,-0.022877089,25.8220005,0.710000992,143230.1544,-0.489999771,26.12250023,Wednesday,25.90425919
03-11-2016,25.78000069,26.02000046,25.32999992,25.32999992,5001600,25.20000076,0.023015869,25.74600067,0.690000534,194010.856,0.450000763,26.01950026,Thursday,25.88166674
04-11-2016,25.63999939,26.54000092,25.62000084,25.72999954,5613000,25.78000069,-0.005430616,25.70400047,0.920000076,218915.7618,-0.090000153,25.94300022,Friday,25.83772722
07-11-2016,25.54999924,26.19000053,25.53000069,26.19000053,3777900,25.63999939,-0.003510146,25.5920002,0.659999847,147863.0181,-0.640001297,25.86850014,Monday,25.78541304
08-11-2016,25.85000038,25.95000076,25.32999992,25.5,3443600,25.54999924,0.011741728,25.60400009,0.620000839,133214.6982,0.350000381,25.84100018,Tuesday,25.79715619
09-11-2016,25.89999962,26.11000061,24.95000076,25,3128200,25.85000038,0.001934206,25.74399986,1.159999847,120779.9246,0.899999619,25.82750015,Wednesday,25.815855
10-11-2016,26.03000069,26.46999931,25.70999908,25.95000076,4515300,25.89999962,0.005019346,25.79399986,0.760000229,173465.2278,0.079999924,25.84500017,Thursday,25.85479058
11-11-2016,26.44000053,26.51000023,25.51000023,25.61000061,3238700,26.03000069,0.01575105,25.95400009,1,122492.4332,0.829999924,25.90000019,Friday,25.96119239
14-11-2016,28.35000038,28.45999908,26.48999977,26.5,7012900,26.44000053,0.072239025,26.51400032,1.969999313,247368.6034,1.850000381,26.05300016,Monday,26.39552111
15-11-2016,27.79999924,28.35000038,27.29999924,28.35000038,5461500,28.35000038,-0.019400393,26.90400009,1.050001144,196456.8399,-0.550001144,26.18250017,Tuesday,26.65088077
16-11-2016,27.62999916,28.22999954,27.59000015,27.76000023,2678600,27.79999924,-0.006115111,27.25,0.63999939,96945.3522,-0.130001068,26.2835001,Wednesday,26.8289023
17-11-2016,28.03000069,28.17000008,27.45000076,27.5,3577800,27.62999916,0.014477073,27.65,0.719999313,127641.8092,0.530000687,26.39950018,Thursday,27.04728382
18-11-2016,27.5,28.12999916,27.46999931,27.90999985,2588900,28.03000069,-0.018908337,27.86199989,0.659999847,94141.81818,-0.409999847,26.44250021,Friday,27.12959586
21-11-2016,27.54999924,27.95999908,27.48999977,27.5,2003400,27.5,0.001818154,27.70199966,0.469999313,72718.6953,0.049999237,26.48900013,Monday,27.20603283
22-11-2016,27.45999908,27.96999931,27.29000092,27.53000069,3218900,27.54999924,-0.003266793,27.63399963,0.679998398,117221.4169,-0.070001602,26.55300007,Tuesday,27.25220852
23-11-2016,27.35000038,27.53000069,27.17000008,27.44000053,1897300,27.45999908,-0.00400578,27.57799988,0.36000061,69371.11421,-0.090000153,26.59850006,Wednesday,27.26998885
25-11-2016,27.54000092,27.62000084,27.10000038,27.32999992,647400,27.35000038,0.006947003,27.47999992,0.520000458,23507.62449,0.210000992,26.66750011,Friday,27.31908196
28-11-2016,27.21999931,27.5,26.77000046,27.48999977,2467600,27.54000092,-0.01161952,27.42399979,0.729999542,90653.93322,-0.270000458,26.73600006,Monday,27.30106693
29-11-2016,27.64999962,27.65999985,27.15999985,27.25,2647900,27.21999931,0.01579722,27.44399986,0.5,95764.91995,0.399999619,26.81300001,Tuesday,27.36450924
30-11-2016,27.09000015,28,27.09000015,27.71999931,2766700,27.64999962,-0.020253146,27.37000008,0.909999847,102129.9367,-0.629999161,26.87799997,Wednesday,27.31459849
01-12-2016,27.14999962,27.51000023,27.07999992,27.21999931,2909700,27.09000015,0.00221482,27.32999992,0.430000305,107171.2722,-0.069999695,26.97549992,Thursday,27.28467143
02-12-2016,26.60000038,27.52000046,26.52000046,27.01000023,2426400,27.14999962,-0.020257799,27.14199982,1,91218.0438,-0.409999847,27.0164999,Friday,27.16018578
05-12-2016,27.38999939,27.59000015,26.71999931,26.76000023,3066000,26.60000038,0.02969921,27.17599983,0.870000839,111938.6662,0.629999161,27.1039999,Monday,27.20197007
06-12-2016,27.79000092,27.79999924,27.21999931,27.42000008,2188900,27.38999939,0.014603926,27.20400009,0.579999924,78765.74048,0.370000839,27.21599998,Tuesday,27.30888477
07-12-2016,28.79999924,28.86000061,27.73999977,27.82999992,2616400,27.79000092,0.036343947,27.54599991,1.120000839,90847.22463,0.969999313,27.36349993,Wednesday,27.57999649
08-12-2016,29.54999924,29.71999931,28.72999954,28.73999977,2829300,28.79999924,0.026041667,28.02599983,0.989999771,95746.19537,0.809999466,27.54599991,Thursday,27.93817881
09-12-2016,29.10000038,29.62999916,28.61000061,29.54999924,4909700,29.54999924,-0.015228388,28.52599983,1.01999855,168718.2108,-0.449998856,27.69949989,Friday,28.1494191
12-12-2016,28.57999992,28.87999916,27.96999931,28.82999992,4393900,29.10000038,-0.017869431,28.76399994,0.909999847,153740.3783,-0.25,27.80649986,Monday,28.22770652
13-12-2016,28.77000046,29,28.61000061,28.61000061,1859500,28.57999992,0.006648024,28.95999985,0.38999939,64633.29755,0.159999847,27.82749987,Tuesday,28.32630542
14-12-2016,28.68000031,29.06999969,28.54999924,28.73999977,2178100,28.77000046,-0.003128264,28.93600006,0.520000458,75944.90854,-0.059999466,27.87149992,Wednesday,28.39061358
15-12-2016,28.85000038,29,28.53000069,28.70000076,2779600,28.68000031,0.005927478,28.79600029,0.469999313,96346.61918,0.149999619,27.93249998,Thursday,28.47413845
16-12-2016,28.38999939,29.09000015,28.36000061,28.94000053,3359700,28.85000038,-0.015944575,28.65400009,0.729999542,118340.9677,-0.550001144,27.95049992,Friday,28.45884044
19-12-2016,28.17000008,28.65999985,28.07999992,28.48999977,2093300,28.38999939,-0.007749183,28.57200012,0.579999924,74309.54896,-0.319999695,27.98399992,Monday,28.40632401
20-12-2016,28.48999977,28.53000069,28.13999939,28.17000008,1892700,28.17000008,0.011359592,28.51599998,0.390001297,66433.83697,0.319999695,28.03099995,Tuesday,28.42153779
21-12-2016,28.44000053,28.60000038,28.30999947,28.38999939,1233900,28.48999977,-0.001754975,28.46800003,0.290000916,43386.07513,0.050001144,28.08000002,Wednesday,28.42489465
22-12-2016,28.12999916,28.45999908,27.71999931,28.45000076,2061400,28.44000053,-0.010900189,28.32399979,0.739999771,73281.19664,-0.320001602,28.11899996,Thursday,28.37127729
23-12-2016,28,28.27000046,27.92000008,28.17000008,1114400,28.12999916,-0.004621371,28.24599991,0.350000381,39800,-0.170000076,28.14199991,Friday,28.30377233
27-12-2016,28.12000084,28.29999924,27.62000084,28.12999916,1341700,28,0.004285744,28.23600006,0.679998398,47713.36984,-0.009998322,28.18699999,Tuesday,28.27035933
28-12-2016,27.88999939,28.23999977,27.79999924,28.12000084,1197800,28.12000084,-0.008179283,28.11599998,0.440000534,42947.29388,-0.23000145,28.19899998,Wednesday,28.20120298
29-12-2016,27.69000053,28.02000046,27.60000038,27.87999916,1131000,27.88999939,-0.007170988,27.96599998,0.420000076,40845.06963,-0.189998627,28.229,Thursday,28.10825708
30-12-2016,27.40999985,27.75,27.25,27.68000031,1573100,27.69000053,-0.010111978,27.82200012,0.5,57391.46329,-0.270000458,28.24200001,Friday,27.98130122
03-01-2017,27.95999908,28.30999947,27.65999985,27.65999985,2626200,27.40999985,0.020065642,27.81399994,0.649999619,93927.0417,0.299999237,28.30999994,Tuesday,27.9774281
04-01-2017,28.29000092,28.45000076,27.92000008,27.97999954,2017800,27.95999908,0.011802641,27.84799995,0.530000687,71325.55443,0.310001373,28.35500002,Wednesday,28.03425952
05-01-2017,27.20000076,28.17000008,27.13999939,27.81999969,3664200,28.29000092,-0.03852952,27.71000023,1.030000687,134713.2315,-0.619998932,28.32550001,Thursday,27.88257611
06-01-2017,27.47999954,27.80999947,27.12999916,27.22999954,3337400,27.20000076,0.010294072,27.66800003,0.680000305,121448.3281,0.25,28.25950003,Friday,27.80938037
09-01-2017,26.87000084,27.42000008,26.84000015,27.30999947,2382600,27.47999954,-0.022197915,27.56000023,0.579999924,88671.37795,-0.439998627,28.12550011,Monday,27.63858409
10-01-2017,26.34000015,26.78000069,26.15999985,26.38999939,5618600,26.87000084,-0.019724625,27.23600044,0.620000839,213310.5531,-0.049999237,27.9875001,Tuesday,27.40247792
11-01-2017,26.51000023,26.53000069,26.12000084,26.34000015,5780000,26.34000015,0.006454065,26.88000031,0.409999847,218030.9298,0.170000076,27.88400011,Wednesday,27.24020925
12-01-2017,27.20000076,27.28000069,26.34000015,26.36000061,3818800,26.51000023,0.026027934,26.88000031,0.940000534,140397.0549,0.840000153,27.80550013,Thursday,27.23289862
13-01-2017,27.39999962,27.47999954,27.01000023,27.17000008,2285600,27.20000076,0.007352899,26.86400032,0.469999313,83416.05956,0.229999542,27.74150009,Friday,27.26328062
17-01-2017,27.80999947,27.84000015,27.20999908,27.38999939,2651900,27.39999962,0.014963498,27.05200005,0.630001068,95357.7868,0.420000076,27.68950005,Tuesday,27.36268404
18-01-2017,28.01000023,28.21999931,27.73999977,27.95000076,2497300,27.80999947,0.007191685,27.38600006,0.479999542,89157.44304,0.059999466,27.67050009,Wednesday,27.4803779
19-01-2017,28,28.20000076,27.76000023,28.10000038,2148800,28.01000023,-0.000357024,27.68400002,0.440000534,76742.85714,-0.100000381,27.66200008,Thursday,27.57485464
20-01-2017,27.88999939,28.21999931,27.81999969,28.04000092,2059100,28,-0.003928593,27.82199974,0.399999619,73829.33112,-0.150001526,27.63200006,Friday,27.63215369
23-01-2017,28.27000046,28.32999992,27.80999947,27.88999939,2241300,27.88999939,0.013624994,27.99599991,0.520000458,79281.92302,0.380001068,27.62350006,Monday,27.74812583
24-01-2017,28.48999977,28.54000092,28.04000092,28.31999969,1499700,28.27000046,0.007782077,28.13199997,0.5,52639.52306,0.170000076,27.64150009,Tuesday,27.883012
25-01-2017,27.57999992,28.97999954,27.40999985,28.62000084,6358300,28.48999977,-0.031941027,28.04599991,1.569999695,230540.2472,-1.040000916,27.62050009,Wednesday,27.82791889
26-01-2017,27.89999962,28.20000076,27.54000092,27.79999924,3511200,27.57999992,0.0116026,28.02599983,0.659999847,125849.4641,0.100000381,27.60950003,Thursday,27.84102448
27-01-2017,28.05999947,28.34000015,27.68000031,27.95999908,2106100,27.89999962,0.005734762,28.05999985,0.659999847,75057.0221,0.100000381,27.61800003,Friday,27.88083811
30-01-2017,27.97999954,28.15999985,27.67000008,28.06999969,1665300,28.05999947,-0.002851031,28.00199966,0.489999771,59517.51348,-0.090000153,27.63249998,Monday,27.89886746
31-01-2017,28.35000038,28.68000031,27.5,27.95000076,3789800,27.97999954,0.013223761,27.97399979,1.180000305,133679.0105,0.399999619,27.67950001,Tuesday,27.98089163
01-02-2017,28.04000092,28.56999969,27.68000031,28.31999969,2662700,28.35000038,-0.010934725,28.06599998,0.88999939,94960.76723,-0.279998779,27.6835001,Wednesday,27.99163877
02-02-2017,27.79000092,28.02000046,27.61000061,27.95999908,2295000,28.04000092,-0.008915834,28.04400024,0.409999847,82583.66047,-0.169998169,27.6585001,Thursday,27.95497735
03-02-2017,28.09000015,28.14999962,27.82999992,27.87000084,1497100,27.79000092,0.010795222,28.05000038,0.319999695,53296.54652,0.219999313,27.70300007,Friday,27.97952695
06-02-2017,27.96999931,28.26000023,27.86000061,27.97999954,2060000,28.09000015,-0.004272013,28.04800034,0.399999619,73650.34146,-0.010000229,27.72750006,Monday,27.97779465
07-02-2017,27.98999977,28.09000015,27.57999992,27.95999908,1448300,27.96999931,0.000715068,27.97600021,0.510000229,51743.48024,0.030000687,27.7835,Tuesday,27.98001376
08-02-2017,27.53000069,28.01000023,27.34000015,28.01000023,2140100,27.98999977,-0.016434408,27.87400017,0.670000076,77737.01223,-0.479999542,27.84300003,Wednesday,27.8981932
09-02-2017,27.95999908,28.29000092,27.54999924,27.59000015,2436600,27.53000069,0.015619266,27.9079998,0.740001678,87145.9256,0.369998932,27.91549997,Thursday,27.90943064
10-02-2017,28.47999954,28.56999969,27.92000008,28,2915800,27.95999908,0.018598014,27.98599968,0.649999619,102380.6196,0.479999542,27.97949991,Friday,28.01317044
13-02-2017,29.03000069,29.20000076,28.51000023,28.51000023,5129600,28.47999954,0.019311838,28.19799995,0.690000534,176699.9614,0.520000458,28.06099997,Monday,28.19804866
14-02-2017,28.53000069,28.93000031,27.65999985,28.75,7141200,29.03000069,-0.017223561,28.30600014,1.270000458,250304.9361,-0.219999313,28.09700003,Tuesday,28.25840358
15-02-2017,28.48999977,28.92000008,28.35000038,28.46999931,3837200,28.53000069,-0.001402065,28.49799995,0.569999695,134685.8558,0.020000458,28.121,Wednesday,28.30051198
16-02-2017,28.56999969,28.86000061,28.47999954,28.56999969,3025100,28.48999977,0.002808,28.62000008,0.380001068,105883.7953,0,28.14949999,Thursday,28.34950974
17-02-2017,28.68000031,28.95999908,28.54999924,28.57999992,1987500,28.56999969,0.003850214,28.66000023,0.409999847,69299.16244,0.100000381,28.18900003,Friday,28.40959894
21-02-2017,29.62000084,29.88999939,28.61000061,28.62000084,5847600,28.68000031,0.032775472,28.77800026,1.279998779,197420.6561,1,28.25650005,Tuesday,28.62967201
22-02-2017,29.51000023,29.72999954,29.27000046,29.40999985,3441800,29.62000084,-0.003713727,28.97400017,0.459999084,116631.6494,0.100000381,28.30750008,Wednesday,28.78973169
23-02-2017,29.5,29.90999985,29.29999924,29.60000038,1850100,29.51000023,-0.000338876,29.17600021,0.61000061,62715.25424,-0.100000381,28.40350008,Thursday,28.91887138
24-02-2017,29.27000046,29.51000023,29,29.45999908,2028800,29.5,-0.007796595,29.31600037,0.510000229,69313.28897,-0.189998627,28.47200012,Friday,28.98271303
27-02-2017,29.04999924,29.37999916,28.84000015,29.19000053,2091500,29.27000046,-0.00751627,29.39000015,0.539999008,71996.55955,-0.140001297,28.52150011,Monday,28.99494689
28-02-2017,28.76000023,29.17000008,28.57999992,29.17000008,2100100,29.04999924,-0.009982754,29.21800003,0.590000153,73021.55714,-0.409999847,28.56050014,Tuesday,28.95222931
01-03-2017,28.52000046,29.02000046,28.47999954,29.01000023,2360200,28.76000023,-0.008344915,29.02000008,0.540000916,82755.9594,-0.489999771,28.56900015,Wednesday,28.87364225
02-03-2017,28.48999977,28.51000023,27.84000015,28.40999985,4948400,28.52000046,-0.001051917,28.81800003,0.670000076,173689.0151,0.079999924,28.59150009,Thursday,28.80388907
03-03-2017,27.88999939,28.52000046,27.86000061,28.47999954,3464700,28.48999977,-0.021060035,28.54199982,0.659999847,124227.3243,-0.590000153,28.59650002,Friday,28.63772731
06-03-2017,27.78000069,27.87000084,27.31999969,27.77000046,4676100,27.88999939,-0.00394402,28.28800011,0.550001144,168326.1297,0.010000229,28.58100004,Monday,28.48177701
07-03-2017,27.75,28.12000084,27.5,27.67000008,4586500,27.78000069,-0.001079938,28.08600006,0.620000839,165279.2793,0.079999924,28.57000008,Tuesday,28.34872665
08-03-2017,27.97999954,28.23999977,27.80999947,27.80999947,3091300,27.75,0.008288272,27.97799988,0.430000305,110482.4893,0.170000076,28.56950006,Wednesday,28.28168536
09-03-2017,27.86000061,28.17000008,27.64999962,27.85000038,2115300,27.97999954,-0.00428874,27.85200005,0.520000458,75926.0572,0.010000229,28.58600006,Thursday,28.2050154
10-03-2017,27.69000053,28.02000046,27.47999954,27.97999954,1807800,27.86000061,-0.006101941,27.81200027,0.540000916,65287.106,-0.289999008,28.57250013,Friday,28.11137634
13-03-2017,27.5,27.71999931,27.29999924,27.70000076,2155600,27.69000053,-0.006861702,27.75600014,0.420000076,78385.45455,-0.200000763,28.52350016,Monday,28.000217
14-03-2017,27.45999908,27.82999992,27.22999954,27.46999931,1763900,27.5,-0.001454579,27.69799995,0.600000381,64235.25342,-0.010000229,28.44500008,Tuesday,27.90199556
15-03-2017,28,28.10000038,27.30999947,27.45999908,2610700,27.45999908,0.019665001,27.70200005,0.790000916,93239.28571,0.540000916,28.41850004,Wednesday,27.91981455
16-03-2017,28.14999962,28.35000038,27.42000008,27.97999954,3074900,28,0.005357129,27.75999985,0.930000305,109232.6835,0.170000076,28.40150003,Thursday,27.96166638
17-03-2017,28.01000023,28.25,27.82999992,28.25,2310800,28.14999962,-0.004973335,27.82399979,0.420000076,82499.10679,-0.239999771,28.37350006,Friday,27.97045435
20-03-2017,27.72999954,28.04000092,27.72999954,27.98999977,2267700,28.01000023,-0.009996454,27.86999969,0.310001373,81777.85927,-0.260000229,28.32600002,Monday,27.9267353
21-03-2017,27.44000053,28,27.37000084,27.89999962,1466400,27.72999954,-0.010457952,27.86599998,0.629999161,53440.2322,-0.459999084,28.21700001,Tuesday,27.83823807
22-03-2017,27.54000092,27.67000008,27.14999962,27.47999954,1616300,27.44000053,0.003644329,27.77400017,0.520000458,58689.17742,0.060001373,28.11850004,Wednesday,27.78401313
23-03-2017,27.67000008,27.79999924,27.35000038,27.5,1361700,27.54000092,0.004720376,27.67800026,0.449998856,49212.14298,0.170000076,28.02700005,Thursday,27.76328348
24-03-2017,27.54000092,27.72999954,27.43000031,27.72999954,2471000,27.67000008,-0.004698199,27.5840004,0.299999237,89724.03478,-0.189998627,27.94050007,Friday,27.72268665
27-03-2017,27.62999916,27.65999985,27.30999947,27.47999954,2530900,27.54000092,0.00326791,27.56400032,0.350000381,91599.71324,0.149999619,27.86950006,Monday,27.70583438
28-03-2017,27.68000031,27.81999969,27.42000008,27.64999962,1679900,27.62999916,0.001809669,27.61200027,0.399999619,60690.02823,0.030000687,27.81550007,Tuesday,27.70113728
29-03-2017,28.05999947,28.12999916,27.48999977,27.61000061,2731400,27.68000031,0.013728293,27.71599998,0.63999939,97341.41311,0.449998856,27.79250002,Wednesday,27.76638495
30-03-2017,28.70000076,28.72999954,28.01000023,28.04999924,2101000,28.05999947,0.022808315,27.92200012,0.719999313,73205.57297,0.650001526,27.80300007,Thursday,27.93613328
31-03-2017,29.09000015,29.18000031,28.52000046,28.71999931,3415200,28.70000076,0.013588829,28.23199997,0.659999847,117401.1682,0.370000839,27.86300011,Friday,28.14592726
03-04-2017,28.93000031,29.26000023,28.59000015,29.10000038,3830600,29.09000015,-0.005500167,28.4920002,0.670000076,132409.2623,-0.170000076,27.92050009,Monday,28.28848599
04-04-2017,29.27000046,29.29000092,28.87999916,28.87999916,2385400,28.93000031,0.011752511,28.81000023,0.410001755,81496.41143,0.390001297,27.99650011,Tuesday,28.46694317
05-04-2017,29.36000061,29.87999916,29.31999969,29.42000008,4305400,29.27000046,0.003074826,29.07000046,0.559999466,146641.6863,-0.059999466,28.06550016,Wednesday,28.62931725
06-04-2017,29.29999924,29.5,29.02000046,29.34000015,3256900,29.36000061,-0.002043643,29.19000015,0.479999542,111156.9995,-0.040000916,28.1375001,Thursday,28.75125943
07-04-2017,29.20999908,29.40999985,29.12000084,29.32999992,2298300,29.29999924,-0.003071678,29.21399994,0.289999008,78681.9607,-0.120000839,28.21350002,Friday,28.83466664
10-04-2017,29.19000053,29.44000053,29.13999939,29.22999954,1616800,29.20999908,-0.000684647,29.26599998,0.300001144,55388.83078,-0.039999008,28.29800005,Monday,28.8992728
11-04-2017,29.04000092,29.23999977,28.82999992,29.23999977,1644900,29.19000053,-0.005138733,29.22000008,0.409999847,56642.5602,-0.199998856,28.37700014,Tuesday,28.92485973
12-04-2017,28.69000053,29.03000069,28.62999916,28.98999977,2869300,29.04000092,-0.012052354,29.08600006,0.400001526,100010.4547,-0.299999237,28.41150017,Wednesday,28.88215806
13-04-2017,28.29000092,28.75,28.21999931,28.65999985,2493100,28.69000053,-0.013942127,28.8840004,0.530000687,88126.54363,-0.369998932,28.41850023,Thursday,28.77449312
17-04-2017,28.5,28.59000015,28.25,28.40999985,1435100,28.29000092,0.007423085,28.74200058,0.340000153,50354.38596,0.090000153,28.44300022,Monday,28.72458528
18-04-2017,28.61000061,28.70000076,28.32999992,28.44000053,2202100,28.5,0.003859671,28.6260006,0.370000839,76969.58941,0.170000076,28.48700027,Tuesday,28.70375171
19-04-2017,28.92000008,29.14999962,28.68000031,28.68000031,1809900,28.61000061,0.010835353,28.60200043,0.469999313,62582.98739,0.239999771,28.56100025,Wednesday,28.74306959
20-04-2017,29.31999969,30.25,29.03000069,30.25,2126300,28.92000008,0.013831245,28.72800026,1.219999313,72520.4646,-0.930000305,28.65000019,Thursday,28.84796597
21-04-2017,29.15999985,29.46999931,29.11000061,29.30999947,1439800,29.31999969,-0.005457021,28.90200005,0.359998703,49375.8576,-0.149999619,28.72450018,Friday,28.90469941
24-04-2017,29.39999962,29.70999908,29.31999969,29.63999939,1938100,29.15999985,0.008230445,29.08199997,0.38999939,65921.76956,-0.239999771,28.81750011,Monday,28.99475399
25-04-2017,29.29000092,29.56999969,29.26000023,29.40999985,1927600,29.39999962,-0.003741453,29.21800003,0.309999466,65810.85489,-0.119998932,28.9005002,Tuesday,29.04843525
26-04-2017,29.38999939,29.5,29.22999954,29.37000084,1823400,29.29000092,0.003414082,29.31199989,0.270000458,62041.51201,0.01999855,28.98600016,Wednesday,29.11053782
27-04-2017,29.38999939,29.47999954,29.23999977,29.47999954,1716600,29.38999939,0,29.32599983,0.239999771,58407.62285,-0.090000153,29.05250015,Thursday,29.16134901
28-04-2017,28.78000069,29.35000038,28.44000053,29.35000038,3527900,29.38999939,-0.020755315,29.25,0.909999847,122581.651,-0.569999695,29.05650015,Friday,29.09201295
01-05-2017,27.97999954,29,27.95999908,28.94000053,4344200,28.78000069,-0.02779712,28.96599998,1.040000916,155260.9032,-0.960000992,29.00100012,Monday,28.8898287
02-05-2017,27.95999908,28.28000069,27.37999916,28.07999992,3994400,27.97999954,-0.000714813,28.69999962,0.900001526,142861.235,-0.120000839,28.95250006,Tuesday,28.72076877
03-05-2017,26.78000069,27.87000084,26.38999939,27.81999969,7581900,27.95999908,-0.042203091,28.17799988,1.48000145,283117.9912,-1.039999008,28.82800007,Wednesday,28.36790184
04-05-2017,26.62999916,26.98999977,26,26.71999931,7961200,26.78000069,-0.005601252,27.62599983,0.989999771,298956.074,-0.090000153,28.6915,Thursday,28.05191954
05-05-2017,27.09000015,27.12000084,26.73999977,26.78000069,4073300,26.62999916,0.017273789,27.28799973,0.380001068,150361.7563,0.309999466,28.58100004,Friday,27.8770251
08-05-2017,27.25,27.39999962,26.55999947,27.39999962,5843800,27.09000015,0.005906233,27.14199982,0.840000153,214451.3761,-0.149999619,28.48300009,Monday,27.76302054
09-05-2017,26.65999985,26.89999962,25.79000092,26.46999931,6171800,27.25,-0.021651382,26.88199997,1.109998703,231500.3764,0.190000534,28.35650005,Tuesday,27.56247132
10-05-2017,26.11000061,26.60000038,26,26.48999977,5312200,26.65999985,-0.020630129,26.74799995,0.600000381,203454.6103,-0.379999161,28.21000004,Wednesday,27.29838574
11-05-2017,26.32999992,26.38999939,25.89999962,26.10000038,3150700,26.11000061,0.008425864,26.68800011,0.489999771,119661.9829,0.229999542,28.09200001,Thursday,27.12231559
12-05-2017,26.06999969,26.38999939,26,26.31999969,1791300,26.32999992,-0.009874676,26.48400002,0.38999939,68711.16306,-0.25,27.98099995,Friday,26.93098543
15-05-2017,26.01000023,26.19000053,25.88999939,26.04000092,2565400,26.06999969,-0.002301476,26.23600006,0.300001144,98631.29479,-0.030000687,27.85649996,Monday,26.76353357
16-05-2017,25.57999992,26.05999947,25.21999931,26.01000023,3455700,26.01000023,-0.016532115,26.02000008,0.840000153,135093.8237,-0.430000305,27.70499992,Tuesday,26.54834564
17-05-2017,25.11000061,25.56999969,25.06999969,25.43000031,3577500,25.57999992,-0.018373703,25.82000008,0.5,142473.1148,-0.319999695,27.51449995,Wednesday,26.28682836
18-05-2017,25.18000031,25.39999962,24.87999916,25.02000046,1896100,25.11000061,0.002787722,25.59000015,0.520000458,75301.82593,0.159999847,27.30749998,Thursday,26.0855869
19-05-2017,25.87000084,25.93000031,25.07999992,25.12999916,2324300,25.18000031,0.027402721,25.55000038,0.850000381,89845.37784,0.740001678,27.14300003,Friday,26.04638943
22-05-2017,26.20999908,26.27000046,25.77000046,25.80999947,2855400,25.87000084,0.013142568,25.59000015,0.5,108943.1553,0.399999619,26.9835,Monday,26.07613664
23-05-2017,25.62999916,26.20000076,25.46999931,26.15999985,3219800,26.20999908,-0.022128956,25.6,0.73000145,125626.2234,-0.530000687,26.80049992,Tuesday,25.99502073
24-05-2017,25.45999908,25.80999947,25.27000046,25.72999954,2926500,25.62999916,-0.006632855,25.66999969,0.539999008,114945.0159,-0.270000458,26.6039999,Wednesday,25.89774407
25-05-2017,25.60000038,25.86000061,25.45000076,25.52000046,2522000,25.45999908,0.005498873,25.75399971,0.409999847,98515.62353,0.079999924,26.41449995,Thursday,25.84360885
26-05-2017,25.87000084,25.87000084,25.54999924,25.65999985,1837500,25.60000038,0.010546893,25.75399971,0.320001602,71028.21571,0.210000992,26.26899996,Friday,25.8484074
30-05-2017,26.20000076,26.23999977,25.76000023,25.89999962,3552000,25.87000084,0.012756085,25.75200005,0.479999542,135572.5151,0.300001144,26.18000002,Tuesday,25.91233346
31-05-2017,26.5,26.95000076,25.98999977,26.20999908,5265100,26.20000076,0.011450352,25.92600021,0.960000992,198683.0189,0.290000916,26.10700006,Wednesday,26.01918193
01-06-2017,26.73999977,26.78000069,26.15999985,26.5,2672400,26.5,0.009056595,26.18200035,0.620000839,99940.1654,0.239999771,26.10500002,Thursday,26.15023972
02-06-2017,26.48999977,26.95000076,26.45000076,26.67000008,2165700,26.73999977,-0.00934929,26.36000023,0.5,81755.38009,-0.180000305,26.09800005,Friday,26.21201427
05-06-2017,26.20999908,26.46999931,25.88999939,26.38999939,2476500,26.48999977,-0.010570052,26.42799988,0.579999924,94486.84039,-0.180000305,26.054,Monday,26.21164787
06-06-2017,26.15999985,26.29000092,25.89999962,26.02000046,2612000,26.20999908,-0.00190764,26.41999969,0.390001297,99847.09538,0.13999939,25.99949999,Tuesday,26.20225732
07-06-2017,26.40999985,26.43000031,26.05999947,26.20000076,3637900,26.15999985,0.009556575,26.40199966,0.370000839,137747.0663,0.209999084,25.98699999,Wednesday,26.24002869
08-06-2017,26.06999969,26.48999977,25.97999954,26.48999977,3517600,26.40999985,-0.012873917,26.26799965,0.510000229,134929.0388,-0.420000076,25.98499994,Thursday,26.20911433
09-06-2017,26.10000038,26.28000069,25.53000069,26.06999969,4043100,26.06999969,0.001150774,26.18999977,0.75,154908.0437,0.030000687,25.97349997,Friday,26.18927543
12-06-2017,26.59000015,27.22999954,26.04000092,26.07999992,5515400,26.10000038,0.018773937,26.26599998,1.189998627,207423.8424,0.510000229,25.99949999,Monday,26.26213447
13-06-2017,26.44000053,26.60000038,26.12999916,26.56999969,1993700,26.59000015,-0.005641204,26.32200012,0.470001221,75404.68834,-0.129999161,26.021,Tuesday,26.29447375
14-06-2017,26.27000046,26.62000084,26.01000023,26.53000069,2046500,26.44000053,-0.006429655,26.29400024,0.61000061,77902.54908,-0.260000229,26.05550003,Wednesday,26.29002406
15-06-2017,26.40999985,26.5,26.09000015,26.09000015,2044400,26.27000046,0.00532925,26.36200027,0.409999847,77410.07239,0.319999695,26.12049999,Thursday,26.31183784
16-06-2017,26.52000046,26.54000092,26.07999992,26.28000069,2257500,26.40999985,0.004165112,26.44600029,0.460000992,85124.43292,0.239999771,26.1875,Friday,26.34968559
19-06-2017,26.43000031,26.64999962,26.39999962,26.56999969,1925100,26.52000046,-0.003393671,26.41400032,0.25,72837.68361,-0.13999939,26.21549997,Monday,26.36428827
20-06-2017,25.51000023,26.42000008,25.5,26.35000038,2682800,26.43000031,-0.034808932,26.22800026,0.920000076,105166.6004,-0.840000153,26.18050003,Tuesday,26.20896317
21-06-2017,25.57999992,25.69000053,25.09000015,25.55999947,3490600,25.51000023,0.00274401,26.09000015,0.600000381,136458.1709,0.020000458,26.17800007,Wednesday,26.09460621
22-06-2017,25.52000046,25.75,25.32999992,25.63999939,2095500,25.57999992,-0.002345562,25.91200027,0.420000076,82112.06749,-0.119998932,26.18100014,Thursday,25.99013244
23-06-2017,25.79000092,25.81999969,25.38999939,25.51000023,4660900,25.52000046,0.010579955,25.76600037,0.430000305,180725.0808,0.280000687,26.19050016,Friday,25.95374489
26-06-2017,26.20000076,26.35000038,25.78000069,25.84000015,1949500,25.79000092,0.015897628,25.72000046,0.569999695,74408.39478,0.36000061,26.20700016,Monday,25.99851869
27-06-2017,26.12999916,26.34000015,26.04999924,26.11000061,2508600,26.20000076,-0.002671817,25.84400024,0.290000916,96004.59551,0.01999855,26.20350008,Tuesday,26.02242423
28-06-2017,26.13999939,26.54999924,26.04000092,26.26000023,3171300,26.12999916,0.000382711,25.95600014,0.509998322,121319.8192,-0.120000839,26.18550005,Wednesday,26.04380153
29-06-2017,26,26.36000061,25.76000023,26.11000061,2708400,26.13999939,-0.005355753,26.05200005,0.600000381,104169.2308,-0.11000061,26.14850006,Thursday,26.03583761
30-06-2017,25.82999992,26.14999962,25.67000008,26.14999962,3061800,26,-0.006538464,26.05999985,0.479999542,118536.5857,-0.319999695,26.11550007,Friday,25.99841258
03-07-2017,26.20000076,26.69000053,26.03000069,26.03000069,1333600,25.82999992,0.014324461,26.05999985,0.659999847,50900.76188,0.170000076,26.11500015,Monday,26.03506498
05-07-2017,26.07999992,26.43000031,26.04999924,26.20999908,1912200,26.20000076,-0.004580185,26.05,0.380001068,73320.55236,-0.129999161,26.11100016,Wednesday,26.04323497
06-07-2017,25.78000069,26.01000023,25.64999962,25.96999931,1545400,26.07999992,-0.011503038,25.97800026,0.36000061,59945.69274,-0.189998627,26.0795002,Thursday,25.99537419
07-07-2017,25.81999969,25.95000076,25.44000053,25.78000069,1711000,25.78000069,0.001551552,25.9420002,0.510000229,66266.46089,0.039999008,26.0670002,Friday,25.96348792
10-07-2017,26.25,26.30999947,25.76000023,25.82999992,2661300,25.81999969,0.016653769,26.02600021,0.549999237,101382.8571,0.420000076,26.07450018,Monday,26.01558102
11-07-2017,26.20000076,26.29000092,26.01000023,26.12999916,1429600,26.25,-0.001904733,26.02600021,0.280000687,54564.88391,0.070001602,26.05500021,Tuesday,26.04911188
12-07-2017,26.17000008,26.45000076,26.09000015,26.44000053,1211700,26.20000076,-0.001145064,26.04400024,0.36000061,46301.108,-0.270000458,26.04150019,Wednesday,26.07109156
13-07-2017,26.15999985,26.37000084,26.05999947,26.09000015,1554000,26.17000008,-0.000382126,26.12000008,0.310001373,59403.67007,0.069999695,26.03600016,Thursday,26.0872567
14-07-2017,26.21999931,26.44000053,26.20000076,26.25,1634500,26.15999985,0.002293558,26.2,0.239999771,62337.91162,-0.030000687,26.02650013,Friday,26.11139172
17-07-2017,26.39999962,26.52000046,26.06999969,26.23999977,2750100,26.21999931,0.006865,26.22999992,0.450000763,104170.4561,0.159999847,26.02050009,Monday,26.16386588
18-07-2017,26.04999924,26.37999916,25.85000038,26.27000046,1989400,26.39999962,-0.01325759,26.19999962,0.529998779,76368.52431,-0.220001221,26.00150003,Tuesday,26.14316286
19-07-2017,27.18000031,27.92000008,26.65999985,27.79000092,12387700,26.04999924,0.043378161,26.40199966,1.260000229,455765.2635,-0.61000061,26.08500004,Wednesday,26.33167876
20-07-2017,26.60000038,27.59000015,26.57999992,27.18000031,5858000,27.18000031,-0.021339217,26.48999977,1.010000229,220225.5608,-0.579999924,26.13600006,Thursday,26.38046451
21-07-2017,26.54999924,26.75,26.32999992,26.64999962,3502000,26.60000038,-0.001879742,26.55599976,0.420000076,131902.0754,-0.100000381,26.1875,Friday,26.411289
24-07-2017,26.48999977,26.60000038,26.29000092,26.48999977,2253400,26.54999924,-0.002259867,26.57399979,0.309999466,85066.0634,0,26.22249994,Monday,26.42560005
25-07-2017,25.93000031,26.63999939,25.62000084,26.48999977,7499200,26.48999977,-0.021140033,26.55,1.01999855,289209.4065,-0.559999466,26.20899992,Tuesday,26.33549101
26-07-2017,26.57999992,26.78000069,25.89999962,25.89999962,4456600,25.93000031,0.025067474,26.42999992,0.880001068,167667.4196,0.680000305,26.23149996,Wednesday,26.37994717
27-07-2017,26.38999939,26.86000061,25.52000046,25.89999962,12714200,26.57999992,-0.007148252,26.38799973,1.340000153,481780.9888,0.489999771,26.24399996,Thursday,26.38177485
28-07-2017,26.79999924,26.87000084,26.12000084,26.34000015,6784500,26.38999939,0.015536183,26.43799973,0.75,253152.9923,0.459999084,26.28399992,Friday,26.45781565
31-07-2017,24.60000038,26.42000008,24.19000053,26.39999962,25688700,26.79999924,-0.082089512,26.05999985,2.229999542,1044256.081,-1.799999237,26.22249994,Monday,26.12003105
01-08-2017,24.37999916,24.95999908,24.13999939,24.77000046,8105800,24.60000038,-0.008943139,25.74999962,0.819999695,332477.452,-0.390001297,26.13149986,Tuesday,25.80366162
02-08-2017,25.01000023,25.04000092,24.30999947,24.54999924,5025100,24.37999916,0.025840898,25.43599968,0.73000145,200923.6287,0.460000992,26.07799988,Wednesday,25.65935955
03-08-2017,24.73999977,25.04000092,24.69000053,24.93000031,3960700,25.01000023,-0.0107957,25.10599976,0.350000381,160092.9683,-0.190000534,26.02599983,Thursday,25.49220322
04-08-2017,23.72999954,24.86000061,23.68000031,24.86000061,7408000,24.73999977,-0.040824585,24.49199982,1.180000305,312178.6828,-1.130001068,25.92149982,Friday,25.17180256
07-08-2017,24.25,24.30999947,23.77000046,23.79000092,4762300,23.72999954,0.02191321,24.42199974,0.539999008,196383.5052,0.459999084,25.82149982,Monday,25.00420209
08-08-2017,24.29999924,24.68000031,24.13999939,24.46999931,3261900,24.25,0.002061824,24.40599976,0.540000916,134234.5721,-0.170000076,25.72649975,Tuesday,24.87616521
09-08-2017,23.60000038,24.17000008,23.04000092,24,6880100,24.29999924,-0.028806538,24.12399979,1.129999161,291529.6563,-0.399999619,25.59799976,Wednesday,24.64413524
10-08-2017,23,23.62000084,22.87000084,23.48999977,3807500,23.60000038,-0.025423745,23.77599983,0.75,165543.4783,-0.489999771,25.43999977,Thursday,24.34520156
11-08-2017,22.90999985,23.14999962,22.81999969,23.03000069,3274400,23,-0.00391305,23.61199989,0.329999924,142924.4881,-0.120000839,25.2744998,Friday,24.08425579
14-08-2017,22.89999962,23.28000069,22.86000061,23.11000061,3522600,22.90999985,-0.000436501,23.34199982,0.420000076,153825.3301,-0.210000992,25.0994998,Monday,23.86893649
15-08-2017,22.76000023,23,22.71999931,22.85000038,2270800,22.89999962,-0.006113511,23.03400002,0.280000687,99771.52799,-0.090000153,24.93499985,Tuesday,23.66731171
16-08-2017,22.60000038,23.10000038,22.51000023,22.97999954,4263500,22.76000023,-0.00702987,22.83400002,0.590000153,188650.4393,-0.379999161,24.70599985,Wednesday,23.47325511
17-08-2017,22.23999977,22.59000015,22.12000084,22.46999931,4143700,22.60000038,-0.01592923,22.68199997,0.469999313,186317.448,-0.229999542,24.48799982,Thursday,23.24902687
18-08-2017,22.48999977,22.72999954,22.22999954,22.27000046,4179200,22.23999977,0.011241007,22.59799995,0.5,185824.8129,0.219999313,24.28499985,Friday,23.11102194
21-08-2017,22.34000015,22.61000061,22.19000053,22.48999977,2601800,22.48999977,-0.006669614,22.48600006,0.420000076,116463.7414,-0.149999619,24.07749987,Monday,22.97083616
22-08-2017,22.48999977,22.53000069,22.27000046,22.38999939,2858600,22.34000015,0.006714396,22.43199997,0.260000229,127105.3815,0.100000381,23.90549984,Tuesday,22.88341136
23-08-2017,22.48999977,22.65999985,22.40999985,22.43000031,2347500,22.48999977,0,22.40999985,0.25,104379.7254,0.059999466,23.70099983,Wednesday,22.81188198
24-08-2017,22.52000046,22.64999962,22.37999916,22.44000053,2072600,22.48999977,0.001333957,22.46599998,0.270000458,92033.74591,0.079999924,23.50749989,Thursday,22.75881261
25-08-2017,22.65999985,22.78000069,22.5,22.56999969,2418600,22.52000046,0.006216669,22.5,0.280000687,106734.3343,0.090000153,23.30049992,Friday,22.74084666
28-08-2017,22.80999947,23.30999947,22.70000076,22.70999908,4610400,22.65999985,0.006619577,22.59399986,0.609998703,202121.8811,0.100000381,23.21099987,Monday,22.75341989
29-08-2017,22.45000076,22.65999985,22.12000084,22.55999947,3896000,22.80999947,-0.015782495,22.58600006,0.539999008,173541.1968,-0.109998703,23.11449995,Tuesday,22.69825278
30-08-2017,22.19000053,22.47999954,22.17000008,22.45000076,2739100,22.45000076,-0.011581302,22.52600021,0.309999466,123438.4828,-0.260000229,22.97349997,Wednesday,22.60584328
31-08-2017,22.20999908,22.26000023,22.11000061,22.12999916,2606100,22.19000053,0.000901242,22.46399994,0.149999619,117339.0413,0.079999924,22.84699993,Thursday,22.53387161
01-09-2017,22.15999985,22.48999977,22.12999916,22.27000046,1770100,22.20999908,-0.002251204,22.36399994,0.36000061,79878.15939,-0.11000061,22.76849995,Friday,22.46589492
05-09-2017,21.62000084,22.36000061,21.48999977,22.17000008,2556600,22.15999985,-0.024368186,22.12600021,0.870000839,118251.6143,-0.549999237,22.63699999,Tuesday,22.312096
06-09-2017,21.86000061,21.98999977,21.54000092,21.62999916,2667300,21.62000084,0.011100822,22.00800018,0.449998856,122017.3799,0.23000145,22.51500006,Wednesday,22.22989684
07-09-2017,21.34000015,22,21.14999962,21.94000053,6688100,21.86000061,-0.02378776,21.83800011,0.850000381,313406.7457,-0.600000381,22.40200005,Thursday,22.06809744
08-09-2017,21.25,21.35000038,20.71999931,21.32999992,4058100,21.34000015,-0.004217439,21.64600029,0.630001068,190969.4118,-0.079999924,22.31450005,Friday,21.91935245
11-09-2017,20.79999924,21.56999969,20.78000069,21.39999962,5083300,21.25,-0.021176506,21.37400017,0.789999008,244389.432,-0.600000381,22.20900002,Monday,21.71583369
12-09-2017,21,21.22999954,20.53000069,20.87000084,6402900,20.79999924,0.009615422,21.25,0.699998856,304900,0.129999161,22.11400003,Tuesday,21.58568211
13-09-2017,21.20000076,21.28000069,20.95000076,21.02000046,2722600,21,0.009523846,21.11800003,0.329999924,128424.5237,0.180000305,22.03600006,Wednesday,21.51555823
14-09-2017,21.47999954,21.53000069,21.09000015,21.12999916,5658300,21.20000076,0.013207489,21.14599991,0.440000534,263421.7933,0.350000381,21.98000002,Thursday,21.50909301
15-09-2017,21.94000053,21.98999977,21.29000092,21.60000038,7494700,21.47999954,0.021415317,21.28400002,0.699998856,341599.8094,0.340000153,21.96500006,Friday,21.58743983
18-09-2017,21.31999969,21.97999954,21.20000076,21.97999954,4772400,21.94000053,-0.028258925,21.38800011,0.779998779,223846.1571,-0.659999847,21.90650005,Monday,21.53881435
19-09-2017,21.29000092,21.31999969,20.13999939,21.31999969,3747500,21.31999969,-0.001407072,21.44600029,1.180000305,176021.5988,-0.029998779,21.85400009,Tuesday,21.49357555
20-09-2017,21.26000023,21.40999985,21.15999985,21.37000084,3982200,21.29000092,-0.001409144,21.45800018,0.25,187309.4994,-0.11000061,21.79250011,Wednesday,21.45110731
21-09-2017,21.35000038,21.42000008,21.20999908,21.37000084,2197600,21.26000023,0.004233309,21.43200035,0.210000992,102932.0825,-0.020000458,21.73550014,Thursday,21.43272423
22-09-2017,21.40999985,21.54000092,21.22999954,21.34000015,2373800,21.35000038,0.002810279,21.32600021,0.310001373,110873.4244,0.069999695,21.68000011,Friday,21.42859252
25-09-2017,21.35000038,21.55999947,21.26000023,21.35000038,1951200,21.40999985,-0.002802404,21.33200035,0.299999237,91391.09907,0,21.61450014,Monday,21.41430304
26-09-2017,21.28000069,21.78000069,21.25,21.78000069,2447700,21.35000038,-0.003278674,21.33000031,0.530000687,115023.4925,-0.5,21.5380002,Tuesday,21.38988443
27-09-2017,21.46999931,21.54000092,21.06999969,21.34000015,2288800,21.28000069,0.008928507,21.37200012,0.470001221,106604.5679,0.129999161,21.48900013,Wednesday,21.40445077
28-09-2017,21.38999939,21.42000008,21.20000076,21.40999985,1995700,21.46999931,-0.003726126,21.37999992,0.219999313,93300.61042,-0.020000458,21.44900007,Thursday,21.40182325
29-09-2017,21.29000092,21.57999992,21.27000046,21.36000061,2477300,21.38999939,-0.004675011,21.35600014,0.309999466,116359.7883,-0.069999695,21.40300016,Friday,21.38149192
02-10-2017,21.53000069,21.59000015,21.25,21.25,2332500,21.29000092,0.011272887,21.3920002,0.340000153,108337.2004,0.280000687,21.37150021,Monday,21.40849351
03-10-2017,21.53000069,21.54999924,21.35000038,21.51000023,1824900,21.53000069,0,21.4420002,0.199998856,84760.79618,0.020000458,21.3670002,Tuesday,21.43058572
04-10-2017,21.71999931,21.79999924,21.45999908,21.46999931,2416300,21.53000069,0.008824831,21.4920002,0.340000153,111247.7015,0.25,21.36000013,Wednesday,21.48320638
05-10-2017,21.52000046,21.87999916,21.39999962,21.73999977,3158900,21.71999931,-0.009208051,21.51800041,0.479999542,146789.0303,-0.219999313,21.36900015,Thursday,21.48989621
06-10-2017,21.40999985,21.60000038,21.23999977,21.52000046,2516700,21.52000046,-0.005111552,21.5420002,0.36000061,117547.8757,-0.11000061,21.37700014,Friday,21.4753696
09-10-2017,20.82999992,21.35000038,20.72999954,21.30999947,3342900,21.40999985,-0.027090141,21.40200005,0.620000839,160484.8782,-0.479999542,21.37850018,Monday,21.35802966
10-10-2017,20.53000069,20.92000008,20.29000092,20.81999969,3237600,20.82999992,-0.014402268,21.20200005,0.629999161,157700.9202,-0.289999008,21.35500021,Tuesday,21.20747894
11-10-2017,20,20.60000038,19.95000076,20.55999947,3968500,20.53000069,-0.025815912,20.85800018,0.649999619,198425,-0.559999466,21.29500017,Wednesday,20.98793731
12-10-2017,19.28000069,19.89999962,19.27000046,19.81999969,11046800,20,-0.035999966,20.41000023,0.629999161,572966.7846,-0.539999008,21.18500023,Thursday,20.67740338
13-10-2017,19.23999977,19.38999939,19.01000023,19.29999924,5121000,19.28000069,-0.002074736,19.97600021,0.379999161,266164.2443,-0.059999466,21.05000019,Friday,20.41605727
16-10-2017,19.05999947,19.30999947,18.97999954,19.29999924,4760700,19.23999977,-0.009355525,19.62200012,0.329999924,249774.4036,-0.239999771,20.93700018,Monday,20.1695013
17-10-2017,19.15999985,19.21999931,18.61000061,18.96999931,7846300,19.05999947,0.00524661,19.34799995,0.609998703,409514.617,0.190000534,20.83050013,Tuesday,19.98595559
18-10-2017,19.62999916,19.67000008,19.15999985,19.28000069,6599800,19.15999985,0.024530236,19.27399979,0.510000229,336209.8972,0.349998474,20.74900007,Wednesday,19.92123624
19-10-2017,20.09000015,20.11000061,19.5,19.54999924,5212900,19.62999916,0.023433572,19.43599968,0.61000061,259477.3499,0.540000916,20.68600006,Thursday,19.95192058
20-10-2017,20.29000092,20.29999924,20.04000092,20.19000053,3350300,20.09000015,0.009955239,19.64599991,0.259998322,165120.7417,0.100000381,20.63000011,Friday,20.01338974
23-10-2017,19.62000084,20.27000046,19.59000015,20.27000046,4113300,20.29000092,-0.033021195,19.75800018,0.680000305,209648.3091,-0.649999619,20.54350014,Monday,19.94186448
24-10-2017,19.45999908,19.68000031,19.43000031,19.57999992,3764300,19.62000084,-0.008155033,19.81800003,0.25,193437.8303,-0.120000839,20.45250006,Tuesday,19.85425259
25-10-2017,19.26000023,19.38999939,19.06999969,19.37000084,3119000,19.45999908,-0.010277434,19.74400024,0.319999695,161941.8465,-0.11000061,20.3420001,Wednesday,19.74620671
26-10-2017,19.34000015,19.48999977,19.11000061,19.23999977,2572500,19.26000023,0.004153682,19.59400024,0.379999161,133014.4767,0.100000381,20.23950014,Thursday,19.67235097
27-10-2017,19.07999992,19.31999969,18.76000023,19.20000076,5013800,19.34000015,-0.013443652,19.35200005,0.559999466,262777.7788,-0.120000839,20.12900009,Friday,19.56465078
30-10-2017,18.97999954,19.29999924,18.90999985,19.02000046,3885800,19.07999992,-0.00524111,19.22399979,0.38999939,204731.301,-0.040000916,20.00150003,Monday,19.45835055
31-10-2017,18.87999916,19.11000061,18.60000038,18.98999977,6101900,18.97999954,-0.005268724,19.1079998,0.510000229,323193.8703,-0.11000061,19.86899996,Tuesday,19.35319576
01-11-2017,19.15999985,19.31999969,18.77000046,18.94000053,6748500,18.87999916,0.014830546,19.08799973,0.549999237,352218.1656,0.219999313,19.74099998,Wednesday,19.31806923
02-11-2017,17.30999947,18.60000038,17,18.51000023,16160800,19.15999985,-0.096555344,18.68199959,1.600000381,933610.6585,-1.200000763,19.53049994,Thursday,18.95296563
03-11-2017,16.52000046,17.20999908,16.20000076,17.20999908,10261700,17.30999947,-0.045638303,18.16999969,1.009998322,621168.2637,-0.689998627,19.28599997,Friday,18.51060833
06-11-2017,17.10000038,17.27000046,16.42000008,16.46999931,10553400,16.52000046,0.035108953,17.79399986,0.850000381,617157.881,0.630001068,19.09949999,Monday,18.25413416
07-11-2017,17.32999992,18.09000015,17.23999977,17.40999985,9893700,17.10000038,0.013450265,17.48400002,0.850000381,570900.1756,-0.079999924,18.93949995,Tuesday,18.08610975
08-11-2017,17.10000038,17.47999954,17.01000023,17.21999931,5534500,17.32999992,-0.013271757,17.07200012,0.469999313,323654.9635,-0.119998932,18.79449997,Wednesday,17.90681714
09-11-2017,17.17000008,17.70999908,16.95999908,17.04000092,5462700,17.10000038,0.004093549,17.04400024,0.75,318153.7551,0.129999161,18.68899994,Thursday,17.7728504
10-11-2017,17.19000053,17.34000015,17.04999924,17.22999954,3376800,17.17000008,0.001164849,17.17800026,0.290000916,196439.7845,-0.039999008,18.58649998,Friday,17.6668777
13-11-2017,16.98999977,17.20000076,16.57999992,17.17000008,4086200,17.19000053,-0.011634715,17.15600014,0.620000839,240506.1833,-0.180000305,18.48299999,Monday,17.54380898
14-11-2017,16.28000069,16.96999931,16.21999931,16.88999939,4648500,16.98999977,-0.041789234,16.94600029,0.75,285534.386,-0.609998703,18.33900003,Tuesday,17.31402566
15-11-2017,16.71999931,16.79000092,15.98999977,16.27000046,3876900,16.28000069,0.027026942,16.87000008,0.800001144,231872.0191,0.449998856,18.19350004,Wednesday,17.20602087
16-11-2017,16.76000023,16.79000092,16.13999939,16.68000031,7194100,16.71999931,0.002392399,16.78800011,0.650001526,429242.2376,0.079999924,18.02700005,Thursday,17.12492621
17-11-2017,17.54999924,17.72999954,16.81999969,17.38999939,6901700,16.76000023,0.047135978,16.85999985,0.909999847,393259.2764,0.159999847,17.88999996,Friday,17.20221221
20-11-2017,17.36000061,17.56999969,17.10000038,17.54999924,6616200,17.54999924,-0.010826133,16.93400002,0.469999313,381117.4981,-0.189998627,17.77699995,Monday,17.23090101
21-11-2017,17.25,17.48999977,16.97999954,17.38999939,4861300,17.36000061,-0.00633644,17.12799988,0.510000229,281814.4928,-0.13999939,17.6665,Tuesday,17.23437355
22-11-2017,17.79000092,17.97999954,17.14999962,17.31999969,4446200,17.25,0.031304401,17.3420002,0.829999924,249926.9124,0.470001221,17.59300003,Wednesday,17.33539671
24-11-2017,17.5,17.81999969,17.46999931,17.73999977,2263100,17.79000092,-0.016301343,17.49000015,0.350000381,129320,-0.239999771,17.50100002,Friday,17.36532458
27-11-2017,17.46999931,17.55999947,17.20000076,17.52000046,3781000,17.5,-0.001714325,17.47400017,0.359998703,216428.1711,-0.050001144,17.42049999,Monday,17.38435635
28-11-2017,17.96999931,17.97999954,17.22999954,17.44000053,4286000,17.46999931,0.028620493,17.59599991,0.75,238508.6346,0.529998779,17.36999998,Tuesday,17.49083689
29-11-2017,18.87000084,18.88999939,17.87000084,17.96999931,8084900,17.96999931,0.050083559,17.92000008,1.01999855,428452.5512,0.900001526,17.36950006,Wednesday,17.74159397
30-11-2017,19.02000046,19.15999985,18.5,19,10490400,18.87000084,0.007949105,18.16599998,0.659999847,551545.7281,0.020000458,17.3625001,Thursday,17.97403151
01-12-2017,19.45999908,19.60000038,18.79000092,18.89999962,11037700,19.02000046,0.023133471,18.5579998,0.809999466,567199.41,0.559999466,17.47000008,Friday,18.24420744
04-12-2017,20.85000038,20.97999954,19.62999916,19.67000008,14287800,19.45999908,0.071428641,19.23400002,1.350000381,685266.1745,1.180000305,17.68650007,Monday,18.71798797
05-12-2017,19.86000061,20.90999985,19.79000092,20.78000069,9529000,20.85000038,-0.047482003,19.61200027,1.119998932,479808.6459,-0.920000076,17.82450008,Tuesday,18.92562663
06-12-2017,19.44000053,20.13999939,19.38999939,20.07999992,6044700,19.86000061,-0.021148039,19.72600021,0.75,310941.3495,-0.63999939,17.93000011,Wednesday,19.01914916
07-12-2017,19.53000069,19.69000053,19.03000069,19.35000038,5741800,19.44000053,0.004629637,19.82800026,0.659999847,293998.9656,0.180000305,18.05150013,Thursday,19.11203126
08-12-2017,19.65999985,19.88999939,19.31999969,19.57999992,4223700,19.53000069,0.006656383,19.86800041,0.569999695,214837.2346,0.079999924,18.17600012,Friday,19.21166191
11-12-2017,19.77000046,20.04999924,19.45000076,19.64999962,6460600,19.65999985,0.005595148,19.65200043,0.599998474,326788.0552,0.120000839,18.30500011,Monday,19.31317801
12-12-2017,19.64999962,19.87000084,19.37999916,19.85000038,4485000,19.77000046,-0.006069845,19.61000023,0.490001678,228244.2792,-0.200000763,18.43800011,Tuesday,19.3744183
13-12-2017,19.79000092,19.92000008,19.11000061,19.60000038,5523700,19.64999962,0.007124748,19.68000031,0.809999466,279115.7021,0.190000534,18.61350012,Wednesday,19.44997878
14-12-2017,20.04000092,20.32999992,19.5,19.79000092,4285200,19.79000092,0.012632642,19.78200035,0.829999924,213832.3256,0.25,18.7795002,Thursday,19.55725553
15-12-2017,21.04000092,21.73999977,20.46999931,20.77000046,19056100,20.04000092,0.049900197,20.05800056,1.270000458,905708.1355,0.270000458,18.99350023,Friday,19.8268456
18-12-2017,21.63999939,21.71999931,20.77000046,21.37000084,6667000,21.04000092,0.028517037,20.43200035,0.949998856,308086.8848,0.26999855,19.19800024,Monday,20.15650993
19-12-2017,22.01000023,22.15999985,21.40999985,21.63999939,5938900,21.63999939,0.017098006,20.90400047,0.75,269827.3484,0.370000839,19.43050022,Tuesday,20.49350816
20-12-2017,22.37000084,22.46999931,21.95000076,22.01000023,7442000,22.01000023,0.016356229,21.42000046,0.51999855,332677.6809,0.36000061,19.68650026,Wednesday,20.83468865
21-12-2017,23.36000061,23.88999939,22.95000076,23.18000031,12797100,22.37000084,0.044255688,22.0840004,0.939998627,547821.0473,0.180000305,19.96500025,Thursday,21.29383628
22-12-2017,23.72999954,23.82999992,23.09000015,23.27000046,4745700,23.36000061,0.015838995,22.62200012,0.739999771,199987.3616,0.459999084,20.27650023,Friday,21.73677505
26-12-2017,23.56999969,24.10000038,23.45999908,23.62999916,3729000,23.72999954,-0.006742514,23.00800018,0.640001297,158209.5905,-0.059999466,20.58150024,Tuesday,22.07008862
27-12-2017,23.04999924,23.76000023,23.01000023,23.72999954,4230300,23.56999969,-0.022061963,23.21599998,0.75,183527.121,-0.680000305,20.83550024,Wednesday,22.24825419
28-12-2017,22.54999924,23.10000038,22.32999992,23.04999924,4675800,23.04999924,-0.021691975,23.25199966,0.770000458,207352.5569,-0.5,21.01950016,Thursday,22.30311693
29-12-2017,22.37999916,22.79999924,22.36000061,22.63999939,2893200,22.54999924,-0.007538806,23.05599937,0.439998627,129276.1443,-0.260000229,21.1875001,Friday,22.31709551
02-01-2018,23.11000061,23.37000084,22.43000031,22.95999908,5028200,22.37999916,0.032618475,22.93199959,0.940000534,217576.8008,0.150001526,21.37000017,Tuesday,22.46126008
03-01-2018,22.62000084,23.34000015,22.59000015,23.18000031,5292900,23.11000061,-0.021202932,22.74199982,0.75,233992.0338,-0.559999466,21.45850019,Wednesday,22.49012203
04-01-2018,22.12999916,22.70999908,21.87999916,22.68000031,7875900,22.62000084,-0.021662319,22.5579998,0.829999924,355892.4672,-0.550001144,21.57200012,Thursday,22.42464515
05-01-2018,22,22.22999954,21.57999992,22.18000031,8498800,22.12999916,-0.005874341,22.44799995,0.649999619,386309.0909,-0.180000305,21.7000001,Friday,22.34743694
08-01-2018,22.37000084,22.40999985,21.79000092,22.04999924,4103800,22,0.01681822,22.44600029,0.619998932,183451.0436,0.320001602,21.8420001,Monday,22.35153947
09-01-2018,21.64999962,22.61000061,21.57999992,22.29999924,5595000,22.37000084,-0.032186017,22.15400009,1.030000687,258429.5658,-0.649999619,21.94150009,Tuesday,22.22398677
10-01-2018,22.82999992,23.12000084,21.12999916,21.53000069,10068500,21.64999962,0.054503479,22.19599991,1.990001678,441020.5884,1.299999237,22.09450006,Wednesday,22.33417098
11-01-2018,24.01000023,24.04999924,22.86000061,22.94000053,7532600,22.82999992,0.051686391,22.57200012,1.189998627,313727.6105,1.069999695,22.3125001,Thursday,22.6388672
12-01-2018,24.32999992,24.37000084,23.72999954,24.06999969,4081800,24.01000023,0.013327767,23.03800011,0.640001297,167768.1879,0.260000229,22.53950005,Friday,22.94634588
16-01-2018,24.53000069,24.88999939,24.30999947,24.39999962,5526300,24.32999992,0.008220336,23.47000008,0.579999924,225287.3969,0.130001068,22.76400003,Tuesday,23.23428312
17-01-2018,24.70000076,25.13999939,24.29000092,24.47999954,5115900,24.53000069,0.006930292,24.08000031,0.849998474,207121.4511,0.220001221,22.94700003,Wednesday,23.50077724
18-01-2018,25.59000015,25.78000069,24.59000015,24.60000038,5098700,24.70000076,0.036032363,24.63200035,1.190000534,199245.798,0.989999771,23.14450006,Thursday,23.88063595
19-01-2018,25.70999908,25.73999977,25.15999985,25.57999992,4177000,25.59000015,0.00468929,24.97200012,0.579999924,162465.9723,0.129999161,23.32950001,Friday,24.21324743
22-01-2018,26.32999992,26.5,25.57999992,25.72999954,4751200,25.70999908,0.024115164,25.37200012,0.920000076,180448.1585,0.600000381,23.52749996,Monday,24.59811152
23-01-2018,25.70000076,26.22999954,25.36000061,26.22999954,4565700,26.32999992,-0.023927048,25.60600014,0.869998932,177653.6912,-0.529998779,23.64449997,Tuesday,24.79845502
24-01-2018,26.01000023,26.11000061,25.5,25.63999939,2880900,25.70000076,0.012062236,25.86800003,0.61000061,110761.2447,0.370000839,23.7585,Wednesday,25.01873596
25-01-2018,25.72999954,26.12999916,25.56999969,26.06999969,3898800,26.01000023,-0.010765117,25.89599991,0.559999466,151527.4026,-0.340000153,23.8665,Thursday,25.14805661
26-01-2018,26.04000092,26.05999947,25.55999947,25.70000076,2620400,25.72999954,0.012048246,25.96200027,0.5,100629.7968,0.340000153,24.01600008,Friday,25.31022831
29-01-2018,25.90999985,26.11000061,25.62000084,25.89999962,3469700,26.04000092,-0.00499236,25.87800026,0.489999771,133913.5477,0.010000229,24.18400011,Monday,25.41927768
30-01-2018,24.96999931,26.07999992,24.84000015,25.68000031,6383500,25.90999985,-0.03627945,25.73199997,1.239999771,255646.7832,-0.710000992,24.31350012,Tuesday,25.3375907
31-01-2018,25.06999969,25.51000023,24.77000046,25.12000084,4630300,24.96999931,0.004004821,25.54399986,0.739999771,184694.8567,-0.050001144,24.41150007,Wednesday,25.28893779
01-02-2018,25.28000069,25.60000038,24.89999962,24.92000008,4691300,25.06999969,0.008376585,25.45400009,0.700000763,185573.5709,0.36000061,24.54450006,Thursday,25.28731286
02-02-2018,23.80999947,25.25,23.56999969,25.06999969,7838600,25.28000069,-0.058148781,25.0079998,1.680000305,329214.6231,-1.260000229,24.62850008,Friday,25.01871043
05-02-2018,22.78000069,23.84000015,22.73999977,23.63999939,9456100,23.80999947,-0.043259085,24.38199997,1.100000381,415105.3431,-0.859998703,24.66750011,Monday,24.61167229
06-02-2018,23.84000015,24.15999985,22.14999962,22.37999916,6550000,22.78000069,0.046532021,24.15600014,2.010000229,274748.3204,1.460000992,24.74100008,Tuesday,24.47136827
07-02-2018,23.12000084,24.48999977,22.80999947,23.88999939,5371800,23.84000015,-0.030201313,23.76600037,1.680000305,232344.2822,-0.76999855,24.81450014,Wednesday,24.2256651
08-02-2018,22.87000084,23.87999916,22.86000061,23.12000084,5046900,23.12000084,-0.010813148,23.2840004,1.01999855,220677.7357,-0.25,24.81650019,Thursday,23.97918069
09-02-2018,22.61000061,22.97999954,21.37000084,22.81999969,6930400,22.87000084,-0.011368615,23.04400063,1.609998703,306519.231,-0.209999084,24.74650021,Friday,23.73023886
12-02-2018,23.09000015,23.52000046,22.54000092,22.69000053,3822100,22.61000061,0.021229524,23.10600052,0.979999542,165530.5316,0.399999619,24.68450022,Monday,23.61383182
13-02-2018,23.53000069,23.62999916,22.87999916,22.95999908,3807000,23.09000015,0.019055891,23.04400063,0.75,161793.4504,0.570001602,24.63450022,Tuesday,23.59858979
14-02-2018,23.82999992,23.87000084,23.26000023,23.26000023,4356400,23.53000069,0.012749648,23.18600044,0.61000061,182811.5826,0.569999695,24.59100018,Wednesday,23.64066436
15-02-2018,24.04000092,24.12000084,23.65999985,24.04999924,3789100,23.82999992,0.008812463,23.42000046,0.460000992,157616.4665,-0.009998322,24.51350021,Thursday,23.71327101
16-02-2018,23.86000061,24.12999916,23.70000076,23.98999977,2951400,24.04000092,-0.007487533,23.67000046,0.429998398,123696.5601,-0.129999161,24.42100029,Friday,23.73994912
20-02-2018,24.30999947,24.70999908,23.88999939,23.93000031,4468400,23.86000061,0.018859968,23.91400032,0.819999695,183809.1361,0.379999161,24.32000027,Tuesday,23.84359464
21-02-2018,24.09000015,24.54000092,24.06999969,24.20999908,3759700,24.30999947,-0.009049746,24.02600021,0.470001221,156068.9073,-0.119998932,24.23950024,Wednesday,23.88839564
22-02-2018,23.79999924,24.5,23.75,24.18000031,3738700,24.09000015,-0.012038228,24.02000008,0.75,157088.2403,-0.380001068,24.12900019,Thursday,23.87232357
23-02-2018,24.01000023,24.10000038,23.56999969,23.88999939,3070800,23.79999924,0.008823571,24.01399994,0.530000687,127896.7085,0.120000839,24.04300022,Friday,23.89735569
26-02-2018,25.17000008,25.25,23.95000076,24.04000092,7395200,24.01000023,0.048313196,24.27599983,1.299999237,293810.0905,1.129999161,23.99950018,Monday,24.12874558
27-02-2018,26.04000092,26.67000008,24.29999924,25.20999908,10644300,25.17000008,0.034564992,24.62200012,2.370000839,408767.2667,0.830001831,24.00600023,Tuesday,24.47624655
28-02-2018,24.31999969,25.39999962,24.29999924,25.29000092,15719900,26.04000092,-0.066052272,24.66800003,1.100000381,646377.4752,-0.970001221,23.97350025,Wednesday,24.44783803
01-03-2018,24.05999947,24.70999908,23.82999992,24.48999977,5712700,24.31999969,-0.010690799,24.72000008,0.879999161,237435.583,-0.430000305,23.92300024,Thursday,24.37732193
02-03-2018,24.67000008,24.73999977,23.82999992,23.85000038,6557400,24.05999947,0.025353309,24.85200005,0.909999847,265804.6202,0.819999695,23.89250021,Friday,24.43053614
05-03-2018,24.54000092,24.85000038,24.30999947,24.42000008,5975800,24.67000008,-0.005269524,24.72600021,0.540000916,243512.6234,0.120000839,23.92900028,Monday,24.45043882
06-03-2018,24.42000008,24.79999924,24.12000084,24.69000053,5445400,24.54000092,-0.00489001,24.40200005,0.679998398,222989.3523,-0.270000458,24.01100025,Tuesday,24.4449045
07-03-2018,23.94000053,24.22999954,22.95999908,24.21999931,9295100,24.42000008,-0.019656001,24.32600021,1.270000458,388266.4909,-0.279998779,24.01600027,Wednesday,24.35310378
08-03-2018,23.95999908,24.15999985,23.60000038,24.03000069,5158100,23.94000053,0.000835361,24.30600014,0.559999466,215279.6409,-0.070001602,24.05800018,Thursday,24.2816302
09-03-2018,24.19000053,24.5,23.90999985,24.18000031,5069400,23.95999908,0.009599393,24.21000023,0.590000153,209565.9317,0.010000229,24.12400017,Friday,24.26497026
12-03-2018,24.42000008,24.61000061,24.22999954,24.45000076,3819800,24.19000053,0.009508042,24.18600006,0.380001068,156420.9659,-0.030000687,24.21450014,Monday,24.2931575
13-03-2018,24.25,24.82999992,24.17000008,24.44000053,4611200,24.42000008,-0.00696151,24.15200005,0.659999847,190152.5773,-0.190000534,24.27250013,Tuesday,24.28531068
14-03-2018,24.06999969,24.30999947,23.82999992,24.12999916,3088000,24.25,-0.007422693,24.17799988,0.479999542,128292.4819,-0.059999466,24.29950008,Wednesday,24.24616323
15-03-2018,23.39999962,24.03000069,23.27000046,24.03000069,5132000,24.06999969,-0.027835483,24.06599998,0.760000229,219316.2429,-0.630001068,24.27800007,Thursday,24.0923153
16-03-2018,23.20999908,23.70000076,23.20999908,23.53000069,5272400,23.39999962,-0.008119681,23.86999969,0.490001678,227160.7156,-0.320001602,24.23649998,Friday,23.93189417
19-03-2018,22.95000076,23.22999954,22.62000084,23.14999962,3863000,23.20999908,-0.011201996,23.57599983,0.609998703,168322.4345,-0.199998856,24.19099998,Monday,23.7533681
20-03-2018,21.98999977,23.09000015,21.76000023,22.95999908,7741300,22.95000076,-0.041830107,23.12399979,1.329999924,352037.2933,-0.969999313,24.075,Tuesday,23.43275567
21-03-2018,22.15999985,22.47999954,21.93000031,22,7385700,21.98999977,0.00773079,22.74199982,0.549999237,333289.7135,0.159999847,23.97849998,Wednesday,23.20134552
22-03-2018,21.52000046,22.35000038,21.38999939,22.20999908,11906300,22.15999985,-0.028880839,22.36599998,0.960000992,553266.7169,-0.689998627,23.86450005,Thursday,22.89564642
23-03-2018,21.07999992,21.71999931,21.03000069,21.54000092,5049400,21.52000046,-0.020446121,21.94000015,0.689998627,239535.1052,-0.460000992,23.71800003,Friday,22.56552888
26-03-2018,21.73999977,21.80999947,20.97999954,21.37000084,9728400,21.07999992,0.031309291,21.69799995,0.829999924,447488.5052,0.369998932,23.54650002,Monday,22.41543267
27-03-2018,21.68000031,22.20000076,21.54999924,21.71999931,4162500,21.73999977,-0.002759865,21.63600006,0.650001526,191997.2298,-0.039999008,23.32849998,Tuesday,22.2817177
28-03-2018,21.17000008,21.93000031,21.06999969,21.67000008,4578900,21.68000031,-0.023523995,21.43800011,0.86000061,216291.9218,-0.5,23.171,Wednesday,22.07958722
29-03-2018,21.43000031,21.61000061,20.97999954,21.20999908,6121100,21.17000008,0.012281541,21.42000008,0.630001068,285632.2871,0.220001221,23.03950005,Thursday,21.96148051
02-04-2018,21.57999992,22.12000084,21.45000076,21.65999985,6425400,21.43000031,0.006999515,21.52000008,0.670000076,297747.9158,-0.079999924,22.88500004,Monday,21.8921204
03-04-2018,22.03000069,22.04000092,21.42000008,21.72999954,4369200,21.57999992,0.020852677,21.57800026,0.620000839,198329.5444,0.300001144,22.75950003,Tuesday,21.91718955
04-04-2018,22.54000092,22.60000038,21.62000084,21.69000053,4248700,22.03000069,0.023150259,21.75000038,0.979999542,188495.9994,0.850000381,22.66550007,Wednesday,22.03042798
05-04-2018,22.62999916,22.75,22.42000008,22.64999962,4301600,22.54000092,0.003992823,22.0420002,0.329999924,190083.9664,-0.020000458,22.6,Thursday,22.13944092
06-04-2018,22.62000084,23.04999924,22.39999962,22.65999985,5525400,22.62999916,-0.000441817,22.28000031,0.649999619,244270.548,-0.039999008,22.53300009,Friday,22.22681545
09-04-2018,22.53000069,22.90999985,22.47999954,22.79000092,2543800,22.62000084,-0.003978786,22.47000046,0.430000305,112907.2314,-0.260000229,22.4500001,Monday,22.28194004
10-04-2018,22.60000038,22.92000008,22.56999969,22.80999947,4071300,22.53000069,0.003106955,22.5840004,0.350000381,180146.0147,-0.209999084,22.35900011,Tuesday,22.33976919
11-04-2018,22.54999924,22.62000084,22.22999954,22.40999985,6434800,22.60000038,-0.00221244,22.58600006,0.390001297,285356.9941,0.13999939,22.27400007,Wednesday,22.37799284
12-04-2018,23.18000031,23.26000023,22.51000023,22.71999931,5765000,22.54999924,0.027937964,22.69600029,0.75,248705.7776,0.460000992,22.2295001,Thursday,22.52381238
13-04-2018,22.82999992,23.35000038,22.70999908,23.12000084,4972900,23.18000031,-0.01509924,22.73800011,0.640001297,217823.0406,-0.290000916,22.20100012,Friday,22.57948284
16-04-2018,23.39999962,23.46999931,22.45999908,22.89999962,4079000,22.82999992,0.024967135,22.91199989,1.010000229,174316.2422,0.5,22.21050014,Monday,22.72866771
17-04-2018,23.77000046,23.89999962,23.39999962,23.67000008,4227800,23.39999962,0.015812002,23.14599991,0.5,177862.8489,0.100000381,22.25150013,Tuesday,22.91800094
18-04-2018,23.51000023,24.09000015,23.48999977,23.86000061,3467900,23.77000046,-0.010938167,23.33800011,0.600000381,147507.4422,-0.350000381,22.32750015,Wednesday,23.02563717
19-04-2018,23.37999916,23.72999954,23.26000023,23.62000084,3914900,23.51000023,-0.005529607,23.37799988,0.469999313,167446.5415,-0.240001678,22.38850012,Thursday,23.09006662
20-04-2018,23.15999985,23.71999931,22.95999908,23.53000069,5190100,23.37999916,-0.009409723,23.44399986,0.760000229,224097.5835,-0.370000839,22.47050009,Friday,23.10278176
23-04-2018,23.77000046,23.88999939,23.06999969,23.19000053,5198000,23.15999985,0.026338541,23.51800003,0.819999695,218679.0029,0.579999924,22.60500011,Monday,23.22409425
24-04-2018,23.94000053,24.75,23.81999969,24.47999954,5833300,23.77000046,0.007151875,23.55200005,0.930000305,243663.3195,-0.539999008,22.71500015,Tuesday,23.35425903
25-04-2018,24.10000038,24.22999954,23.64999962,23.90999985,4580300,23.94000053,0.006683369,23.67000008,0.579999924,190053.9389,0.190000534,22.83600016,Wednesday,23.48984836
26-04-2018,24.14999962,24.23999977,23.87000084,24.10000038,4454300,24.10000038,0.002074657,23.82400017,0.369998932,184443.0671,0.049999237,22.98500013,Thursday,23.60987586
27-04-2018,23.95000076,24.25,23.77000046,24.20000076,5760300,24.14999962,-0.008281526,23.98200035,0.479999542,240513.5623,-0.25,23.11100016,Friday,23.67171675
30-04-2018,23.64999962,24.02000046,23.62999916,24,3933600,23.95000076,-0.012526143,23.95800018,0.390001297,166325.5841,-0.350000381,23.21450014,Monday,23.66776818
01-05-2018,24.01000023,24.19000053,23.68000031,23.87999916,4865000,23.64999962,0.015222013,23.97200012,0.510000229,202623.9048,0.130001068,23.31350012,Tuesday,23.72999219
02-05-2018,23.57999992,24.29999924,23.57999992,23.93000031,7724800,24.01000023,-0.017909217,23.86800003,0.719999313,327599.6618,-0.350000381,23.36550007,Wednesday,23.70272087
03-05-2018,22.87000084,23.73999977,22.61000061,23.73999977,9229900,23.57999992,-0.030110224,23.61200027,1.129999161,403581.0958,-0.869998932,23.37750015,Thursday,23.55131723
04-05-2018,23.15999985,23.43000031,22.78000069,22.78000069,7838100,22.87000084,0.012680323,23.45400009,0.649999619,338432.6447,0.379999161,23.4045001,Friday,23.48016861
07-05-2018,23.38999939,23.40999985,23.07999992,23.28000069,5459700,23.15999985,0.009930896,23.40200005,0.329999924,233420.2712,0.109998703,23.44750004,Monday,23.46377421
08-05-2018,23.04999924,24.79999924,22.82999992,23.80999947,10834900,23.38999939,-0.014536133,23.20999985,1.969999313,470060.7531,-0.760000229,23.46999998,Tuesday,23.3885424
09-05-2018,22.28000069,23.20999908,22.26000023,23.04000092,8226500,23.04999924,-0.033405578,22.95,0.949998856,369232.4841,-0.760000229,23.45650005,Wednesday,23.18698936
10-05-2018,23.81999969,23.84000015,22.20000076,22.36000061,7515700,22.28000069,0.069120241,23.13999977,1.63999939,315520.575,1.459999084,23.48850002,Thursday,23.30208215
11-05-2018,24.03000069,24.21999931,23.59000015,23.84000015,6370100,23.81999969,0.008816163,23.31399994,0.629999161,265089.4639,0.190000534,23.54850006,Friday,23.43443097
14-05-2018,23.82999992,24.03000069,23.45999908,24,6634400,24.03000069,-0.008322961,23.40200005,0.570001602,278405.3723,-0.170000076,23.57000008,Monday,23.5063526
15-05-2018,22.95999908,23.82999992,22.82999992,23.70000076,5618200,23.82999992,-0.036508638,23.38400002,1,244695.1317,-0.740001678,23.52950001,Tuesday,23.4070156
16-05-2018,23.69000053,23.89999962,22.68000031,23.02000046,7616800,22.95999908,0.031794489,23.66599998,1.219999313,321519.6213,0.670000076,23.53850002,Wednesday,23.4584674
17-05-2018,23.02000046,23.69000053,22.79999924,23.69000053,7260400,23.69000053,-0.028281978,23.50600014,0.890001297,315395.3022,-0.670000076,23.52050009,Thursday,23.37874614
18-05-2018,22.56999969,23,22.39999962,22.87999916,5861100,23.02000046,-0.019548252,23.21399994,0.600000381,259685.4266,-0.309999466,23.49100008,Friday,23.23170133
21-05-2018,22.62999916,22.88999939,22.53000069,22.70000076,3717100,22.56999969,0.002658372,22.97399979,0.359998703,164255.4193,-0.070001602,23.43400002,Monday,23.12230094
22-05-2018,23.15999985,23.36000061,22.52000046,22.70999908,4489200,22.62999916,0.02342027,23.01399994,0.840000153,193834.1982,0.450000763,23.39499998,Tuesday,23.12915528
23-05-2018,22.56999969,23.18000031,22.29999924,23.11000061,3726200,23.15999985,-0.025474964,22.78999977,0.880001068,165095.2614,-0.540000916,23.31849995,Wednesday,23.02749063
24-05-2018,22.47999954,22.61000061,22.12000084,22.55999947,3541300,22.56999969,-0.003987601,22.68199959,0.489999771,157531.142,-0.079999924,23.23499994,Thursday,22.9279468
25-05-2018,22.34000015,22.54000092,22.23999977,22.44000053,2153400,22.47999954,-0.006227731,22.63599968,0.300001144,96392.1211,-0.100000381,23.15449991,Friday,22.82104741
29-05-2018,21.89999962,22.26000023,21.68000031,22.23999977,3358300,22.34000015,-0.019695637,22.48999977,0.579999924,153347.0346,-0.340000153,23.06699991,Tuesday,22.65358417
30-05-2018,21.39999962,22.04000092,21.38999939,22.04000092,5103200,21.89999962,-0.022831051,22.13799973,0.650001526,238467.294,-0.640001297,22.93649988,Wednesday,22.42565971
31-05-2018,21.09000015,21.42000008,20.60000038,21.40999985,7977000,21.39999962,-0.014485957,21.84199982,0.819999695,378236.1281,-0.319999695,22.81199989,Thursday,22.18281252
01-06-2018,20.95000076,21.26000023,20.73999977,21.18000031,6303600,21.09000015,-0.006638188,21.53600006,0.520000458,300887.8172,-0.229999542,22.71599989,Friday,21.95866493
04-06-2018,21.09000015,21.5,20.69000053,21.27000046,6746100,20.95000076,0.006682548,21.28600006,0.809999466,319871.9749,-0.180000305,22.6124999,Monday,21.80072588
05-06-2018,21.73999977,22.25,21.45000076,21.52000046,6744400,21.09000015,0.030820276,21.25400009,0.799999237,310229.9941,0.219999313,22.52999992,Tuesday,21.78968477
06-06-2018,22.36000061,22.42000008,21.22999954,21.69000053,6774500,21.73999977,0.028518898,21.44600029,1.190000534,302974.0526,0.670000076,22.49549999,Wednesday,21.89337856
07-06-2018,22.77000046,22.87000084,22.19000053,22.27000046,5757700,22.36000061,0.018336308,21.78200035,0.680000305,252863.4117,0.5,22.51999998,Thursday,22.05276436
08-06-2018,23.02000046,23.12000084,22.64999962,22.64999962,5564400,22.77000046,0.010979359,22.19600029,0.470001221,241720.2385,0.370000839,22.48000002,Friday,22.22862547
11-06-2018,23.88999939,24.37000084,22.95999908,23.01000023,6169900,23.02000046,0.037793176,22.75600014,1.410001755,258262.8781,0.879999161,22.47299995,Monday,22.53069345
12-06-2018,24.02000046,24.09000015,23.65999985,23.90999985,5841000,23.88999939,0.005441652,23.21200027,0.430000305,243172.3517,0.11000061,22.48249998,Tuesday,22.80147654
13-06-2018,24.40999985,25.29000092,24.38999939,24.87999916,10595900,24.02000046,0.016236444,23.62200012,0.900001526,434080.2977,-0.469999313,22.55500002,Wednesday,23.09393533
14-06-2018,25.5,25.51000023,24.61000061,24.68000031,5015100,24.40999985,0.044653837,24.16800003,0.899999619,196670.5882,0.819999695,22.64549999,Thursday,23.53140163
15-06-2018,27.17000008,27.25,25.52000046,25.78000069,12567100,25.5,0.065490199,24.99799995,1.729999542,462535.8839,1.38999939,22.85299997,Friday,24.19296498
18-06-2018,27.20999908,27.31999969,26.18000031,26.69000053,7719500,27.17000008,0.001472175,25.66199989,1.13999939,283700.8548,0.51999855,23.08499994,Monday,24.74151664
19-06-2018,27.54999924,27.61000061,26.79000092,27.01000023,6021400,27.20999908,0.012495412,26.36799965,0.819999695,218562.6195,0.539999008,23.33099995,Tuesday,25.25214984
20-06-2018,28.20999908,28.43000031,27.39999962,27.60000038,7444300,27.54999924,0.023956438,27.1279995,1.030000687,263888.7005,0.609998703,23.58349991,Wednesday,25.78994061
21-06-2018,27.94000053,28.29000092,27.59000015,28.29000092,6057800,28.20999908,-0.009571023,27.6159996,0.700000763,216814.5986,-0.350000381,23.85199995,Thursday,26.1808606
22-06-2018,28.12000084,28.55999947,27.98999977,28.19000053,5448700,27.94000053,0.006442387,27.80599976,0.569999695,193765.9971,-0.069999695,24.13400002,Friday,26.53343155
25-06-2018,28.10000038,28.44000053,27.68000031,27.97999954,5863300,28.12000084,-0.000711254,27.98400002,0.760000229,208658.3602,0.120000839,24.42200003,Monday,26.81826225
26-06-2018,27.94000053,28.10000038,27.55999947,28.04000092,6799600,28.10000038,-0.005693945,28.06200027,0.540000916,243364.3475,-0.100000381,24.72400007,Tuesday,27.02221466
27-06-2018,28.19000053,28.61000061,27.89999962,28.10000038,4710700,27.94000053,0.008947745,28.05800056,0.710000992,167105.3533,0.090000153,25.06350012,Wednesday,27.23453937
28-06-2018,28.47999954,28.78000069,28.02000046,28.18000031,3670900,28.19000053,0.010287301,28.16600037,0.760000229,128893.9627,0.299999237,25.43300009,Thursday,27.46098667
29-06-2018,27.5,28.55999947,27.48999977,28.55999947,4088000,28.47999954,-0.034410097,28.0420002,1.069999695,148654.5455,-1.059999466,25.76050005,Friday,27.46808
02-07-2018,27.42000008,27.62999916,27.07999992,27.47999954,3969400,27.5,-0.002909088,27.90600014,0.549999237,144762.9464,-0.059999466,26.07700005,Monday,27.4593382
03-07-2018,27.36000061,27.68000031,27.19000053,27.60000038,1896800,27.42000008,-0.002188164,27.79000015,0.489999771,69327.48383,-0.239999771,26.35800009,Tuesday,27.44127682
05-07-2018,27.63999939,27.71999931,27.06999969,27.43000031,3882700,27.36000061,0.010233873,27.67999992,0.649999619,140473.9539,0.209999084,26.62200003,Thursday,27.4774082
06-07-2018,27.87000084,28.15999985,27.40999985,27.61000061,2739500,27.63999939,0.008321326,27.55800018,0.75,98295.65545,0.260000229,26.87700005,Friday,27.54878868
09-07-2018,28.29999924,28.31999969,27.54999924,27.89999962,2781400,27.87000084,0.015428719,27.71800003,0.770000458,98282.68816,0.399999619,27.14099998,Monday,27.68537241
10-07-2018,28.39999962,28.46999931,27.70000076,28.20999908,3141400,28.29999924,0.003533582,27.91399994,0.76999855,110612.6775,0.190000534,27.3665,Tuesday,27.81530463
11-07-2018,27.67000008,28.51000023,27.62000084,28.22999954,4688400,28.39999962,-0.02570421,27.97599983,0.88999939,169439.8261,-0.559999466,27.54899998,Wednesday,27.78888562
12-07-2018,27.55999947,28.03000069,27.51000023,27.77000046,2346300,27.67000008,-0.003975447,27.95999985,0.520000458,85134.25419,-0.210000992,27.70649996,Thursday,27.74726996
13-07-2018,27.44000053,27.77000046,27.23999977,27.5,2833700,27.55999947,-0.004354098,27.87399979,0.530000687,103268.9484,-0.059999466,27.80349998,Friday,27.69140279
16-07-2018,27.35000038,27.71999931,27.11000061,27.51000023,2569100,27.44000053,-0.003279889,27.68400002,0.609998703,93934.18516,-0.159999847,27.8125,Monday,27.62932962
17-07-2018,26.37999916,27.34000015,25.98999977,27.13999939,4731200,27.35000038,-0.035466223,27.27999992,1.350000381,179347.9966,-0.760000229,27.771,Tuesday,27.40217863
18-07-2018,26.57999992,26.86000061,26.36000061,26.44000053,2971300,26.37999916,0.00758153,27.06199989,0.5,111787.0583,0.13999939,27.72250004,Wednesday,27.25269159
19-07-2018,26.69000053,27.32999992,26.54000092,27.10000038,4411800,26.57999992,0.004138473,26.88800011,0.789999008,165297.8611,-0.409999847,27.64650011,Thursday,27.15038413
20-07-2018,26.57999992,26.67000008,26.28000069,26.60000038,2595600,26.69000053,-0.004121417,26.71599998,0.38999939,97652.37048,-0.020000458,27.57850008,Friday,27.04667791
23-07-2018,26.70000076,26.71999931,26.37999916,26.45999908,2214800,26.57999992,0.004514704,26.58600006,0.340000153,82951.30849,0.240001678,27.50750008,Monday,26.9836457
24-07-2018,26.06999969,26.92000008,26.03000069,26.92000008,2822300,26.70000076,-0.023595545,26.52400017,0.88999939,108258.536,-0.850000381,27.40600004,Tuesday,26.81752825
25-07-2018,25.87000084,26.40999985,25.73999977,26.12000084,3270600,26.06999969,-0.007671609,26.38200035,0.670000076,126424.4257,-0.25,27.30250006,Wednesday,26.64525054
26-07-2018,26.25,26.78000069,25.98999977,26,2703500,25.87000084,0.014688796,26.29400024,0.790000916,102990.4762,0.25,27.20550003,Thursday,26.5733868
27-07-2018,26.03000069,26.45999908,25.72999954,26.25,2494600,26.25,-0.008380926,26.1840004,0.729999542,95835.57181,-0.219999313,27.08300009,Friday,26.47458933
30-07-2018,26.14999962,26.5,25.95999908,26.03000069,2085700,26.03000069,0.004610024,26.07400017,0.540000916,79759.08338,0.119998932,27.01550007,Monday,26.41557302
31-07-2018,26.57999992,26.65999985,26,26.29999924,2802800,26.14999962,0.016443607,26.17600021,0.659999847,105447.7053,0.280000687,26.97350006,Tuesday,26.44546882
01-08-2018,26.21999931,26.54999924,25.90999985,26.38999939,2404500,26.57999992,-0.013544041,26.24599991,0.63999939,91704.80789,-0.170000076,26.9165,Wednesday,26.40447436
02-08-2018,26.55999947,26.57999992,25.97999954,26.12999916,2786400,26.21999931,0.012967207,26.3079998,0.600000381,104909.6407,0.430000305,26.8625,Thursday,26.43275165
03-08-2018,27.05999947,27.15999985,26.37000084,26.37000084,3729100,26.55999947,0.018825302,26.51399956,0.789999008,137808.5763,0.689998627,26.82199993,Friday,26.54679671
06-08-2018,26.92000008,27.26000023,26.76000023,27.02000046,3913400,27.05999947,-0.005173666,26.66799965,0.5,145371.4706,-0.100000381,26.75299997,Monday,26.61465187
07-08-2018,25.54999924,26.10000038,24.71999931,26.09000015,8078600,26.92000008,-0.050891561,26.46199951,1.380001068,316187.8764,-0.540000916,26.61049995,Tuesday,26.42107866
08-08-2018,25.64999962,26.20000076,25.36000061,25.37999916,4608200,25.54999924,0.003913909,26.34799957,0.840000153,179656.9227,0.270000458,26.50949993,Wednesday,26.28088247
09-08-2018,26.10000038,26.55999947,25.51000023,25.78000069,3708400,25.64999962,0.01754389,26.25599976,1.049999237,142084.2891,0.319999695,26.43649998,Thursday,26.24799482
10-08-2018,25.98999977,26.05999947,25.60000038,26,3048400,26.10000038,-0.004214583,26.04199982,0.459999084,117291.2669,-0.010000229,26.36399994,Friday,26.20108663
13-08-2018,25.88999939,26.32999992,25.67000008,26.01000023,2913900,25.98999977,-0.003847648,25.83599968,0.659999847,112549.2495,-0.120000839,26.29099989,Monday,26.14452531
14-08-2018,26.42000008,26.57999992,26,26,3913400,25.88999939,0.020471251,26.00999985,0.579999924,148122.6339,0.420000076,26.29299994,Tuesday,26.19461163
15-08-2018,26.05999947,26.34000015,25.88999939,26.29999924,3556700,26.42000008,-0.013626064,26.09199982,0.450000763,136481.2,-0.239999771,26.26699991,Wednesday,26.17013669
16-08-2018,26.38999939,26.53000069,26.10000038,26.14999962,2855600,26.05999947,0.012663083,26.14999962,0.430000305,108207.6569,0.239999771,26.25199986,Thursday,26.21011173
17-08-2018,26.95000076,27.01000023,26.29000092,26.43000031,3073800,26.38999939,0.021220212,26.34199982,0.719999313,114055.6554,0.520000458,26.2704999,Friday,26.34463701
20-08-2018,27.92000008,27.97999954,26.88999939,26.88999939,3919400,26.95000076,0.035992552,26.74799995,1.090000153,140379.6558,1.030000687,26.33149986,Monday,26.63106666
21-08-2018,29.54999924,29.71999931,28.26000023,28.59000015,6962400,27.92000008,0.058381059,27.37399979,1.459999084,235614.2193,0.959999084,26.50549984,Tuesday,27.16178167
22-08-2018,29.06999969,29.59000015,29.02000046,29.45000076,4106500,29.54999924,-0.01624364,27.97599983,0.569999695,141262.4714,-0.380001068,26.66549978,Wednesday,27.5087304
23-08-2018,28.79000092,29.09000015,28.61000061,29.05999947,2703000,29.06999969,-0.009631881,28.45600014,0.479999542,93886.76325,-0.26999855,26.79249983,Thursday,27.74168868
24-08-2018,28.54000092,29.09000015,28.51000023,28.90999985,2015700,28.79000092,-0.00868357,28.77400017,0.579999924,70627.18764,-0.369998932,26.91799984,Friday,27.88683636
27-08-2018,28.77000046,28.95000076,28.39999962,28.54000092,2476100,28.54000092,0.008058848,28.94400024,0.550001144,86065.34448,0.229999542,27.04899988,Monday,28.04741165
28-08-2018,28.29000092,28.89999962,28.18000031,28.73999977,3364400,28.77000046,-0.01668403,28.69200058,0.719999313,118925.4115,-0.449998856,27.13449993,Tuesday,28.09151879
29-08-2018,28.34000015,28.59000015,27.71999931,28.37000084,2576600,28.29000092,0.001767382,28.54600067,0.870000839,90917.4307,-0.030000687,27.24049997,Wednesday,28.13669722
30-08-2018,28.18000031,28.34000015,28,28.10000038,2069200,28.34000015,-0.005645725,28.42400055,0.340000153,73427.9623,0.079999924,27.32150002,Thursday,28.14457051
31-08-2018,27.82999992,28.28000069,27.65999985,27.88999939,2147700,28.18000031,-0.01242017,28.28200035,0.620000839,77172.11663,-0.059999466,27.36000004,Friday,28.08737586
04-09-2018,27.46999931,27.88999939,27.15999985,27.60000038,3176100,27.82999992,-0.012935703,28.02200012,0.729999542,115620.68,-0.130001068,27.3875,Tuesday,27.97512557
05-09-2018,27.45999908,27.93000031,27.40999985,27.54000092,5589100,27.46999931,-0.000364042,27.85599976,0.520000458,203536.0592,-0.080001831,27.48299999,Wednesday,27.88146621
06-09-2018,27.62000084,28.04000092,27.38999939,27.62999916,3231500,27.45999908,0.005826721,27.71199989,0.650001526,116998.5482,-0.009998322,27.58150005,Thursday,27.83392705
07-09-2018,27.95000076,28.23999977,27.31999969,27.52000046,3111800,27.62000084,0.011947861,27.66599998,0.920000076,111334.5229,0.430000305,27.67400007,Friday,27.85503136
10-09-2018,28.29999924,28.35000038,27.70000076,28.04999924,2586500,27.95000076,0.012522306,27.75999985,0.649999619,91395.76218,0.25,27.78950005,Monday,27.93593461
11-09-2018,28.51000023,28.81999969,26.04000092,28.29000092,2678500,28.29999924,0.00742053,27.96800003,2.779998779,93949.49065,0.219999313,27.92050009,Tuesday,28.04031018
12-09-2018,30.70000076,31.05999947,28.84000015,28.87000084,8430000,28.51000023,0.076815171,28.61600037,2.219999313,274592.8271,1.829999924,28.13450012,Wednesday,28.52389029
13-09-2018,31.84000015,32.16999817,30.81999969,30.88999939,8329300,30.70000076,0.03713353,29.46000023,1.349998474,261598.6168,0.950000763,28.42350016,Thursday,29.12681935
14-09-2018,32.18000031,32.65000153,31.76000023,31.84000015,5743100,31.84000015,0.010678397,30.30600014,0.890001297,178467.9908,0.340000153,28.7130002,Friday,29.68194316
17-09-2018,32.02000046,32.36999893,31.79000092,32.25,3445900,32.18000031,-0.004972028,31.05000038,0.579998016,107617.1128,-0.229999542,28.96650019,Monday,30.10704449
18-09-2018,31.57999992,31.77000046,30.75,31.17000008,5192400,32.02000046,-0.013741428,31.66400032,1.020000458,164420.5197,0.409999847,29.14950018,Tuesday,30.37485457
19-09-2018,32.04999924,32.20000076,31.54999924,31.76000023,3537500,31.57999992,0.014882816,31.93400002,0.650001526,110374.4176,0.289999008,29.27450018,Wednesday,30.67942633
20-09-2018,32.25999832,32.41999817,31.92000008,32.27999878,3311600,32.04999924,0.006552234,32.01799965,0.499998093,102653.4461,-0.020000458,29.43400011,Thursday,30.96680305
21-09-2018,31.79999924,32.52000046,31.76000023,32.41999817,4985200,32.25999832,-0.014259117,31.94199944,0.760000229,156767.2994,-0.619998932,29.58450003,Friday,31.11829327
24-09-2018,31.90999985,32.38000107,31.79000092,31.94000053,3200900,31.79999924,0.003459139,31.91999931,0.590000153,100310.2481,-0.030000687,29.75299997,Monday,31.26223992
25-09-2018,31.54999924,32.22000122,31.48999977,31.87000084,3469500,31.90999985,-0.011281749,31.91399918,0.73000145,109968.3069,-0.320001602,29.89199991,Tuesday,31.31455979
26-09-2018,31.51000023,31.79000092,31.20000076,31.46999931,4793100,31.54999924,-0.001267797,31.80599937,0.590000153,152113.6136,0.040000916,30.05299988,Wednesday,31.35009442
27-09-2018,31.90999985,32.08000183,31.40999985,31.62000084,2538700,31.51000023,0.012694371,31.73599968,0.670001984,79558.13263,0.289999008,30.23149986,Thursday,31.45189541
28-09-2018,32,32.11999893,31.70000076,31.79999924,3009000,31.90999985,0.002820437,31.77599983,0.419998169,94031.25,0.200000763,30.42249985,Friday,31.55155079
01-10-2018,32.41999817,32.65000153,32,32.15999985,4763700,32,0.013124943,31.8779995,0.650001526,146937.0842,0.259998322,30.65199976,Monday,31.70945031
02-10-2018,32.86000061,32.99000168,32.27000046,32.52999878,5166600,32.41999817,0.013571945,32.13999977,0.720001221,157230.6727,0.330001831,30.92149982,Tuesday,31.91864127
03-10-2018,33.31999969,33.65000153,32.70999908,33.16999817,3950600,32.86000061,0.013998755,32.50199966,0.940002441,118565.4273,0.150001526,31.21449986,Wednesday,32.17343371
04-10-2018,33.15000153,33.40999985,32.75,33.22000122,4463500,33.31999969,-0.005101986,32.75,0.659999847,134645.5443,-0.069999695,31.49099989,Thursday,32.3509915
05-10-2018,32.93000031,34.06000137,32.90000153,33.04999924,5772700,33.15000153,-0.006636537,32.93600006,1.159999847,175302.1545,-0.119998932,31.73999987,Friday,32.45626583
08-10-2018,33.00999832,33.11000061,32.09000015,32.99000168,3542200,32.93000031,0.002429335,33.05400009,1.020000458,107306.8822,0.019996643,31.97549982,Monday,32.55694446
09-10-2018,32.36000061,33.02000046,32.31999969,33.02000046,3269100,33.00999832,-0.019690934,32.95400009,0.700000763,101022.8658,-0.659999847,32.16799984,Tuesday,32.52113649
10-10-2018,32.06000137,33.41999817,32.04000092,33.31000137,4888100,32.36000061,-0.009270681,32.70200043,1.379997253,152467.2424,-1.25,32.23599987,Wednesday,32.43729374
11-10-2018,31.02000046,32.09000015,30.59000015,31.94000053,4277500,32.06000137,-0.032439204,32.27600021,1.5,137894.9045,-0.920000076,32.19499989,Thursday,32.17960405
12-10-2018,31.76000023,32.06999969,31.35000038,31.45999908,3479100,31.02000046,0.023855569,32.0420002,0.719999313,109543.4501,0.300001144,32.17399988,Friday,32.10331245
15-10-2018,32.29999924,32.50999832,31.70000076,31.78000069,3056400,31.76000023,0.017002488,31.90000038,0.809997559,94625.38923,0.51999855,32.18799982,Monday,32.13907368
16-10-2018,33.06000137,33.15999985,32.34999847,32.56999969,4360700,32.29999924,0.023529478,32.04000053,0.810001373,131902.5959,0.490001678,32.26199989,Tuesday,32.30651508
17-10-2018,33.04999924,33.49000168,32.81000137,33.15000153,4962800,33.06000137,-0.000302545,32.23800011,0.680000305,150160.3666,-0.100002289,32.31199989,Wednesday,32.44169402
18-10-2018,33.13000107,33.38999939,32.72000122,33.02000046,4871700,33.04999924,0.00242063,32.66000023,0.669998169,147047.988,0.11000061,32.35550003,Thursday,32.56684075
19-10-2018,33.40000153,33.74000168,32.36000061,33.34000015,4619800,33.13000107,0.008149727,32.98800049,1.380001068,138317.359,0.060001373,32.43550014,Friday,32.71832453
22-10-2018,33.38000107,33.68999863,33.11999893,33.47000122,5151500,33.40000153,-0.000598816,33.20400085,0.569999695,154328.9345,-0.090000153,32.50900021,Monday,32.83862936
23-10-2018,32.77999878,33.09000015,32.11999893,33.02999878,4710800,33.38000107,-0.017974903,33.14800034,0.970001221,143709.5844,-0.25,32.57050018,Tuesday,32.82796925
24-10-2018,29.81999969,32.79999924,29.79000092,32.79999924,6777000,32.77999878,-0.090298938,32.50200043,3.009998322,227263.5838,-2.979999542,32.48600016,Wednesday,32.2810657
25-10-2018,30.94000053,31.51000023,30.18000031,30.40999985,5258600,29.81999969,0.037558714,32.06400032,1.329999924,169961.2123,0.530000687,32.43750019,Thursday,32.03723567
26-10-2018,30.12999916,30.75,29.80999947,30.17000008,4136800,30.94000053,-0.026179747,31.40999985,0.940000534,137298.3775,-0.040000916,32.34400015,Friday,31.69046539
29-10-2018,30.36000061,31.44000053,29.82999992,30.78000069,4507300,30.12999916,0.007633636,30.80599976,1.61000061,148461.7888,-0.420000076,32.24100027,Monday,31.4485627
30-10-2018,31.25,31.88999939,30.27000046,30.40999985,4244300,30.36000061,0.029314867,30.5,1.619998932,135817.6,0.840000153,32.16050024,Tuesday,31.41246039
31-10-2018,32.38999939,32.77999878,31.26000023,31.64999962,3772500,31.25,0.03647998,31.01399994,1.51999855,116471.1353,0.739999771,32.11400023,Wednesday,31.59019476
01-11-2018,33.04999924,33.11000061,32.31999969,32.40999985,4224400,32.38999939,0.020376655,31.43599968,0.790000916,127818.4598,0.63999939,32.10900011,Thursday,31.85561375
02-11-2018,32.31000137,33.77999878,32.06999969,33.13000107,4540500,33.04999924,-0.022390254,31.87200012,1.709999084,140529.2419,-0.819999695,32.07800016,Friday,31.93822968
05-11-2018,33.20000076,33.22000122,32.25999832,32.61000061,4340200,32.31000137,0.027545631,32.44000015,0.960002899,130728.9127,0.590000153,32.08750029,Monday,32.16764261
06-11-2018,33.29000092,33.47000122,32.88999939,33.24000168,3341300,33.20000076,0.002710848,32.84800034,0.580001831,100369.4776,0.049999237,32.1340003,Tuesday,32.37170775
07-11-2018,33.08000183,33.5,32.43999863,33.47999954,5708900,33.29000092,-0.006308173,32.98600082,1.060001373,172578.5878,-0.399997711,32.18500032,Wednesday,32.5004885
08-11-2018,33.79999924,34.88999939,33.25,33.68999863,6324900,33.08000183,0.021765338,33.13600082,1.63999939,187127.2232,0.11000061,32.32400026,Thursday,32.73676318
09-11-2018,32.97999954,34.47000122,32.74000168,33.16999817,4345800,33.79999924,-0.024260347,33.27000046,1.729999542,131770.772,-0.189998627,32.38500023,Friday,32.78098797
12-11-2018,32.40999985,33.29000092,32.31000137,33.15000153,2849300,32.97999954,-0.017283193,33.11200027,0.979999542,87914.22442,-0.740001678,32.39050026,Monday,32.71353558
13-11-2018,32.11000061,32.97999954,31.93000031,32.54000092,3371800,32.40999985,-0.009256379,32.87600021,1.049999237,105007.7837,-0.430000305,32.34300022,Tuesday,32.60380195
14-11-2018,31.92000008,32.65999985,31.70000076,32.38000107,5140700,32.11000061,-0.005917176,32.64399986,0.959999084,161049.4984,-0.460000992,32.28650026,Wednesday,32.47947434
15-11-2018,31.76000023,32.08000183,31.38999939,31.62999916,4002900,31.92000008,-0.005012527,32.23600006,0.690002441,126035.8933,0.130001068,32.21800022,Thursday,32.34866086
16-11-2018,31.44000053,31.77000046,30.85000038,31.5,4051700,31.76000023,-0.010075557,31.92800026,0.920000076,128870.863,-0.059999466,32.12000017,Friday,32.1834499
19-11-2018,30.46999931,31.46999931,30.38999939,31.27000046,4231600,31.44000053,-0.030852456,31.54000015,1.079999924,138877.5876,-0.800001144,31.97450008,Monday,31.87191343
20-11-2018,29.51000023,30.21999931,29.12000084,30.07999992,4520500,30.46999931,-0.03150637,31.02000008,1.099998474,153185.3597,-0.569999695,31.81100016,Tuesday,31.44247466
21-11-2018,30.36000061,30.87999916,29.89999962,29.89999962,4268000,29.51000023,0.028803808,30.70800018,0.979999542,140579.7073,0.460000992,31.8380002,Wednesday,31.2456612
23-11-2018,30.43000031,30.60000038,29.78000069,30.34000015,1457200,30.36000061,0.002305655,30.4420002,0.819999695,47886.95318,0.090000153,31.81250019,Friday,31.09735922
26-11-2018,30.13999939,30.87000084,29.86000061,30.67000008,2822700,30.43000031,-0.009530099,30.18199997,1.010000229,93652.95478,-0.530000687,31.8130002,Monday,30.92329379
27-11-2018,30.12999916,30.38999939,29.93000031,30.05999947,2829600,30.13999939,-0.000331793,30.11399994,0.459999084,93913.04609,0.069999695,31.80150013,Tuesday,30.77905841
28-11-2018,31.30999947,31.37999916,30.01000023,30.28000069,3262200,30.12999916,0.039163636,30.47399979,1.369998932,104190.3563,1.029998779,31.8045001,Wednesday,30.87559314
29-11-2018,31.62999916,31.87999916,31.01000023,31.22999954,3442100,31.30999947,0.010220367,30.7279995,0.869998932,108823.9042,0.399999619,31.76650009,Thursday,31.01275787
30-11-2018,30.71999931,31.72999954,30.54000092,31.68000031,5420600,31.62999916,-0.028770151,30.7859993,1.189998627,176451.8269,-0.960000992,31.6500001,Friday,30.95952905
03-12-2018,28.20000076,30.71999931,27.70999908,30.59000015,13947700,30.71999931,-0.082031205,30.39799957,3.010000229,494599.2774,-2.38999939,31.44450006,Monday,30.45779663
04-12-2018,27.97999954,29.12999916,27.78000069,28.56999969,8598700,28.20000076,-0.007801462,29.96799965,1.349998474,307315.945,-0.590000153,31.1835,Tuesday,30.00728807
06-12-2018,29.14999962,29.17000008,27.55999947,27.61000061,6958600,27.97999954,0.041815586,29.53599968,1.61000061,238716.9843,1.539999008,30.97649994,Thursday,29.85141744
07-12-2018,28.93000031,29.54999924,28.63999939,29.11000061,6862100,29.14999962,-0.007547146,28.99599991,0.909999847,237196.6791,-0.180000305,30.76899986,Friday,29.68388705
10-12-2018,28.37000084,29.06999969,27.65999985,28.87000084,4953200,28.93000031,-0.01935705,28.52600021,1.409999847,174592.8746,-0.5,30.49749994,Monday,29.44499865
11-12-2018,27.94000053,29.13999939,27.70999908,28.72999954,3560300,28.37000084,-0.015156866,28.47400017,1.430000305,127426.6261,-0.789999008,30.24549999,Tuesday,29.17136263
12-12-2018,28.37999916,28.84000015,28.25,28.42000008,4334500,27.94000053,0.015747982,28.55400009,0.590000153,152730.8009,-0.040000916,30.04399996,Wednesday,29.02747836
13-12-2018,27.96999931,28.56999969,27.62999916,28.30999947,4386700,28.37999916,-0.014446789,28.31800003,0.940000534,156835.8995,-0.340000153,29.83699989,Thursday,28.83520944
14-12-2018,27.96999931,28.43000031,27.59000015,27.78000069,4358300,27.96999931,0,28.12599983,0.840000153,155820.5258,0.189998627,29.63949986,Friday,28.67789851
17-12-2018,27.52000046,28.23999977,27.39999962,27.80999947,3995900,27.96999931,-0.016088626,27.95599976,0.840000153,145199.8522,-0.289999008,29.42749987,Monday,28.46737159
18-12-2018,26.89999962,27.84000015,26.71999931,27.62999916,4519800,27.52000046,-0.0225291,27.74799957,1.120000839,168022.3072,-0.729999542,29.20049982,Tuesday,28.18239487
19-12-2018,26.87999916,27.59000015,26.68000031,27.01000023,6556800,26.89999962,-0.000743511,27.44799957,0.909999847,243928.579,-0.130001068,29.02099981,Wednesday,27.94559565
20-12-2018,25.86000061,26.88999939,25.51000023,26.70000076,6556700,26.87999916,-0.037946376,27.02599983,1.379999161,253546.011,-0.840000153,28.83849983,Thursday,27.56639655
21-12-2018,25.04999924,26.59000015,24.94000053,25.78000069,6623200,25.86000061,-0.031322558,26.44199982,1.649999619,264399.2096,-0.73000145,28.57299976,Friday,27.10886977
24-12-2018,24.46999931,25.04999924,24.37999916,24.80999947,2378200,25.04999924,-0.02315369,25.83199959,0.670000076,97188.39668,-0.340000153,28.27499971,Monday,26.62907514
26-12-2018,25.54999924,25.56999969,24.19000053,24.60000038,3324300,24.46999931,0.044135674,25.56199951,1.379999161,130109.5929,0.949998856,28.04549971,Wednesday,26.43287952
27-12-2018,24.78000069,25.07999992,23.79000092,25,3505800,25.54999924,-0.03013693,25.14199982,1.289999008,141476.9937,-0.219999313,27.77799978,Thursday,26.1323561
28-12-2018,24.63999939,25.04999924,24.39999962,24.85000038,3404300,24.78000069,-0.00564977,24.89799957,0.649999619,138161.5294,-0.210000992,27.44449978,Friday,25.86101851
31-12-2018,24.73999977,24.93000031,24.09000015,24.92000008,4095800,24.63999939,0.004058457,24.83599968,0.840000153,165553.7606,-0.180000305,27.09999981,Monday,25.65719692
02-01-2019,25.82999992,25.85000038,24.11000061,24.37000084,4595500,24.73999977,0.044058212,25.1079998,1.739999771,177913.2797,1.459999084,26.85549984,Wednesday,25.68861565
03-01-2019,25.68000031,25.95000076,24.96999931,25.46999931,4947900,25.82999992,-0.005807186,25.13400002,0.98000145,192675.2314,0.210000992,26.72949982,Thursday,25.68704922
04-01-2019,26.13999939,26.42000008,25.90999985,25.96999931,3856100,25.68000031,0.017912737,25.40599976,0.510000229,147517.2184,0.170000076,26.63749981,Friday,25.7694038
07-01-2019,26.53000069,26.82999992,25.79999924,26.09000015,4022900,26.13999939,0.014919713,25.78400002,1.030000687,151635.88,0.440000534,26.50649986,Monday,25.90769414
08-01-2019,27.23999977,27.45999908,26.62000084,26.73999977,3447900,26.53000069,0.026762121,26.28400002,0.839998245,126574.8909,0.5,26.42199984,Tuesday,26.14993153
09-01-2019,27.28000069,27.70000076,27.20000076,27.37999916,3766400,27.23999977,0.001468462,26.57400017,0.5,138064.5127,-0.099998474,26.36749983,Wednesday,26.35539865
10-01-2019,26.80999947,27.17000008,26.56999969,27.10000038,3311100,27.28000069,-0.017228783,26.8,0.600000381,123502.4269,-0.290000916,26.31099977,Thursday,26.43805334
11-01-2019,27.12000084,27.28000069,26.5,26.62999916,2842100,26.80999947,0.011562901,26.99600029,0.780000687,104797.1944,0.490001678,26.24799986,Friday,26.5620438
14-01-2019,27,27.07999992,26.56999969,26.88999939,2963600,27.12000084,-0.00442481,27.09000015,0.510000229,109762.963,0.11000061,26.19949989,Monday,26.6416722
15-01-2019,27.10000038,27.38999939,26.97999954,27.11000061,1844900,27,0.003703718,27.06200027,0.409999847,68077.48982,-0.010000229,26.15599995,Tuesday,26.72500459
16-01-2019,27.11000061,27.52000046,27.05999947,27.20999908,2475100,27.10000038,0.000369012,27.02800026,0.460000992,91298.41181,-0.099998474,26.13549995,Wednesday,26.79500387
17-01-2019,27.29999924,27.47999954,26.95000076,27.04999924,2344600,27.11000061,0.007008433,27.12600021,0.529998779,85882.78628,0.25,26.15549994,Thursday,26.88682121
18-01-2019,27.70999908,27.89999962,27.20999908,27.42000008,3268900,27.29999924,0.01501831,27.24399986,0.690000534,117968.2464,0.289999008,26.19699993,Friday,27.03648991
22-01-2019,26.60000038,27.72999954,26.44000053,27.60000038,3788000,27.70999908,-0.040057695,27.16399994,1.289999008,142406.013,-1,26.23399992,Tuesday,26.95712818
23-01-2019,26.55999947,27.12999916,26.25,26.79999924,2646900,26.60000038,-0.001503794,27.05599976,0.879999161,99657.38152,-0.239999771,26.30949993,Wednesday,26.88492296
24-01-2019,27.31999969,27.51000023,26.42000008,26.65999985,4545100,26.55999947,0.028614467,27.09799957,1.090000153,166365.302,0.659999847,26.45199995,Thursday,26.96402782
25-01-2019,27.68000031,27.75,27.39999962,27.52000046,2697900,27.31999969,0.013177182,27.17399979,0.350000381,97467.48447,0.159999847,26.5585,Friday,27.09420464
28-01-2019,27.79000092,27.84000015,27.22999954,27.39999962,2422300,27.68000031,0.00397401,27.19000015,0.61000061,87164.44477,0.390001297,26.70900002,Monday,27.22071305
29-01-2019,27.39999962,27.81999969,27.29000092,27.81999969,1671500,27.79000092,-0.014033871,27.35,0.529998779,61003.65048,-0.420000076,26.84700003,Tuesday,27.25331061
30-01-2019,26.73999977,27.25,25.07999992,27,10363500,27.39999962,-0.024087586,27.38600006,2.170000076,387565.4483,-0.260000229,26.94700003,Wednesday,27.15998137
31-01-2019,28.37999916,28.43000031,27.29000092,27.37999916,6690000,26.73999977,0.061331317,27.59799995,1.13999939,235729.3939,1,27.07449999,Thursday,27.38180278
01-02-2019,28.55999947,28.78000069,28.02000046,28.5,3805600,28.37999916,0.006342506,27.77399979,0.760000229,133249.3022,0.059999466,27.21849995,Friday,27.59602036
04-02-2019,28.29000092,28.77000046,28.20999908,28.62000084,4164400,28.55999947,-0.009453731,27.87399979,0.560001373,147203.9542,-0.329999924,27.32600002,Monday,27.72219864
05-02-2019,29.04000092,29.59000015,28.29999924,28.37000084,4842600,28.29000092,0.026511134,28.20200005,1.290000916,166756.1931,0.670000076,27.45150003,Tuesday,27.96179906
06-02-2019,29.12000084,29.38999939,28.86000061,29.11000061,3521800,29.04000092,0.002754818,28.67800026,0.529998779,120940.9306,0.010000229,27.54550009,Wednesday,28.1723812
07-02-2019,28.63999939,29.20999908,28.20999908,28.97999954,3221800,29.12000084,-0.016483566,28.73000031,1,112493.0192,-0.340000153,27.61350002,Thursday,28.25740269
08-02-2019,29.19000053,29.21999931,28.22999954,28.52000046,3036400,28.63999939,0.019203951,28.85600052,0.989999771,104021.9234,0.670000076,27.73250008,Friday,28.42696593
11-02-2019,28.63999939,29.35000038,28.44000053,29.35000038,3981000,29.19000053,-0.018842108,28.92600021,0.909999847,139001.3996,-0.710000992,27.8085,Monday,28.46569929
12-02-2019,28.12999916,29.29000092,28.09000015,28.79999924,4687700,28.63999939,-0.017807271,28.74399986,1.200000763,166644.1571,-0.670000076,27.86499996,Tuesday,28.4046629
13-02-2019,28.31999969,28.45000076,27.96999931,28.10000038,4935700,28.12999916,0.006754374,28.58399963,0.48000145,174283.194,0.219999313,27.92599993,Wednesday,28.38926959
14-02-2019,28.77000046,29.17000008,27.81999969,28.18000031,3820000,28.31999969,0.015889858,28.60999985,1.350000381,132777.1964,0.590000153,28.00899992,Thursday,28.45849339
15-02-2019,29.29999924,29.40999985,28.87000084,29.09000015,3200000,28.77000046,0.018421925,28.63199959,0.539999008,109215.0199,0.209999084,28.10899992,Friday,28.61149445
19-02-2019,29.05999947,29.37000084,28.93000031,29.34000015,2351700,29.29999924,-0.008191119,28.7159996,0.440000534,80925.67251,-0.280000687,28.17649994,Tuesday,28.69304082
20-02-2019,29.09000015,29.29000092,28.79999924,29.02000046,1924900,29.05999947,0.001032371,28.9079998,0.490001678,66170.50498,0.069999695,28.30099993,Wednesday,28.76521524
21-02-2019,29,29.19000053,28.70999908,29.13999939,2593000,29.09000015,-0.003093852,29.04399986,0.48000145,89413.7931,-0.13999939,28.42299995,Thursday,28.80790338
22-02-2019,29.20999908,29.46999931,28.95000076,29.01000023,2158600,29,0.007241348,29.13199959,0.51999855,73899.35185,0.199998856,28.51749992,Friday,28.88101169
25-02-2019,29.20999908,29.69000053,29.11000061,29.5,6414800,29.20999908,0,29.11399956,0.579999924,219609.7296,-0.290000916,28.59399986,Monday,28.94082758
26-02-2019,28.38999939,28.69000053,26.86000061,28.11000061,9522300,29.20999908,-0.028072568,28.97999954,1.829999924,335410.363,0.279998779,28.62399979,Tuesday,28.840677
27-02-2019,28.63999939,29.29000092,28.14999962,28.5,4971300,28.38999939,0.008805918,28.88999939,1.140001297,173578.9143,0.13999939,28.68599977,Wednesday,28.80419016
28-02-2019,28.89999962,29,28.45999908,28.62999916,5948800,28.63999939,0.00907822,28.86999931,0.540000916,205840.8332,0.270000458,28.79399977,Thursday,28.82161006
01-03-2019,29.07999992,29.45999908,28.90999985,29.04999924,4019900,28.89999962,0.006228384,28.84399948,0.549999237,138235.9013,0.030000687,28.82899981,Friday,28.86859004
04-03-2019,28.78000069,29.42000008,28.47999954,29.11000061,3007900,29.07999992,-0.010316342,28.7579998,0.940000534,104513.5486,-0.329999924,28.83999987,Monday,28.85248288
05-03-2019,28.98999977,29.12000084,28.56999969,28.78000069,2395700,28.78000069,0.007296702,28.87799988,0.550001144,82638.84163,0.209999084,28.87499981,Tuesday,28.87748595
06-03-2019,28.80999947,29.62999916,28.70000076,29.29000092,2531100,28.98999977,-0.006209048,28.91199989,0.929998398,87854.91312,-0.48000145,28.86349974,Wednesday,28.86521568
07-03-2019,28.42000008,28.82999992,28.29000092,28.79000092,2156400,28.80999947,-0.013536945,28.81599998,0.539999008,75876.14336,-0.370000839,28.8284997,Thursday,28.78426739
08-03-2019,28.92000008,28.95000076,28.26000023,28.28000069,2810000,28.42000008,0.017593244,28.78400002,0.690000534,97164.59172,0.63999939,28.84249973,Friday,28.80894606
11-03-2019,28.42000008,28.92000008,27.98999977,28.90999985,3289100,28.92000008,-0.017289073,28.71199989,0.930000305,115731.8786,-0.489999771,28.80399971,Monday,28.73822861
12-03-2019,28.37000084,28.54000092,28.21999931,28.48999977,3347800,28.42000008,-0.001759298,28.58800011,0.320001602,118004.9313,-0.119998932,28.79049978,Tuesday,28.67127811
13-03-2019,26.93000031,28.55999947,26.79999924,28.53000069,7269600,28.37000084,-0.05075786,28.21200027,1.760000229,269944.297,-1.600000381,28.73049984,Wednesday,28.35468214
14-03-2019,27.43000031,27.53000069,26.75,27.10000038,5023800,26.93000031,0.018566654,28.01400032,0.780000687,183149.8339,0.329999924,28.68599987,Thursday,28.18655817
15-03-2019,27.43000031,27.79000092,27.25,27.52000046,5391100,27.43000031,0,27.71600037,0.540000916,196540.2822,-0.090000153,28.61899986,Friday,28.0490022
18-03-2019,27.22999954,27.93000031,27.12999916,27.29999924,3482000,27.43000031,-0.007291315,27.47800026,0.800001144,127873.6709,-0.069999695,28.51549988,Monday,27.90009262
19-03-2019,27.26000023,27.62000084,27.12000084,27.31999969,3304700,27.22999954,0.001101751,27.25600014,0.5,121228.9058,-0.059999466,28.42549992,Tuesday,27.78371219
20-03-2019,26.69000053,27.13999939,26.10000038,27.06999969,6072100,27.26000023,-0.020909747,27.20800018,1.039999008,227504.6788,-0.379999161,28.30549994,Wednesday,27.58485552
21-03-2019,26.68000031,26.81999969,26.22999954,26.34000015,6061000,26.69000053,-0.000374681,27.05800018,0.590000153,227173.9104,0.340000153,28.18949995,Thursday,27.42033639
22-03-2019,26.67000008,26.87000084,26.07999992,26.55999947,4861500,26.68000031,-0.000374821,26.90600014,0.790000916,182283.464,0.11000061,28.0625,Friday,27.28391161
25-03-2019,27.11000061,27.79000092,26.64999962,26.84000015,4043200,26.67000008,0.016497958,26.88200035,1.140001297,149140.5352,0.270000458,27.95750008,Monday,27.25229143
26-03-2019,27.63999939,28.10000038,27.10000038,27.20999908,4641000,27.11000061,0.019549936,26.95800018,1,167908.8315,0.430000305,27.92000008,Tuesday,27.32278378
27-03-2019,27.57999992,27.95999908,27.45999908,27.65999985,2636800,27.63999939,-0.002170748,27.13600006,0.5,95605.5115,-0.079999924,27.8670001,Wednesday,27.36955035
28-03-2019,26.90999985,27.87000084,26.87000084,27.60000038,1964000,27.57999992,-0.024292969,27.18199997,1,72984.02122,-0.690000534,27.76750011,Thursday,27.28599572
29-03-2019,27.02000046,27.14999962,26.75,27,4493600,26.90999985,0.004087722,27.25200005,0.399999619,166306.4369,0.020000458,27.66450014,Friday,27.23763294
01-04-2019,27.75,28.06999969,27.39999962,27.46999931,4004200,27.02000046,0.027017007,27.37999992,0.670000076,144295.4955,0.280000687,27.61300011,Monday,27.33079059
02-04-2019,27.38999939,27.85000038,27.29000092,27.79000092,3380900,27.75,-0.012972995,27.32999992,0.559999466,123435.5632,-0.400001526,27.53300009,Tuesday,27.34155583
03-04-2019,27.87000084,28.14999962,27.35000038,27.57999992,3377500,27.38999939,0.017524697,27.38800011,0.799999237,121187.6533,0.290000916,27.48600016,Wednesday,27.43763674
04-04-2019,28.87999916,28.92000008,27.87000084,27.87000084,3607500,27.87000084,0.036239623,27.78199997,1.049999237,124913.4385,1.009998322,27.50900011,Thursday,27.69988445
05-04-2019,29.47999954,29.90999985,28.98999977,29,4464100,28.87999916,0.020775637,28.27399979,0.920000076,151428.0892,0.479999542,27.53700008,Friday,28.02354174
08-04-2019,28.87000084,29.47999954,28.81999969,29.42000008,3871900,29.47999954,-0.020691951,28.49799995,0.659999847,134114.9944,-0.549999237,27.55950012,Monday,28.17744339
09-04-2019,28.84000015,28.96999931,28.57999992,28.88999939,2337500,28.87000084,-0.001039165,28.78800011,0.38999939,81050.6237,-0.049999237,27.58300009,Tuesday,28.29790826
10-04-2019,30.59000015,31,28.72999954,28.78000069,10635700,28.84000015,0.060679611,29.33199997,2.270000458,347685.5164,1.809999466,27.76600008,Wednesday,28.71465224
11-04-2019,30.19000053,31.34000015,30.05999947,30.78000069,6015700,30.59000015,-0.013076156,29.59400024,1.280000687,199261.3413,-0.590000153,27.90400009,Thursday,28.98289738
12-04-2019,30.02000046,30.79999924,29.64999962,30.28000069,5015800,30.19000053,-0.005631006,29.70200043,1.149999619,167081.9428,-0.260000229,28.0335001,Friday,29.17146158
15-04-2019,30.04999924,30.21999931,29.86000061,29.95000076,2287700,30.02000046,0.000999293,29.93800011,0.359998703,76129.78563,0.099998474,28.17450008,Monday,29.3311957
16-04-2019,29.97999954,30.45000076,29.79999924,30.15999985,2084700,30.04999924,-0.002329441,30.16599998,0.650001526,69536.35863,-0.180000305,28.31050005,Tuesday,29.44916003
17-04-2019,30.40999985,30.59000015,30,30.10000038,2886100,29.97999954,0.014342906,30.12999992,0.590000153,94906.2813,0.309999466,28.49650002,Wednesday,29.62385818
18-04-2019,30.12999916,30.64999962,30.04999924,30.60000038,2685400,30.40999985,-0.00920752,30.11799965,0.600000381,89127.11831,-0.470001221,28.66899996,Thursday,29.71588381
22-04-2019,29.12000084,30.12999916,28.85000038,30.12999916,3814000,30.12999916,-0.033521352,29.93799973,1.279998779,130975.271,-1.009998322,28.7915,Monday,29.60754146
23-04-2019,29.46999931,29.79000092,29.05999947,29.05999947,4026500,29.12000084,0.012019178,29.82199974,0.73000145,136630.4748,0.409999847,28.90949993,Tuesday,29.58253379
24-04-2019,30.37999916,30.52000046,28.85000038,28.85000038,4505700,29.46999931,0.030878855,29.90199966,1.670000076,148311.3932,1.529998779,29.04649992,Wednesday,29.7275275
25-04-2019,30.37000084,30.71999931,29.53000069,30.29999924,3674700,30.37999916,-0.000329109,29.89399986,1.189998627,120997.6918,0.070001602,29.18599997,Thursday,29.84434083
26-04-2019,31.51000023,31.53000069,30.37999916,30.39999962,4524600,30.37000084,0.037537022,30.17000008,1.150001526,143592.5093,1.11000061,29.41599998,Friday,30.14718799
29-04-2019,31.62999916,32.06000137,31.36000061,31.54000092,4569100,31.51000023,0.003808281,30.67199974,0.700000763,144454.6355,0.089998245,29.64649992,Monday,30.41679002
30-04-2019,30.89999962,31.85000038,30.71999931,31.64999962,4050600,31.62999916,-0.023079341,30.9579998,1.130001068,131087.3803,-0.75,29.8039999,Tuesday,30.50464631
01-05-2019,30.88999939,31.29000092,30.57999992,30.89999962,4534800,30.89999962,-0.000323632,31.05999985,0.710000992,146804.7941,-0.010000229,29.9789999,Wednesday,30.57471051
02-05-2019,29.26000023,31.85000038,28.84000015,31.72999954,8866700,30.88999939,-0.05276786,30.83799973,3.010000229,303031.4399,-2.469999313,30.04849987,Thursday,30.33567228
03-05-2019,29.34000015,29.70999908,29.03000069,29.45000076,5192400,29.26000023,0.002734105,30.40399971,0.679998398,176973.4142,-0.11000061,30.07149992,Friday,30.15464098
06-05-2019,29.13999939,29.45000076,28.70000076,28.98999977,3645700,29.34000015,-0.006816659,29.90599976,0.75,125109.8173,0.149999619,30.05449991,Monday,29.97016069
07-05-2019,28.69000053,29.40999985,28.52000046,28.87999916,4053500,29.13999939,-0.015442652,29.46399994,0.88999939,141286.1598,-0.189998627,30.0454999,Tuesday,29.7374043
08-05-2019,28.92000008,29.11000061,28.45000076,28.54999924,6335600,28.69000053,0.008016714,29.07000008,0.659999847,219073.3051,0.370000839,30.04949989,Wednesday,29.58878535
09-05-2019,28.45000076,28.87999916,27.95000076,28.79999924,5160600,28.92000008,-0.016251705,28.90800018,0.929998398,181391.9108,-0.349998474,29.94249992,Thursday,29.38173361
10-05-2019,28.45999908,28.5,27.73999977,28.39999962,5222900,28.45000076,0.000351435,28.73199997,0.760000229,183517.2231,0.059999466,29.85599985,Friday,29.21414551
13-05-2019,27.34000015,28.29999924,27.30999947,28.04999924,3771800,28.45999908,-0.039353442,28.37200012,0.989999771,137959.0336,-0.709999084,29.72199984,Monday,28.87339181
14-05-2019,27.73999977,28.02000046,27.37999916,27.37999916,3332800,27.34000015,0.014630564,28.18199997,0.640001297,120144.1971,0.36000061,29.60649986,Tuesday,28.66732053
15-05-2019,27.75,28.04000092,27.42000008,27.70000076,4904800,27.73999977,0.000360499,27.94799995,0.620000839,176749.5495,0.049999237,29.49499989,Wednesday,28.50053498
16-05-2019,27.87999916,28.01000023,27.5,27.93000031,5071500,27.75,0.004684654,27.83399963,0.510000229,181904.5966,-0.050001144,29.36849985,Thursday,28.38771029
17-05-2019,27.87000084,27.90999985,27.45000076,27.65999985,3423600,27.87999916,-0.00035862,27.71599998,0.459999084,122841.7616,0.210000992,29.25549994,Friday,28.29358129
20-05-2019,27.30999947,27.70999908,27.14999962,27.64999962,3492800,27.87000084,-0.020093339,27.70999985,0.559999466,127894.5466,-0.340000153,29.16499987,Monday,28.11474824
21-05-2019,28.01000023,28.09000015,27.40999985,27.43000031,4551400,27.30999947,0.025631665,27.76399994,0.680000305,162491.9658,0.579999924,29.09199991,Tuesday,28.09570314
22-05-2019,27.42000008,28.07999992,27.38999939,27.94000053,3044700,28.01000023,-0.021063911,27.69799995,0.690000534,111039.387,-0.520000458,28.94399996,Wednesday,27.97284804
23-05-2019,27.23999977,27.32999992,26.81999969,27.18000031,2755300,27.42000008,-0.006564563,27.57000008,0.510000229,101149.0464,0.059999466,28.7874999,Thursday,27.8396029
24-05-2019,27.13999939,27.46999931,26.97999954,27.42000008,2556200,27.23999977,-0.003671086,27.42399979,0.489999771,94185.70588,-0.280000687,28.56899986,Friday,27.71240226
28-05-2019,27.92000008,28.02000046,27.28000069,27.29000092,5389300,27.13999939,0.028739893,27.54599991,0.739999771,193026.5038,0.629999161,28.38349991,Tuesday,27.75014732
29-05-2019,27.46999931,28.10000038,27.22999954,27.73999977,3593800,27.92000008,-0.016117506,27.43799973,0.870000839,130826.3593,-0.270000458,28.21199989,Wednesday,27.69921132
30-05-2019,27.12999916,27.88999939,27.04999924,27.44000053,3128700,27.46999931,-0.012377145,27.37999954,0.840000153,115322.5248,-0.310001373,28.02399988,Thursday,27.5957182
31-05-2019,27.26000023,27.70000076,27.03000069,27.17000008,3633600,27.12999916,0.004791783,27.38399963,0.670000076,133294.2028,0.090000153,27.92399988,Friday,27.53467857
03-06-2019,27.31999969,27.85000038,27,27.25,4131900,27.26000023,0.002201008,27.41999969,0.850000381,151240.8509,0.069999695,27.82299986,Monday,27.49564605
04-06-2019,28.62000084,28.69000053,27.55999947,27.55999947,4954600,27.31999969,0.04758423,27.55999985,1.130001068,173116.6965,1.060001373,27.79699993,Tuesday,27.70007419
05-06-2019,28.04999924,28.75,27.79999924,28.48999977,4172500,28.62000084,-0.019916198,27.67599983,0.950000763,148752.2322,-0.440000534,27.76499987,Wednesday,27.76369693
06-06-2019,28.37999916,28.42000008,28,28.06999969,2844600,28.04999924,0.011764703,27.92599983,0.420000076,100232.5611,0.309999466,27.73799982,Thursday,27.87575188
07-06-2019,28.42000008,28.87999916,28.37999916,28.5,2563000,28.37999916,0.001409476,28.1579998,0.5,90182.9695,-0.079999924,27.73649979,Friday,27.9747061
10-06-2019,28.25,28.68000031,28.18000031,28.52000046,2317500,28.42000008,-0.005981706,28.34399986,0.5,82035.39823,-0.270000458,27.72599983,Monday,28.02475953
11-06-2019,28.96999931,29.06999969,28.36000061,28.45000076,4220900,28.25,0.025486701,28.41399956,0.709999084,145699.0024,0.51999855,27.80749979,Tuesday,28.19662131
12-06-2019,29.22999954,29.54000092,28.87000084,29,2551600,28.96999931,0.00897481,28.64999962,0.670000076,87293.87752,0.229999542,27.88199978,Wednesday,28.38450826
13-06-2019,29.88999939,29.90999985,29.18000031,29.42000008,4069300,29.22999954,0.022579537,28.95199966,0.729999542,136142.5254,0.469999313,27.98899975,Thursday,28.65823392
14-06-2019,29.02000046,29.40999985,28.88999939,29.35000038,5004700,29.88999939,-0.02910669,29.07199974,0.520000458,172456.9235,-0.329999924,28.04599981,Friday,28.72400966
17-06-2019,29.52000046,29.64999962,28.63999939,29.11000061,2808500,29.02000046,0.017229497,29.32599983,1.010000229,95138.88741,0.409999847,28.12849979,Monday,28.86873526
18-06-2019,29.64999962,29.96999931,29.42000008,29.64999962,4151900,29.52000046,0.004403766,29.46199989,0.549999237,140030.3559,0,28.2454998,Tuesday,29.01078332
19-06-2019,30.5,30.60000038,29.72999954,29.81999969,3949800,29.64999962,0.028667804,29.71599998,0.870000839,129501.6393,0.680000305,28.36999979,Wednesday,29.28154999
20-06-2019,30.93000031,30.97999954,30.43000031,30.62999916,3931100,30.5,0.014098371,29.92400017,0.549999237,127096.6686,0.300001144,28.5454998,Thursday,29.58126823
21-06-2019,30.69000053,31.05999947,30.55999947,30.87999916,5349500,30.93000031,-0.007759449,30.25800018,0.5,174307.589,-0.189998627,28.71799984,Friday,29.78285592
24-06-2019,31.01000023,31.04000092,30.52000046,30.62999916,2859200,30.69000053,0.010426839,30.55600014,0.520000458,92202.51464,0.380001068,28.91149988,Monday,30.00597307
25-06-2019,29.93000031,31.12000084,29.75,31.12000084,4453100,31.01000023,-0.034827472,30.61200027,1.370000839,148783.8274,-1.190000534,29.01199989,Tuesday,29.99215984
26-06-2019,29.52000046,30.22999954,29.48999977,30.02000046,3711900,29.93000031,-0.013698625,30.41600037,0.739999771,125741.868,-0.5,29.11449995,Wednesday,29.90631268
27-06-2019,29.73999977,29.79999924,29.18000031,29.59000015,2068900,29.52000046,0.007452551,30.17800026,0.619998932,69566.24129,0.149999619,29.24499998,Thursday,29.87607397
28-06-2019,30.70000076,30.72999954,29.86000061,29.97999954,3747500,29.73999977,0.032279791,30.18000031,0.869998932,122068.4009,0.720001221,29.41700001,Friday,30.02587884
01-07-2019,30.68000031,31.23999977,30.37000084,31.05999947,3804500,30.70000076,-0.000651481,30.11400032,0.869998932,124005.8658,-0.379999161,29.58500004,Monday,30.14481002
02-07-2019,30.87999916,31.18000031,30.55999947,30.72999954,3813600,30.68000031,0.006518867,30.30400009,0.620000839,123497.4127,0.149999619,29.69799995,Tuesday,30.27848077
03-07-2019,30.89999962,31.30999947,30.80999947,31.02000046,1680800,30.87999916,0.000647683,30.57999992,0.5,54394.82268,-0.120000839,29.84049997,Wednesday,30.3914842
05-07-2019,31.26000023,31.30999947,30.61000061,30.70999908,1967800,30.89999962,0.011650505,30.88400002,0.699998856,62949.45571,0.550001144,29.98450003,Friday,30.5493962
08-07-2019,31.29999924,31.32999992,30.98999977,31.25,2533200,31.26000023,0.001279559,31.00399971,0.340000153,80932.90932,0.049999237,30.12849998,Monday,30.68586948
09-07-2019,31.62999916,31.93000031,31.13999939,31.14999962,3252600,31.29999924,0.010543129,31.19399948,0.790000916,102832.7564,0.479999542,30.29749994,Tuesday,30.85752942
10-07-2019,31.64999962,31.93000031,31.22999954,31.87000084,3323000,31.62999916,0.000632326,31.34799957,0.700000763,104992.1024,-0.220001221,30.43149996,Wednesday,31.00161491
11-07-2019,31.62000084,31.81999969,31.43000031,31.79999924,3289100,31.64999962,-0.000947829,31.49199982,0.38999939,104019.6051,-0.179998398,30.55100002,Thursday,31.11404872
12-07-2019,32.40999985,32.70000076,31.5,31.71999931,4959300,31.62000084,0.024984155,31.72199974,1.200000763,153017.5879,0.690000534,30.67700005,Friday,31.3496762
15-07-2019,32.38000107,32.70999908,32.18000031,32.52999878,15071500,32.40999985,-0.000925603,31.93800011,0.529998779,465457.0569,-0.149997711,30.84500008,Monday,31.53700799
16-07-2019,32.56999969,32.86999893,32.24000168,32.43999863,4304100,32.38000107,0.005867777,32.12600021,0.629997253,132149.2183,0.130001068,30.99750004,Tuesday,31.72482466
17-07-2019,31.79999924,32.52999878,31.78000069,32.52000046,1861500,32.56999969,-0.023641402,32.15600014,0.749998093,58537.73725,-0.720001221,31.10500002,Wednesday,31.73849277
18-07-2019,31.31999969,31.79999924,31.18000031,31.79999924,2349700,31.79999924,-0.015094326,32.09599991,0.619998932,75022.35067,-0.479999542,31.146,Thursday,31.66240312
19-07-2019,31.45999908,31.64999962,31.26000023,31.37999916,1993700,31.31999969,0.004469968,31.90599976,0.38999939,63372.5384,0.079999924,31.17249994,Friday,31.62560239
22-07-2019,30.97999954,31.62000084,30.93000031,31.45999908,2364500,31.45999908,-0.015257456,31.62599945,0.690000534,76323.4356,-0.479999542,31.18699989,Monday,31.50822005
23-07-2019,30.88999939,31.12999916,30.32999992,31.03000069,3757100,30.97999954,-0.002905105,31.28999939,0.799999237,121628.3611,-0.140001297,31.18099985,Tuesday,31.39581629
24-07-2019,31.48999977,31.55999947,30.43000031,30.70999908,3706900,30.88999939,0.019423774,31.2279995,1.129999161,117716.7363,0.780000687,31.25899982,Wednesday,31.41294056
25-07-2019,31.45999908,31.57999992,31.12999916,31.28000069,2631300,31.48999977,-0.000952705,31.25599937,0.450000763,83639.54471,0.179998398,31.35599976,Thursday,31.42149666
26-07-2019,31.46999931,31.69000053,31.20000076,31.54000092,2806700,31.45999908,0.000317871,31.25799942,0.489999771,89186.5288,-0.070001602,31.44249973,Friday,31.43031532
29-07-2019,31.07999992,31.54999924,30.93000031,31.5,2508500,31.46999931,-0.012392736,31.2779995,0.619998932,80711.06841,-0.420000076,31.46149969,Monday,31.36662161
30-07-2019,31.02000046,31.11000061,30.62999916,30.87000084,4336800,31.07999992,-0.001930485,31.30399971,0.48000145,139806.5743,0.149999619,31.4784997,Tuesday,31.30359958
31-07-2019,30.30999947,31.04999924,30.03000069,30.94000053,4103100,31.02000046,-0.022888491,31.06799965,1.01999855,135371.167,-0.630001068,31.44999971,Wednesday,31.12294502
01-08-2019,29.94000053,30.62000084,29.72999954,30.28000069,3718700,30.30999947,-0.012207157,30.76399994,0.890001297,124205.0746,-0.340000153,31.40199976,Thursday,30.9078642
02-08-2019,29.43000031,29.94000053,28.72999954,29.79000092,5964800,29.94000053,-0.017034075,30.35600014,1.210000992,202677.5378,-0.36000061,31.31049976,Friday,30.63916168
05-08-2019,29.18000031,29.40999985,28.64999962,28.82999992,7176500,29.43000031,-0.008494733,29.97600021,0.760000229,245938.9967,0.350000381,31.20449982,Monday,30.37385961
06-08-2019,29.54000092,30.22999954,29.20000076,29.96999931,5895300,29.18000031,0.012337238,29.68000031,1.029998779,199570.0683,-0.429998398,31.0999999,Tuesday,30.22224894
07-08-2019,29.86000061,29.95000076,28.88999939,29.34000015,5531900,29.54000092,0.010832758,29.59000053,1.060001373,185261.2152,0.520000458,31.01049995,Wednesday,30.1563856
08-08-2019,29.67000008,30.29000092,29.47999954,29.98999977,3685100,29.86000061,-0.006363045,29.53600044,0.810001373,124202.8982,-0.319999695,30.91299992,Thursday,30.06795187
09-08-2019,29.45999908,29.61000061,29.03000069,29.48999977,3134900,29.67000008,-0.00707789,29.5420002,0.579999924,106412.0875,-0.030000687,30.76549988,Friday,29.957415
12-08-2019,29.25,29.62000084,29.20000076,29.22999954,3522300,29.45999908,-0.007128279,29.55600014,0.420000076,120420.5128,0.020000458,30.60899982,Monday,29.82879409
13-08-2019,29.60000038,30.22999954,29.12000084,29.12000084,4308300,29.25,0.011965825,29.56800003,1.109998703,145550.6738,0.479999542,30.46049986,Tuesday,29.78719524
14-08-2019,27.48999977,29.20000076,27.36000061,29.17000008,7318600,29.60000038,-0.071283803,29.09399986,1.840000153,266227.7214,-1.680000305,30.24499989,Wednesday,29.36952333
15-08-2019,27.17000008,27.70000076,26.70000076,27.56999969,7293100,27.48999977,-0.011640586,28.59399986,1,268424.7324,-0.399999619,30.0374999,Thursday,28.96961001
16-08-2019,27.95000076,28.12000084,27.28000069,27.38999939,3017800,27.17000008,0.028708159,28.2920002,0.840000153,107971.3745,0.560001373,29.86199999,Friday,28.78422651
19-08-2019,28.42000008,28.77000046,28.26000023,28.26000023,2958500,27.95000076,0.016815717,28.12600021,0.510000229,104099.2256,0.159999847,29.73400002,Monday,28.71800353
20-08-2019,28.20999908,28.62000084,28.18000031,28.48999977,2205200,28.42000008,-0.007389197,27.84799995,0.440000534,78170.86393,-0.280000687,29.6,Tuesday,28.62563908
21-08-2019,28.28000069,28.44000053,27.65999985,27.94000053,2688400,28.20999908,0.002481446,28.00600014,0.780000687,95063.64691,0.340000153,29.43950005,Wednesday,28.56279574
22-08-2019,28.03000069,28.60000038,28.03000069,28.32999992,2636500,28.28000069,-0.00884017,28.17800026,0.569999695,94059.93348,-0.299999237,29.26800013,Thursday,28.46592391
23-08-2019,27.01000023,28.07999992,26.87999916,27.88999939,3137500,28.03000069,-0.036389598,27.99000015,1.200000763,116160.6802,-0.879999161,29.04500017,Friday,28.20121051
26-08-2019,27.20000076,27.47999954,27.04999924,27.12999916,3269400,27.01000023,0.007034451,27.74600029,0.430000305,120198.526,0.070001602,28.85100021,Monday,28.01917238
27-08-2019,26.46999931,27.48999977,26.44000053,27.48999977,3259700,27.20000076,-0.026838288,27.39800034,1.049999237,123146.962,-1.020000458,28.62350016,Tuesday,27.73750455
28-08-2019,26.94000053,27.03000069,26.20999908,26.32999992,4328000,26.46999931,0.017755997,27.13000031,0.820001602,160653.3005,0.61000061,28.45500021,Wednesday,27.59250382
29-08-2019,27.72999954,28.12000084,27.19000053,27.19000053,3727300,26.94000053,0.029324387,27.07000008,0.930000305,134413.9943,0.539999008,28.34450016,Thursday,27.61750304
30-08-2019,27.60000038,28.12000084,27.39999962,27.84000015,3163900,27.72999954,-0.004688033,27.18800011,0.720001221,114634.0564,-0.239999771,28.25300016,Friday,27.61432074
03-09-2019,26.88999939,27.51000023,26.72999954,27.31999969,5009000,27.60000038,-0.025724673,27.12599983,0.780000687,186277.4308,-0.430000305,28.13850012,Tuesday,27.48262595
04-09-2019,27.04000092,27.36000061,26.56999969,27.07999992,4598100,26.88999939,0.005578339,27.24000015,0.790000916,170048.0712,-0.039999008,28.01350012,Wednesday,27.40214867
05-09-2019,27.39999962,27.52000046,27.13999939,27.32999992,2984600,27.04000092,0.013313561,27.33199997,0.380001068,108927.0088,0.069999695,27.89050007,Thursday,27.40175793
06-09-2019,27.34000015,27.93000031,27.31999969,27.51000023,2166500,27.39999962,-0.002189762,27.25400009,0.61000061,79242.86715,-0.170000076,27.77400007,Friday,27.39052925
09-09-2019,27.29999924,27.64999962,27.20999908,27.31999969,3901400,27.34000015,-0.001463091,27.19399986,0.440000534,142908.4289,-0.020000458,27.66600008,Monday,27.37406924
10-09-2019,28.43000031,28.45999908,27.34000015,27.34000015,4404400,27.29999924,0.041391982,27.50200005,1.119998932,154920.8566,1.090000153,27.6250001,Tuesday,27.56605671
11-09-2019,28.54999924,28.57999992,27.73999977,28.37000084,3260800,28.43000031,0.004220856,27.80399971,0.840000153,114213.6633,0.179998398,27.57250004,Wednesday,27.74495535
12-09-2019,28.11000061,28.54000092,27.60000038,28.48999977,3530900,28.54999924,-0.015411511,27.94599991,0.940000534,125610.1004,-0.379999161,27.60350008,Thursday,27.81132722
13-09-2019,27.88999939,28.62999916,27.82999992,28.20000076,2909700,28.11000061,-0.00782644,28.05599976,0.799999237,104327.7183,-0.310001373,27.63950005,Friday,27.82563125
16-09-2019,27.96999931,27.96999931,27.55999947,27.87999916,1925600,27.88999939,0.002868409,28.18999977,0.409999847,68845.19297,0.090000153,27.64049997,Monday,27.85187999
17-09-2019,27.20000076,27.82999992,26.79999924,27.79999924,6628300,27.96999931,-0.027529445,27.94399986,1.030000687,243687.4932,-0.599998474,27.57950001,Tuesday,27.73335649
18-09-2019,27.20999908,27.25,26.48999977,27.04999924,5576600,27.20000076,0.000367585,27.67599983,0.760000229,204946.7177,0.159999847,27.52950001,Wednesday,27.6382006
19-09-2019,26.67000008,27.45999908,26.59000015,27.22999954,3122600,27.20999908,-0.019845609,27.38799973,0.869998932,117082.8643,-0.559999466,27.44899998,Thursday,27.46216414
20-09-2019,26.22999954,26.82999992,26.21999931,26.82999992,4448800,26.67000008,-0.016497958,27.05599976,0.61000061,169607.3228,-0.600000381,27.35899992,Friday,27.23813421
23-09-2019,26.57999992,26.62000084,25.89999962,26.19000053,2991600,26.22999954,0.013343515,26.77799988,0.720001221,112550.7904,0.38999939,27.3374999,Monday,27.11847343
24-09-2019,26.42000008,27.12000084,26.12000084,27.12000084,4319200,26.57999992,-0.006019558,26.62199974,1,163482.21,-0.700000763,27.29849987,Tuesday,26.99147828
25-09-2019,26.69000053,26.92000008,26.21999931,26.36000061,4245900,26.42000008,0.010219548,26.51800003,0.700000763,159082.05,0.329999924,27.30949993,Wednesday,26.93666414
26-09-2019,26.45999908,26.76000023,26.07999992,26.76000023,4333900,26.69000053,-0.008617514,26.47599983,0.680000305,163790.633,-0.300001144,27.28549986,Thursday,26.84999777
27-09-2019,26.79999924,26.89999962,26.34000015,26.52000046,4577300,26.45999908,0.01284959,26.58999977,0.559999466,170794.781,0.279998779,27.23899984,Friday,26.84090713
30-09-2019,26.62999916,27.10000038,26.59000015,26.86000061,2746000,26.79999924,-0.006343287,26.59999962,0.510000229,103116.7888,-0.23000145,27.19049978,Monday,26.80256022
01-10-2019,26.77000046,27.04000092,26.57999992,26.62000084,2819000,26.62999916,0.005257278,26.66999969,0.460000992,105304.4435,0.149999619,27.18449984,Tuesday,26.79664027
02-10-2019,26.43000031,26.63999939,25.95000076,26.60000038,3328000,26.77000046,-0.01270079,26.61799965,0.689998627,125917.5165,-0.170000076,27.15399981,Wednesday,26.72997846
03-10-2019,27.02000046,27.04000092,26.04000092,26.37999916,4646400,26.43000031,0.022323123,26.72999992,1,171961.5071,0.640001297,27.13499985,Thursday,26.78270973
04-10-2019,27.01000023,27.23999977,26.82999992,27.04999924,3453700,27.02000046,-0.000370105,26.77200012,0.409999847,127867.4554,-0.039999008,27.11849985,Friday,26.82403527
07-10-2019,27.37999916,27.62999916,26.87000084,27.01000023,2888100,27.01000023,0.01369859,26.92200012,0.759998322,105482.107,0.369998932,27.12249985,Monday,26.92511962
08-10-2019,26.82999992,27.22999954,26.80999947,27.12999916,3623400,27.37999916,-0.020087628,26.93400002,0.420000076,135050.3172,-0.299999237,27.04249983,Tuesday,26.90782513
09-10-2019,27.01000023,27.27000046,26.84000015,26.95000076,2733800,26.82999992,0.006708919,27.05,0.430000305,101214.3642,0.059999466,26.96549988,Wednesday,26.92640242
10-10-2019,27.35000038,27.46999931,26.95999908,27.01000023,2341400,27.01000023,0.012587936,27.11599998,0.510000229,85608.77394,0.340000153,26.92749987,Thursday,27.00342023
11-10-2019,27.96999931,28.20999908,27.55999947,27.64999962,2666500,27.35000038,0.022669065,27.3079998,0.649999619,95334.28908,0.319999695,26.93149986,Friday,27.17916188
14-10-2019,27.75,27.93000031,27.53000069,27.85000038,2112200,27.96999931,-0.007865546,27.38199997,0.399999619,76115.31532,-0.100000381,26.9204999,Monday,27.28295063
15-10-2019,27.86000061,28.05999947,27.38999939,27.82999992,2537400,27.75,0.003963986,27.58800011,0.670000076,91076.81064,0.030000687,26.95349989,Tuesday,27.38786881
16-10-2019,27.79999924,28.17000008,27.45000076,27.78000069,3001500,27.86000061,-0.002153675,27.74599991,0.719999313,107967.6289,0.01999855,26.9829999,Wednesday,27.46280161
17-10-2019,27.88999939,28.01000023,27.21999931,28.01000023,2592500,27.79999924,0.003237416,27.85399971,0.790000916,92954.466,-0.120000839,27.04399986,Thursday,27.54047394
18-10-2019,27.70999908,28.43000031,27.68000031,28.12999916,3224300,27.88999939,-0.006453937,27.80199966,0.75,116358.7191,-0.420000076,27.11799984,Friday,27.57129669
21-10-2019,27.69000053,28.09000015,27.61000061,27.84000015,2135200,27.70999908,-0.000721709,27.78999977,0.479999542,77110.86886,-0.149999619,27.17349987,Monday,27.59287921
22-10-2019,28.17000008,28.25,27.64999962,28.23999977,4608800,27.69000053,0.017334761,27.85199966,0.600000381,163606.6733,-0.069999695,27.26099987,Tuesday,27.69781027
23-10-2019,28.15999985,28.31999969,27.87000084,28.03000069,2607500,28.17000008,-0.000354996,27.92399979,0.449998856,92595.88118,0.129999161,27.33449984,Wednesday,27.78184474
24-10-2019,27.54000092,28.25,26.93000031,28.25,4256500,28.15999985,-0.022017008,27.85400009,1.319999695,154557.0029,-0.709999084,27.38849993,Thursday,27.73787314
25-10-2019,27.56999969,28.04000092,27.44000053,27.60000038,2948600,27.54000092,0.00108928,27.82600021,0.600000381,106949.5841,-0.030000687,27.42699995,Friday,27.70735069
28-10-2019,27.79000092,28.28000069,27.60000038,27.65999985,3583800,27.56999969,0.007979732,27.84600029,0.680000305,128960.0533,0.130001068,27.48500004,Monday,27.72237801
29-10-2019,27.42000008,27.79999924,27.35000038,27.79999924,2440800,27.79000092,-0.013314172,27.69600029,0.449998856,89015.31704,-0.379999161,27.51750002,Tuesday,27.6674002
30-10-2019,26.90999985,27.42000008,26.63999939,27.29999924,3987800,27.42000008,-0.018599571,27.44600029,0.780000687,148190.2647,-0.38999939,27.5415,Wednesday,27.52969105
31-10-2019,26.95999908,26.95999908,26.54000092,26.89999962,3646200,26.90999985,0.001858017,27.32999992,0.419998169,135244.8117,0.059999466,27.53849993,Thursday,27.42611069
01-11-2019,27.26000023,27.45999908,26.94000053,27.04999924,3402200,26.95999908,0.011127639,27.26800003,0.51999855,124805.5749,0.210000992,27.55099993,Friday,27.39590879
04-11-2019,27.80999947,27.85000038,27.14999962,27.51000023,3279200,27.26000023,0.020176054,27.27199974,0.700000763,117914.4215,0.299999237,27.57249994,Monday,27.471198
05-11-2019,27.95000076,28.35000038,27.77000046,27.95999908,4070300,27.80999947,0.005034207,27.37799988,0.579999924,145627.903,-0.009998322,27.62849998,Tuesday,27.55825305
06-11-2019,27.69000053,28.13999939,27.61000061,28.04999924,5049800,27.95000076,-0.009302334,27.53400002,0.529998779,182369.0828,-0.359998703,27.6625,Wednesday,27.58220714
07-11-2019,31.03000069,31.09000015,28.32999992,28.71999931,9685600,27.69000053,0.120621166,28.34800034,2.760000229,312136.6351,2.310001373,27.84650002,Thursday,28.20907869
08-11-2019,30.90999985,31.29999924,30.42000008,30.97999954,8144400,31.03000069,-0.003867252,29.07800026,0.879999161,263487.5458,-0.069999695,27.99350004,Friday,28.70015527
11-11-2019,30.95999908,31.02000046,30.61000061,30.85000038,4580300,30.90999985,0.001617575,29.70800018,0.409999847,147942.5108,0.109998703,28.154,Monday,29.11103596
12-11-2019,30.73999977,31.37999916,30.54000092,30.82999992,2686600,30.95999908,-0.007105921,30.26599998,0.839998245,87397.5283,-0.090000153,28.29799995,Tuesday,29.4072112
13-11-2019,29.87999916,30.76000023,29.68000031,30.54000092,5916700,30.73999977,-0.027976598,30.70399971,1.079999924,198015.4005,-0.660001755,28.40199995,Wednesday,29.49317265
14-11-2019,29.89999962,30.26000023,29.64999962,29.73999977,4132100,29.87999916,0.000669359,30.4779995,0.61000061,138197.3262,0.159999847,28.50249996,Thursday,29.56714119
15-11-2019,29.71999931,30.23999977,29.61000061,30,4881200,29.89999962,-0.006020077,30.23999939,0.629999161,164239.5731,-0.280000687,28.60299997,Friday,29.59493357
18-11-2019,30.76000023,30.89999962,29.96999931,30.28000069,7963700,29.71999931,0.034993302,30.19999962,0.930000305,258897.9174,0.479999542,28.75649996,Monday,29.80676387
19-11-2019,31.56999969,31.63999939,30.73999977,30.89999962,4688900,30.76000023,0.026332882,30.3659996,0.899999619,148523.9165,0.670000076,28.92649994,Tuesday,30.12735221
20-11-2019,32.02000046,32.43999863,31.38999939,31.60000038,6203600,31.56999969,0.014254063,30.79399986,1.049999237,193741.4088,0.420000076,29.11949997,Wednesday,30.47147007
21-11-2019,32.13999939,32.58000183,31.53000069,32.06999969,6268300,32.02000046,0.003747624,31.24199982,1.050001144,195031.1176,0.069999695,29.34949989,Thursday,30.77483904
22-11-2019,32.52999878,32.61000061,32,32.16999817,4801200,32.13999939,0.012134393,31.80399971,0.61000061,147592.9966,0.36000061,29.59749985,Friday,31.09395899
25-11-2019,32.33000183,32.66999817,32.15999985,32.59999847,3510600,32.52999878,-0.006148077,32.11800003,0.509998322,108586.4461,-0.269996643,29.82449989,Monday,31.31869405
26-11-2019,33.36000061,33.56999969,32.04000092,32.20999908,8385000,32.33000183,0.031858915,32.47600021,1.529998779,251348.9163,1.150001526,30.12149992,Tuesday,31.6898407
27-11-2019,33.11999893,33.65999985,32.90000153,33.47000122,3674600,33.36000061,-0.007194295,32.69599991,0.759998322,110948.0712,-0.350002289,30.43199987,Wednesday,31.94986947
29-11-2019,32.93999863,33.22999954,32.83000183,33.15000153,1059200,33.11999893,-0.005434792,32.85599976,0.399997711,32155.43546,-0.210002899,30.73099985,Friday,32.12989295
02-12-2019,32.74000168,33.40000153,32.70000076,32.88000107,6239000,32.93999863,-0.006071553,32.89800034,0.700000763,190561.9939,-0.13999939,31.00499992,Monday,32.24082181
03-12-2019,32.13000107,32.56999969,31.85000038,32.34000015,4364300,32.74000168,-0.018631661,32.85800018,0.719999313,135832.5507,-0.209999084,31.221,Tuesday,32.22067259
04-12-2019,32.20000076,32.58000183,32.09999847,32.27000046,2805200,32.13000107,0.00217864,32.62600021,0.480003357,87118.01036,-0.069999695,31.4335,Wednesday,32.21691407
05-12-2019,32.08000183,32.47999954,32,32.47999954,3114000,32.20000076,-0.003726675,32.41800079,0.479999542,97069.8199,-0.399997711,31.65300007,Thursday,32.19202094
06-12-2019,32.04000092,32.40000153,31.98999977,32.29000092,2181700,32.08000183,-0.001246911,32.23800125,0.410001755,68093.00679,-0.25,31.70350008,Friday,32.16438093
09-12-2019,32.02000046,32.29000092,31.87000084,31.97999954,1745400,32.04000092,-0.000624234,32.09400101,0.420000076,54509.68067,0.040000916,31.75900011,Monday,32.13812994
10-12-2019,32.24000168,32.63000107,31.85000038,32.08000183,3972800,32.02000046,0.006870744,32.11600113,0.780000687,123225.8,0.159999847,31.82300024,Tuesday,32.15665207
11-12-2019,32.09000015,32.52999878,32.04000092,32.20000076,2524000,32.24000168,-0.004652653,32.09400101,0.489997864,78653.78585,-0.11000061,31.89050026,Wednesday,32.14453354
12-12-2019,32.36000061,32.5,31.97999954,32.09000015,2068100,32.09000015,0.00841385,32.15000076,0.520000458,63909.14589,0.270000458,32.01450033,Thursday,32.18370937
13-12-2019,32.34000015,32.66999817,32.13000107,32.52000046,2694000,32.36000061,-0.000618061,32.21000061,0.539997101,83302.41148,-0.180000305,32.13650036,Friday,32.21212588
16-12-2019,32.34999847,32.58000183,32.04000092,32.36999893,2288000,32.34000015,0.000309163,32.27600021,0.540000916,70726.43301,-0.020000458,32.26800032,Monday,32.23719362
17-12-2019,32.36999893,32.49000168,32.04999924,32.18999863,2443400,32.34999847,0.000618252,32.30199966,0.440002441,75483.47484,0.180000305,32.34850025,Tuesday,32.26134004
18-12-2019,32.34999847,32.86000061,32.31999969,32.33000183,2635300,32.36999893,-0.00061787,32.35399933,0.540000916,81462.13676,0.019996643,32.38750019,Wednesday,32.27745976
19-12-2019,32.75999832,32.90999985,32.43999863,32.45999908,2561600,32.34999847,0.012673875,32.43399887,0.470001221,78192.9222,0.299999237,32.42450008,Thursday,32.36519404
20-12-2019,32.95000076,33.11000061,32.38999939,32.93000031,3227200,32.75999832,0.005799831,32.55599899,0.720001221,97942.33461,0.020000458,32.46500015,Friday,32.47152254
23-12-2019,32.90000153,33.18000031,32.77999878,32.88999939,3411100,32.95000076,-0.001517427,32.6659996,0.400001526,103680.8463,0.010002136,32.48350029,Monday,32.54942781
24-12-2019,33.02999878,33.25,32.88000107,33,796300,32.90000153,0.003951284,32.79799957,0.369998932,24108.38721,0.029998779,32.51850014,Tuesday,32.63680435
26-12-2019,33.27999878,33.31999969,32.93000031,33.11999893,1538400,33.02999878,0.007568877,32.98399963,0.38999939,46225.96323,0.159999847,32.51450005,Thursday,32.75374879
27-12-2019,33.13000107,33.47999954,32.99000168,33.36000061,1579300,33.27999878,-0.004507143,33.05800018,0.489997864,47669.78416,-0.229999542,32.51500015,Friday,32.82215829
30-12-2019,32.75999832,33.34999847,32.70000076,33.16999817,1440000,33.13000107,-0.011168208,33.01999969,0.649997711,43956.04621,-0.409999847,32.50600014,Monday,32.81085648
31-12-2019,32.74000168,32.81000137,32.45000076,32.74000168,4029800,32.75999832,-0.000610398,32.98799973,0.36000061,123084.9051,0,32.50600014,Tuesday,32.79797379
02-01-2020,32.22000122,32.84000015,32.00999832,32.81999969,3249300,32.74000168,-0.015882725,32.82600021,0.830001831,100847.296,-0.599998474,32.51050014,Thursday,32.69288787
03-01-2020,32.02999878,32.22999954,31.77000046,31.84000015,3599600,32.22000122,-0.005897034,32.57600021,0.459999084,112382.146,0.189998627,32.50200005,Friday,32.57236258
06-01-2020,31.95999908,32.08000183,31.56999969,31.82999992,2416900,32.02999878,-0.002185442,32.34199982,0.510002136,75622.65548,0.129999161,32.49599991,Monday,32.46102376
07-01-2020,32.06999969,32.54000092,31.76000023,31.82999992,3102000,31.95999908,0.003441821,32.20400009,0.780000687,96725.91299,0.239999771,32.49749985,Tuesday,32.38992848
08-01-2020,32.11000061,32.38999939,31.95999908,32.00999832,3674100,32.06999969,0.0012473,32.07799988,0.430000305,114422.2962,0.100002289,32.50199986,Wednesday,32.3390325
09-01-2020,32.25,32.56999969,32.02000046,32.20000076,6465100,32.11000061,0.004359993,32.08399963,0.549999237,200468.2171,0.049999237,32.50249977,Thursday,32.32284477
10-01-2020,31.85000038,32.29000092,31.73999977,32.29000092,4092000,32.25,-0.012403089,32.04799995,0.550001144,128477.2355,-0.440000534,32.49049978,Friday,32.23687307
13-01-2020,31.79000092,31.94000053,31.45999908,31.75,3618500,31.85000038,-0.001883814,32.01400032,0.48000145,113825.099,0.040000916,32.4619998,Monday,32.15562358
14-01-2020,31.89999962,31.98999977,31.64999962,31.78000069,3799500,31.79000092,0.003460167,31.98000031,0.340000153,119106.5845,0.119998932,32.43999977,Tuesday,32.1091465
15-01-2020,32.24000168,32.24000168,31.67000008,31.72999954,3134500,31.89999962,0.010658372,32.00600052,0.570001602,97223.94035,0.510002136,32.43449993,Wednesday,32.13293835
16-01-2020,32.77000046,32.86999893,32.25,32.31999969,4272700,32.24000168,0.016439167,32.11000061,0.619998932,130384.4962,0.450000763,32.45450001,Thursday,32.24876782
17-01-2020,32.43000031,32.88999939,32.36000061,32.79000092,3296400,32.77000046,-0.010375348,32.2260006,0.529998779,101646.6225,-0.36000061,32.4585001,Friday,32.28171918
21-01-2020,31.96999931,32.38999939,31.85000038,32.31999969,3268200,32.43000031,-0.014184428,32.26200027,0.539999008,102227.0901,-0.350000381,32.41900015,Tuesday,32.22504284
22-01-2020,32.02999878,32.45999908,31.93000031,32.16999817,2400300,31.96999931,0.001876743,32.28800011,0.529998779,74939.12243,-0.13999939,32.37300005,Wednesday,32.18958029
23-01-2020,30.45000076,32.02999878,30.39999962,31.93000031,7597700,32.02999878,-0.049328694,31.92999992,1.629999161,249513.9511,-1.479999542,32.25050001,Thursday,31.8732931
24-01-2020,30.31999969,30.42000008,29.89999962,30.42000008,6040900,30.45000076,-0.004269329,31.43999977,0.520000458,199238.1287,-0.100000381,32.11500006,Friday,31.59087612
27-01-2020,30.20000076,30.39999962,29.88999939,30,3653300,30.31999969,-0.003957748,30.99399986,0.510000229,120970.1956,0.200000763,31.96100016,Monday,31.33798969
28-01-2020,30.52000046,30.76000023,30.23999977,30.35000038,3693000,30.20000076,0.010596016,30.70400009,0.520000458,121002.6194,0.170000076,31.83050013,Tuesday,31.18926437
29-01-2020,29.70000076,30.55999947,29.59000015,30.42000008,5557600,30.52000046,-0.026867617,30.23800049,0.969999313,187124.5743,-0.719999313,31.67750025,Wednesday,30.91848917
30-01-2020,29.92000008,29.95999908,29.5,29.54999924,3519300,29.70000076,0.007407384,30.13200035,0.459999084,117623.6628,0.370000839,31.53650017,Thursday,30.7369457
31-01-2020,29.26000023,30.07999992,29.06999969,29.80999947,3863200,29.92000008,-0.022058818,29.92000046,1.010000229,132030.0742,-0.549999237,31.38850012,Friday,30.46841016
03-02-2020,29.14999962,29.94000053,29.11000061,29.40999985,3865000,29.26000023,-0.003759419,29.71000023,0.829999924,132590.0532,-0.260000229,31.24450016,Monday,30.22869915
04-02-2020,29.73999977,29.79999924,29.35000038,29.44000053,4309700,29.14999962,0.020240143,29.55400009,0.449998856,144912.5768,0.299999237,31.13350019,Tuesday,30.13984472
05-02-2020,30.62999916,30.84000015,30.06999969,30.11000061,3434600,29.73999977,0.029926005,29.73999977,0.770000458,112131.8999,0.51999855,31.06150017,Wednesday,30.22896371
06-02-2020,30.04999924,30.87999916,29.90999985,30.80999947,3190800,30.62999916,-0.018935682,29.7659996,0.969999313,106183.031,-0.760000229,30.9585001,Thursday,30.19642471
07-02-2020,29.79000092,30.06999969,29.60000038,29.89999962,2607700,30.04999924,-0.008652191,29.87199974,0.469999313,87536.08324,-0.109998703,30.83550014,Friday,30.12252948
10-02-2020,29.82999992,29.86000061,29.40999985,29.65999985,4993900,29.79000092,0.001342699,30.0079998,0.450000763,167412.0018,0.170000076,30.73450012,Monday,30.06934229
11-02-2020,30.20999908,30.43000031,29.71999931,30,4671200,29.82999992,0.012738825,30.10199966,0.710000992,154624.3013,0.209999084,30.65550003,Tuesday,30.09491625
12-02-2020,30.35000038,30.60000038,29.85000038,30.57999992,3582700,30.20999908,0.00463427,30.04599991,0.75,118046.127,-0.229999542,30.57800007,Wednesday,30.14129518
13-02-2020,30.32999992,30.51000023,30.02000046,30.23999977,2513800,30.35000038,-0.000658994,30.10200005,0.489999771,82881.63555,0.090000153,30.48249998,Thursday,30.17560514
14-02-2020,30.20999908,30.47999954,30.01000023,30.42000008,3877300,30.32999992,-0.003956506,30.18599968,0.469999313,128344.9228,-0.210000992,30.35449991,Friday,30.18185858
18-02-2020,30.29999924,30.57999992,30.12999916,30.14999962,2385200,30.20999908,0.002979151,30.27999954,0.450000763,78719.47393,0.149999619,30.24799986,Tuesday,30.2033387
19-02-2020,30.47999954,30.77000046,30.11000061,30.29999924,3124400,30.29999924,0.005940604,30.33399963,0.659999847,102506.5632,0.180000305,30.17349987,Wednesday,30.25364067
20-02-2020,29.97999954,30.09000015,29.37999916,29.81999969,5705100,30.47999954,-0.0164042,30.25999947,0.710000992,190296.8675,0.159999847,30.07099991,Thursday,30.20388774
21-02-2020,29.20999908,29.88999939,29.12000084,29.80999947,4574600,29.97999954,-0.025683805,30.0359993,0.76999855,156610.7547,-0.600000381,30.00899982,Friday,30.02318071
24-02-2020,28.30999947,28.65999985,27.95999908,28.51000023,7157200,29.20999908,-0.030811354,29.65599937,0.700000763,252815.2644,-0.200000763,29.90849981,Monday,29.71169321
25-02-2020,27.42000008,28.5,27.04000092,28.34000015,8349800,28.30999947,-0.031437634,29.07999954,1.459999084,304514.9517,-0.920000076,29.76949978,Tuesday,29.29502173
26-02-2020,26.46999931,28.32999992,26.39999962,27.62999916,6230400,27.42000008,-0.034646271,28.2779995,1.930000305,235375.9033,-1.159999847,29.56699972,Wednesday,28.78138129
27-02-2020,24.67000008,25.38999939,23.88999939,25.38999939,17025100,26.46999931,-0.068001484,27.2159996,1.5,690113.496,-0.719999313,29.31549969,Thursday,28.03385744
28-02-2020,25.70000076,25.89999962,24,24.13999939,12545600,24.67000008,0.041751142,26.51399994,1.899999619,488155.6275,1.560001373,29.10449972,Friday,27.60951986
02-03-2020,26.39999962,26.43000031,24.94000053,25.88999939,8373200,25.70000076,0.027237309,26.13199997,1.489999771,317166.6712,0.510000229,28.96149969,Monday,27.38960709
03-03-2020,26.23999977,26.93000031,25.62000084,26.17000008,9827100,26.39999962,-0.0060606,25.89599991,1.309999466,374508.3874,0.069999695,28.8159997,Tuesday,27.18058758
04-03-2020,26.51000023,26.52000046,25.76000023,26.47999954,6581000,26.23999977,0.010289652,25.90400009,0.760000229,248245.9428,0.030000687,28.65449972,Wednesday,27.0586626
05-03-2020,25.22999954,25.96999931,24.97999954,25.73999977,6480700,26.51000023,-0.048283692,26.01599998,0.989999771,256864.8481,-0.510000229,28.38449974,Thursday,26.72617841
06-03-2020,25.44000053,25.55999947,24.25,24.34000015,6481800,25.22999954,0.008323464,25.96399994,1.309999466,254787.7305,1.100000381,28.15399981,Friday,26.49232789
09-03-2020,23.64999962,24.78000069,23.60000038,23.94000053,8612200,25.44000053,-0.07036167,25.41399994,1.180000305,364152.2257,-0.290000916,27.84699974,Monday,25.97554093
10-03-2020,25.07999992,25.09000015,23.53000069,24.47999954,6338600,23.64999962,0.06046513,25.18199997,1.559999466,252735.248,0.600000381,27.60949974,Tuesday,25.81271529
11-03-2020,24.05999947,24.79000092,23.80999947,24.40999985,7673800,25.07999992,-0.040669875,24.69199982,0.98000145,318944.313,-0.350000381,27.30199976,Wednesday,25.49403969
12-03-2020,22.28000069,22.77000046,20.87999916,22.61000061,6020300,24.05999947,-0.073981663,24.10200005,1.890001297,270210.9432,-0.329999924,26.89849977,Thursday,24.90966896
13-03-2020,22.88999939,24.04000092,20.87999916,23.36000061,6133500,22.28000069,0.027378756,23.59199982,3.160001755,267955.4462,-0.470001221,26.52649975,Friday,24.54245631
16-03-2020,20.62999916,21.23999977,19.29000092,19.87000084,6406400,22.88999939,-0.098733084,22.98799973,1.949998856,310538.064,0.759998322,26.04749975,Monday,23.83110047
17-03-2020,21.51000023,21.60000038,19.75,21.15999985,6561000,20.62999916,0.042656379,22.27399979,1.850000381,305020.9173,0.350000381,25.6079998,Tuesday,23.40908224
18-03-2020,19.87999916,20.80999947,17.70000076,20.11000061,7042400,21.51000023,-0.075778756,21.43799973,3.109998703,354245.4878,-0.23000145,25.07799978,Wednesday,22.76743077
19-03-2020,21.21999931,21.77000046,19.23999977,19.5,6371600,19.87999916,0.067404437,21.22599945,2.530000687,300263.9117,1.719999313,24.63999977,Thursday,22.4860796
20-03-2020,18.76000023,21.96999931,18.56999969,21.39999962,6594900,21.21999931,-0.11592833,20.39999962,3.399999619,351540.5074,-2.63999939,24.11749983,Friday,21.80861062
23-03-2020,18.48999977,19.22999954,17.12000084,19.22999954,6725700,18.76000023,-0.014392348,19.97199974,2.109998703,363747.9764,-0.739999771,23.62649984,Monday,21.20522683
24-03-2020,20.03000069,21.10000038,18.85000038,19.45000076,7552300,18.48999977,0.083288314,19.67599983,2.25,377049.4129,0.579999924,23.25699987,Tuesday,20.99154935
25-03-2020,21.05999947,22.20000076,18.79999924,20.25,8722100,20.03000069,0.051422803,19.91199989,3.400001526,414154.8063,0.809999466,22.98649988,Wednesday,21.00399483
26-03-2020,20.93000031,22.07999992,20.06999969,21.59000015,6920700,21.05999947,-0.0061728,19.85400009,2.010000229,330659.3358,-0.659999847,22.79949989,Thursday,20.99054128
27-03-2020,19.03000069,20.48999977,18.93000031,19.97999954,4376900,20.93000031,-0.090778767,19.90800018,1.559999466,229999.9917,-0.949998856,22.46599989,Friday,20.63407935
30-03-2020,20.01000023,20.17000008,18.10000038,18.79000092,4938100,19.03000069,0.051497609,20.21200027,2.069999695,246781.6064,1.219999313,22.14649992,Monday,20.52061042
31-03-2020,19.44000053,20.45999908,19.37000084,20.12000084,4748900,20.01000023,-0.028485742,20.09400024,1.089998245,244284.9727,-0.680000305,21.80649996,Tuesday,20.32413589
01-04-2020,19.45000076,20.01000023,18.54999924,18.76000023,7346300,19.44000053,0.000514415,19.7720005,1.460000992,377701.7847,0.690000534,21.45349998,Wednesday,20.16520223
02-04-2020,18.68000031,20.04999924,18.45999908,19.18000031,5788700,19.45000076,-0.039588711,19.3220005,1.590000153,309887.5752,-0.5,21.12600002,Thursday,19.89516552
03-04-2020,18.36000061,18.92000008,17.69000053,18.54999924,4396200,18.68000031,-0.017130604,19.18800049,1.229999542,239444.4365,-0.189998627,20.77200003,Friday,19.61604463
06-04-2020,19.64999962,20.12999916,19,19.18000031,4996400,18.36000061,0.070261382,19.11600037,1.129999161,254269.725,0.469999313,20.57200003,Monday,19.62221826
07-04-2020,20.67000008,21.75,20.52000046,20.89999962,6925000,19.64999962,0.051908421,19.36200027,1.229999542,335026.6074,-0.229999542,20.35150003,Tuesday,19.81272405
08-04-2020,21.57999992,22.05999947,20.63999939,20.84000015,5039500,20.67000008,0.04402515,19.78800011,1.420000076,233526.4142,0.739999771,20.22750006,Wednesday,20.13404693
09-04-2020,22.31999969,22.75,21.98999977,22.27000046,4954600,21.57999992,0.034291,20.51599998,0.760000229,221980.2898,0.049999237,20.22950001,Thursday,20.53149289
13-04-2020,21.98999977,22.29999924,20.88999939,22,4384700,22.31999969,-0.014784943,21.24199982,1.409999847,199395.1817,-0.010000229,20.18450003,Monday,20.79667596
14-04-2020,22.29999924,22.79000092,22,22.04999924,3237200,21.98999977,0.014097293,21.77199974,0.790000916,145165.9242,0.25,20.26800003,Tuesday,21.07000746
15-04-2020,21.35000038,21.56999969,20.93000031,21.32999992,3826200,22.29999924,-0.042600847,21.9079998,0.63999939,179213.1116,0.020000458,20.26000004,Wednesday,21.12091527
16-04-2020,21.46999931,21.61000061,20.63999939,21.40999985,3689000,21.35000038,0.005620559,21.88599968,0.970001221,171821.1513,0.059999466,20.33950005,Thursday,21.18438509
17-04-2020,22.13999939,22.43000031,21.82999992,22.11000061,3620100,21.46999931,0.031206339,21.84999962,0.600000381,163509.4896,0.029998779,20.38550005,Friday,21.35813315
20-04-2020,21.70000076,22.31999969,21.45999908,21.52000046,3475600,22.13999939,-0.019873471,21.79199982,0.86000061,160165.893,0.180000305,20.53250008,Monday,21.4202909
21-04-2020,20.78000069,21.59000015,20.77000046,21.43000031,3079400,21.70000076,-0.042396315,21.48800011,0.819999695,148190.563,-0.649999619,20.64700012,Tuesday,21.30387449
22-04-2020,20.37000084,21.42000008,20.30999947,21.25,3465700,20.78000069,-0.019730502,21.2920002,1.11000061,170137.45,-0.879999161,20.66400013,Wednesday,21.13407928
23-04-2020,20.38999939,21.06999969,20.03000069,20.35000038,4573000,20.37000084,0.000981765,21.07600021,1.039999008,224276.6129,0.039999008,20.63050013,Thursday,20.99879203
24-04-2020,21.02000046,21.17000008,20.11000061,20.5,4155500,20.38999939,0.030897552,20.85200043,1.059999466,197692.6693,0.520000458,20.63500013,Friday,21.00264811
27-04-2020,22.75,23.01000023,21.20000076,21.20999908,3895400,21.02000046,0.082302545,21.06200027,1.809999466,171226.3736,1.540000916,20.8210001,Monday,21.32034845
28-04-2020,23.42000008,23.93000031,22.84000015,23.25,5743800,22.75,0.029450553,21.59000015,1.090000153,245251.9206,0.170000076,20.99150009,Tuesday,21.70210329
29-04-2020,24.72999954,25.04999924,24.05999947,24.05999947,5105700,23.42000008,0.055935075,22.46199989,0.989999771,206457.7475,0.670000076,21.25600004,Wednesday,22.25262988
30-04-2020,22.42000008,24.35000038,21.86000061,23.79999924,8243700,24.72999954,-0.093408795,22.86800003,2.489999771,367694.0219,-1.379999161,21.40450001,Thursday,22.28306083
01-05-2020,21.67000008,22.11000061,21.25,22.11000061,4044500,22.42000008,-0.033452275,22.99799995,0.86000061,186640.5162,-0.440000534,21.554,Friday,22.17159524
04-05-2020,21.87000084,21.96999931,20.92000008,21.32999992,5692300,21.67000008,0.009229385,22.82200012,1.049999237,260278.9109,0.540000916,21.72950001,Monday,22.11675989
05-05-2020,21.25,22.11000061,21.12999916,21.95999908,7110500,21.87000084,-0.028349374,22.38800011,0.98000145,334611.7647,-0.709999084,21.80950003,Tuesday,21.95916718
06-05-2020,20.85000038,21.79000092,20.20000076,21.60000038,11838600,21.25,-0.018823511,21.61200027,1.590000153,567798.5508,-0.75,21.81850004,Wednesday,21.75750049
07-05-2020,20.53000069,22.03000069,20.39999962,21.21999931,7390000,20.85000038,-0.015347707,21.2340004,1.630001068,359961.0206,-0.689998627,21.76600008,Thursday,21.53431871
08-05-2020,21.09000015,21.51000023,20.79000092,21.03000069,6249500,20.53000069,0.027277128,21.11800041,0.719999313,296325.2705,0.059999466,21.7045001,Friday,21.45353352
11-05-2020,20.32999992,20.92000008,19.76000023,20.80999947,7499000,21.09000015,-0.036036047,20.81000023,1.159999847,368863.7495,-0.479999542,21.62150011,Monday,21.24925468
12-05-2020,19.78000069,20.53000069,19.75,20.37999916,6685200,20.32999992,-0.027053578,20.51600037,0.780000687,337977.7436,-0.599998474,21.49550018,Tuesday,20.98211759
13-05-2020,19.12999916,19.72999954,18.70000076,19.70999908,6004900,19.78000069,-0.032861552,20.17200012,1.029998779,313899.6479,-0.579999924,21.38450012,Wednesday,20.64536879
14-05-2020,20.54000092,20.55999947,18.55999947,18.87999916,12729100,19.12999916,0.073706316,20.17400017,2,619722.4651,1.660001755,21.3380002,Thursday,20.62621099
15-05-2020,20.46999931,20.73999977,19.95999908,20.20000076,4705800,20.54000092,-0.003408062,20.05,0.780000687,229887.6482,0.26999855,21.2545002,Friday,20.59780887
18-05-2020,21.28000069,21.62999916,20.93000031,21.12999916,5497000,20.46999931,0.039570171,20.24000015,0.699998856,258317.6608,0.150001526,21.23350019,Monday,20.72184374
19-05-2020,21.04999924,21.48999977,20.70999908,21.14999962,3934500,21.28000069,-0.010808338,20.49399986,0.780000687,186912.1208,-0.100000381,21.24700012,Tuesday,20.78150838
20-05-2020,21.17000008,21.78000069,21,21.40999985,3251900,21.04999924,0.005700753,20.90200005,0.780000687,153608.8799,-0.239999771,21.28700008,Wednesday,20.85214323
21-05-2020,20.67000008,21.29000092,20.61000061,21.06999969,4314300,21.17000008,-0.023618328,20.92799988,0.680000305,208722.7859,-0.399999619,21.30100012,Thursday,20.8190263
22-05-2020,20.29999924,20.95000076,20.20999908,20.75,4316600,20.67000008,-0.017900379,20.89399986,0.740001678,212640.4021,-0.450000763,21.26500006,Friday,20.72465774
26-05-2020,21.92000008,22.05999947,20.86000061,21.11000061,5659700,20.29999924,0.079803,21.02199974,1.199998856,258197.9918,0.809999466,21.22350006,Tuesday,20.94199271
27-05-2020,22.62000084,23.10000038,22.06999969,22.26000023,6310900,21.92000008,0.031934341,21.33600006,1.030000687,278996.453,0.36000061,21.1835001,Wednesday,21.2470851
28-05-2020,21.96999931,22.92000008,21.87999916,22.82999992,4259200,22.62000084,-0.028735699,21.49599991,1.040000916,193864.3666,-0.86000061,21.04550009,Thursday,21.37852405
29-05-2020,21.75,21.87000084,21.04000092,21.61000061,5733800,21.96999931,-0.010013624,21.71199989,0.829999924,263622.9885,0.13999939,21.01200008,Friday,21.44606513
01-06-2020,21.95000076,22.22999954,21.71999931,21.80999947,2886800,21.75,0.009195437,22.0420002,0.510000229,131517.0797,0.140001297,21.02600012,Monday,21.53768979
02-06-2020,21.82999992,22.37000084,21.76000023,22.34000015,4079400,21.95000076,-0.005467008,22.02400017,0.61000061,186871.2787,-0.510000229,21.02400007,Tuesday,21.59083709
03-06-2020,22.27000046,22.79999924,22.12999916,22.13999939,4604000,21.82999992,0.020155774,21.95400009,0.670000076,206735.5144,0.130001068,21.0750001,Wednesday,21.71432134
04-06-2020,23.09000015,23.12000084,21.80999947,22.22999954,4290800,22.27000046,0.036820821,22.17800026,1.310001373,185829.3621,0.86000061,21.18700008,Thursday,21.96444476
05-06-2020,24.78000069,24.88999939,23.71999931,24.15999985,8410000,23.09000015,0.073191881,22.7840004,1.170000076,339386.5927,0.620000839,21.39950008,Friday,22.47636402
08-06-2020,26.14999962,26.27000046,25.04000092,25.09000015,8251400,24.78000069,0.055286477,23.62400017,1.229999542,315541.1136,1.059999466,21.65250006,Monday,23.14429776
09-06-2020,23.87999916,25.53000069,23.51000023,25.29999924,6824500,26.14999962,-0.086806902,24.03400002,2.020000458,285783.0921,-1.420000076,21.83000002,Tuesday,23.27806165
10-06-2020,23.17000008,23.88999939,22.72999954,23.77000046,4017200,23.87999916,-0.029731956,24.21399994,1.159999847,173379.3693,-0.600000381,21.99949999,Wednesday,23.25841409
11-06-2020,22.34000015,22.70000076,21.63999939,21.77000046,7020600,23.17000008,-0.03582218,24.06399994,1.060001373,314261.4124,0.569999695,22.16000004,Thursday,23.09142974
12-06-2020,22.06999969,23.21999931,21.37999916,23.18000031,6885900,22.34000015,-0.012085965,23.52199974,1.840000153,312002.7229,-1.11000061,22.23649998,Friday,22.90571519
15-06-2020,22.75,23.14999962,21.20999908,21.42000008,5444900,22.06999969,0.03081107,22.84199982,1.940000534,239336.2637,1.329999924,22.35050001,Monday,22.87740333
16-06-2020,22.26000023,23.69000053,21.44000053,23.53000069,7255200,22.75,-0.021538451,22.51800003,2.25,325929.9158,-1.270000458,22.39949999,Tuesday,22.76514822
17-06-2020,22.17000008,22.60000038,21.77000046,22.27000046,3807500,22.26000023,-0.004043133,22.31800003,0.829999924,171741.091,-0.100000381,22.45550003,Wednesday,22.65693947
18-06-2020,22.52000046,22.62999916,21.81999969,21.96999931,2855900,22.17000008,0.015787117,22.35400009,0.809999466,126816.1608,0.550001144,22.52300005,Thursday,22.63204147
19-06-2020,22.14999962,22.95999908,22.04999924,22.34000015,5102800,22.52000046,-0.016429877,22.37000008,0.909999847,230374.7218,-0.190000534,22.59700003,Friday,22.5443975
22-06-2020,21.84000015,21.96999931,21.02000046,21.87999916,6120100,22.14999962,-0.013995461,22.18800011,0.949998856,280224.357,-0.039999008,22.67400007,Monday,22.41632525
23-06-2020,22.15999985,22.54999924,21.87999916,22.13999939,3504100,21.84000015,0.014652001,22.16800003,0.670000076,158127.2574,0.020000458,22.68600006,Tuesday,22.36972063
24-06-2020,21.71999931,21.92000008,21.09000015,21.92000008,4295300,22.15999985,-0.01985562,22.07799988,0.829999924,197757.8331,-0.200000763,22.64099998,Wednesday,22.25158948
25-06-2020,21.26000023,21.54000092,20.81999969,21.51000023,4238600,21.71999931,-0.021178596,21.82599983,0.720001221,199369.7062,-0.25,22.60550003,Thursday,22.07130053
26-06-2020,20.26000023,21.17000008,19.95000076,21.02000046,5675800,21.26000023,-0.047036688,21.44799995,1.219999313,280148.0719,-0.760000229,22.53100004,Friday,21.7419732
29-06-2020,21.22999954,21.29999924,20.12999916,20.31999969,4740900,20.26000023,0.047877557,21.32599983,1.170000076,223311.3567,0.909999847,22.49499998,Monday,21.64888708
30-06-2020,21.10000038,21.32999992,20.81999969,21.18000031,3462400,21.22999954,-0.006123371,21.11399994,0.510000229,164094.7838,-0.079999924,22.4585,Tuesday,21.5490895
01-07-2020,21.06999969,21.79999924,20.96999931,21.22999954,4210100,21.10000038,-0.001421833,20.98400002,0.829999924,199814.9056,-0.159999847,22.39849997,Wednesday,21.46198226
02-07-2020,20.79000092,21.75,20.70000076,21.51000023,3699200,21.06999969,-0.013288979,20.89000015,1.049999237,177931.6901,-0.719999313,22.2835,Thursday,21.33980384
06-07-2020,21.23999977,21.37000084,20.72999954,21.27000046,5097400,20.79000092,0.021644966,21.08600006,0.640001297,239990.5864,-0.030000687,22.10649996,Monday,21.32165764
07-07-2020,20.36000061,21.06999969,20.27000046,21.04000092,3862500,21.23999977,-0.041431223,20.91200027,0.799999237,189710.2104,-0.680000305,21.81700001,Tuesday,21.14681091
08-07-2020,20.21999931,20.44000053,19.98999977,20.37999916,4261900,20.36000061,-0.006876291,20.73600006,0.450000763,210776.4661,-0.159999847,21.63400002,Wednesday,20.97829971
09-07-2020,19.25,20.22999954,19.11000061,20.20999908,6459800,20.21999931,-0.047972272,20.37200012,1.119998932,335574.026,-0.959999084,21.43800001,Thursday,20.6640634
10-07-2020,20.22999954,20.37000084,19.20999908,19.25,5275800,19.25,0.050909067,20.25999985,1.160001755,260790.9105,0.979999542,21.33249998,Friday,20.5851427
13-07-2020,20.52000046,20.93000031,19.70999908,20.36000061,6806300,20.22999954,0.014335191,20.11599998,1.220001221,331691.0257,0.159999847,21.25500002,Monday,20.57329865
14-07-2020,20.64999962,20.95000076,20.10000038,20.20999908,2873100,20.52000046,0.006335242,20.17399979,0.850000381,139133.1745,0.440000534,21.15,Tuesday,20.58724428
15-07-2020,21.78000069,22.04999924,20.90999985,20.92000008,6513600,20.64999962,0.054721602,20.48600006,1.13999939,299063.3515,0.86000061,21.12600002,Wednesday,20.80410908
16-07-2020,22.02000046,22.12000084,21.48999977,21.56999969,3763200,21.78000069,0.011019273,21.04000015,0.630001068,170899.179,0.450000763,21.11850004,Thursday,21.02518024
17-07-2020,21.42000008,22.21999931,21.37999916,21.77000046,2707500,22.02000046,-0.027247973,21.27800026,0.840000153,126400.5598,-0.350000381,21.06350002,Friday,21.09696567
20-07-2020,20.77000046,21.40999985,20.56999969,21.25,3975100,21.42000008,-0.030345454,21.32800026,0.840000153,191386.6111,-0.479999542,20.99450006,Monday,21.03751745
21-07-2020,20.97999954,21.44000053,20.82999992,20.95000076,2812000,20.77000046,0.010110692,21.39400024,0.61000061,134032.4147,0.029998779,20.95150003,Tuesday,21.02705965
22-07-2020,21.11000061,21.35000038,20.76000023,20.95999908,2178500,20.97999954,0.006196429,21.26000023,0.590000153,103197.5337,0.150001526,20.89900007,Wednesday,21.04213982
23-07-2020,21.35000038,21.55999947,21.02000046,21.13999939,2780900,21.11000061,0.011369008,21.12600021,0.539999008,130252.9251,0.210000992,20.88050013,Thursday,21.09811447
24-07-2020,21.14999962,21.69000053,20.86000061,21.45000076,2344200,21.35000038,-0.009367717,21.07200012,0.829999924,110836.8814,-0.300001144,20.8750001,Friday,21.10754813
27-07-2020,20.87999916,21.17000008,20.63999939,21.12000084,1861400,21.14999962,-0.012765979,21.09399986,0.530000687,89147.51316,-0.240001678,20.90600004,Monday,21.06617559
28-07-2020,20.78000069,21.02000046,20.19000053,20.19000053,2604200,20.87999916,-0.004789199,21.05400009,0.829999924,125322.4213,0.590000153,20.8835001,Tuesday,21.01414379
29-07-2020,21,21.10000038,20.62999916,20.87000084,1756100,20.78000069,0.01058707,21.03199997,0.470001221,83623.80952,0.129999161,20.87850008,Wednesday,21.01157219
30-07-2020,21.14999962,21.23999977,20.54999924,20.70000076,2603900,21,0.007142839,20.99199982,0.690000534,123115.8415,0.449998856,20.88250008,Thursday,21.03674082
31-07-2020,21.10000038,21.12000084,20.69000053,21.05999947,2581900,21.14999962,-0.00236403,20.98199997,0.430000305,122364.9267,0.040000916,20.89800005,Friday,21.04824255
03-08-2020,21.34000015,21.45000076,20.82999992,21.18000031,3774500,21.10000038,0.011374397,21.07400017,0.620000839,176874.413,0.159999847,20.90300007,Monday,21.10128939
04-08-2020,22.01000023,22.54999924,21.29999924,21.47999954,6025100,21.34000015,0.031396442,21.32000008,1.25,273743.75,0.530000687,20.98550005,Tuesday,21.26650954
05-08-2020,21.12000084,23,21.05999947,23,8065300,22.01000023,-0.040436137,21.34400024,1.940000534,381879.7197,-1.879999161,21.03050013,Wednesday,21.2398716
06-08-2020,21.62999916,21.79000092,21.06999969,21.10000038,6525200,21.12000084,0.024147647,21.44000015,0.720001221,301673.6132,0.529998779,21.14950008,Thursday,21.31080388
07-08-2020,20.97999954,21.90999985,20.87999916,21.55999947,6863700,21.62999916,-0.030050839,21.41599998,1.030000687,327154.4399,-0.579999924,21.18700008,Friday,21.25065764
10-08-2020,21.78000069,21.84000015,21.10000038,21.10000038,4900600,20.97999954,0.038131609,21.50400009,0.739999771,225004.5843,0.680000305,21.2500001,Monday,21.34690183
11-08-2020,22.47999954,23.67000008,21.95000076,21.97999954,7525200,21.78000069,0.032139524,21.59799995,1.719999313,334750.8965,0.5,21.34150009,Tuesday,21.55291959
12-08-2020,21.81999969,22.84000015,21.80999947,22.79999924,3153400,22.47999954,-0.029359424,21.73799973,1.030000687,144518.7921,-0.979999542,21.34350004,Wednesday,21.60147961
13-08-2020,21.96999931,22.12000084,21.53000069,21.68000031,2462400,21.81999969,0.00687441,21.80599976,0.590000153,112080.1127,0.289999008,21.34099998,Thursday,21.66848319
14-08-2020,22.62000084,22.72999954,21.85000038,21.93000031,2470100,21.96999931,0.029585869,22.13400002,0.879999161,109199.8191,0.690000534,21.40100002,Friday,21.8414864
17-08-2020,22.09000015,22.54000092,21.70000076,22.46999931,2614800,22.62000084,-0.023430622,22.19599991,0.840000153,118370.3025,-0.379999161,21.46700001,Monday,21.88667072
18-08-2020,22.05999947,22.29000092,21.94000053,22.13999939,2199000,22.09000015,-0.001358112,22.11199989,0.350000381,99682.686,-0.079999924,21.521,Tuesday,21.91818504
19-08-2020,22.21999931,22.51000023,22.05999947,22.36000061,1967400,22.05999947,0.00725294,22.19199982,0.450000763,88541.85692,-0.140001297,21.57649994,Wednesday,21.97306036
20-08-2020,22.12999916,22.37999916,21.88999939,22.02000046,2768000,22.21999931,-0.004050412,22.22399979,0.489999771,125079.0829,0.109998703,21.61549988,Thursday,22.00159469
21-08-2020,21.98999977,22.15999985,21.77000046,22,2042700,22.12999916,-0.006326227,22.09799957,0.38999939,92892.2247,-0.010000229,21.65749989,Friday,21.99948652
24-08-2020,22.80999947,22.87999916,21.88999939,21.94000053,3604400,21.98999977,0.037289664,22.24199944,0.989999771,158018.4167,0.869998932,21.7539999,Monday,22.14685251
25-08-2020,22.86000061,23.01000023,22.37999916,22.93000031,3359600,22.80999947,0.002192071,22.40199966,0.630001068,146964.1256,-0.069999695,21.8579999,Tuesday,22.2765158
26-08-2020,22.77000046,23.04999924,22.56999969,22.88999939,2597200,22.86000061,-0.003937014,22.51199989,0.479999542,114062.3605,-0.119998932,21.94649992,Wednesday,22.36624028
27-08-2020,22.86000061,23.12000084,22.64999962,22.77000046,3296500,22.77000046,0.003952576,22.65800018,0.470001221,144203.8457,0.090000153,22.03199997,Thursday,22.45601489
28-08-2020,22.87999916,22.97999954,22.69000053,22.87999916,3012800,22.86000061,0.000874827,22.83600006,0.289999008,131678.3265,0,22.12099991,Friday,22.53310294
31-08-2020,22.06999969,22.95000076,21.98999977,22.79999924,4060200,22.87999916,-0.035402076,22.68800011,0.960000992,183969.1915,-0.729999542,22.15749989,Monday,22.44890235
01-09-2020,21.42000008,22.04000092,21.27000046,22.04000092,4101100,22.06999969,-0.029451728,22.4,0.770000458,191461.2505,-0.620000839,22.12799988,Tuesday,22.26182921
02-09-2020,21.80999947,22.12999916,21.21999931,21.29999924,4066100,21.42000008,0.018207254,22.2079998,0.909999847,186432.8335,0.510000229,22.16249981,Wednesday,22.17967835
03-09-2020,21.63999939,22.68000031,21.45999908,21.96999931,5404400,21.80999947,-0.007794593,21.96399956,1.220001221,249741.227,-0.329999924,22.16299982,Thursday,22.0815549
04-09-2020,22.80999947,22.87999916,21.79999924,21.87999916,9453100,21.63999939,0.054066548,21.94999962,1.079999924,414427.8922,0.930000305,22.25449982,Friday,22.21399937
08-09-2020,22.5,23.20000076,22.43000031,22.56999969,5360100,22.80999947,-0.013590507,22.03599968,0.770000458,238226.6667,-0.069999695,22.29049978,Tuesday,22.26599948
09-09-2020,23.05999947,23.19000053,22.12000084,22.52000046,4488500,22.5,0.024888865,22.36399956,1.069999695,194644.4104,0.539999008,22.31949978,Wednesday,22.41036311
10-09-2020,23.45000076,23.79999924,23.22999954,23.22999954,5316900,23.05999947,0.016912459,22.69199982,0.569999695,226733.4681,0.220001221,22.40099983,Thursday,22.59938814
11-09-2020,22.82999992,23.57999992,22.54999924,23.40999985,5007600,23.45000076,-0.026439267,22.92999992,1.030000687,219342.9705,-0.579999924,22.44399986,Friday,22.64131756
14-09-2020,23.77000046,23.88999939,22.90999985,23,5051900,22.82999992,0.041173918,23.12200012,0.979999542,212532.6,0.770000458,22.50149984,Monday,22.84653263
15-09-2020,23.81999969,24.12000084,23.63999939,23.85000038,3402000,23.77000046,0.00210346,23.38600006,0.48000145,142821.1605,-0.030000687,22.58799982,Tuesday,23.02352664
16-09-2020,24.27000046,24.77000046,23.88999939,23.94000053,3517100,23.81999969,0.01889172,23.62800026,0.880001068,144915.5308,0.329999924,22.69849987,Wednesday,23.25015824
17-09-2020,24.20000076,24.68000031,23.88999939,24.04999924,4015500,24.27000046,-0.002884207,23.77800026,0.790000916,165929.7468,0.150001526,22.79749994,Thursday,23.42285688
18-09-2020,23.87999916,24.31999969,23.76000023,24.04000092,5109500,24.20000076,-0.013223206,23.98800011,0.559999466,213965.6692,-0.160001755,22.88499994,Friday,23.50597366
21-09-2020,22.42000008,23.52000046,22.29000092,23.43000031,4096500,23.87999916,-0.061138992,23.71800003,1.229999542,182716.3241,-1.010000229,22.90649996,Monday,23.30852392
22-09-2020,22.32999992,22.77000046,22.18000031,22.42000008,2466500,22.42000008,-0.00401428,23.42000008,0.590000153,110456.785,-0.090000153,22.88249998,Tuesday,23.13061047
23-09-2020,21.12000084,22.57999992,21.09000015,22,3930700,22.32999992,-0.054187151,22.79000015,1.489999771,186112.682,-0.879999161,22.79549999,Wednesday,22.76504508
24-09-2020,21.31999969,21.54999924,20.79000092,21.20999908,3377200,21.12000084,0.009469642,22.21399994,0.759998322,158405.2556,0.11000061,22.72299995,Thursday,22.50230955
25-09-2020,21.32999992,21.42000008,20.87000084,21.06999969,2414600,21.31999969,0.000469054,21.70400009,0.549999237,113202.0632,0.260000229,22.64649992,Friday,22.28916235
28-09-2020,21.95000076,22.12000084,21.55999947,21.75,3105700,21.32999992,0.029067081,21.61000023,0.560001373,141489.7445,0.200000763,22.6,Monday,22.22749661
29-09-2020,21.75,22.12999916,21.59000015,21.93000031,2295800,21.95000076,-0.009111652,21.49400024,0.539999008,105554.023,-0.180000305,22.58400002,Tuesday,22.14067904
30-09-2020,21.77000046,22.29999924,21.63999939,21.88999939,2872700,21.75,0.000919561,21.62400017,0.659999847,131956.8185,-0.119998932,22.60150003,Wednesday,22.07328294
01-10-2020,21.51000023,22.02000046,21.23999977,21.88999939,3595600,21.77000046,-0.011943051,21.66200027,0.780000687,167159.4589,-0.379999161,22.58650007,Thursday,21.9708679
02-10-2020,21.5,21.60000038,21.05999947,21.14999962,2568400,21.51000023,-0.000464911,21.69600029,0.540000916,119460.4651,0.350000381,22.5795001,Friday,21.88525555
05-10-2020,21.90999985,22.12999916,21.62000084,21.95999908,2154700,21.5,0.01906976,21.68800011,0.509998322,98343.22296,-0.049999237,22.53450012,Monday,21.88975452
06-10-2020,21.52000046,22.12000084,21.48999977,22.04999924,2557200,21.90999985,-0.017800064,21.6420002,0.630001068,118828.9938,-0.529998779,22.48550014,Tuesday,21.8225265
07-10-2020,22.19000053,22.34000015,21.40999985,21.53000069,2665900,21.52000046,0.031133832,21.72600021,0.930000305,120139.6997,0.659999847,22.4420002,Wednesday,21.88933996
08-10-2020,22.77000046,22.79000092,22.28000069,22.32999992,3097500,22.19000053,0.026137896,21.97800026,0.510000229,136034.2529,0.440000534,22.40800018,Thursday,22.04946005
09-10-2020,22.23999977,23.04999924,22.22999954,22.85000038,3039800,22.77000046,-0.02327627,22.12600021,0.819999695,136681.6561,-0.61000061,22.37850018,Friday,22.08410364
12-10-2020,22.34000015,22.42000008,21.90999985,22.17000008,1877600,22.23999977,0.00449642,22.21200027,0.510000229,84046.55269,0.170000076,22.30700016,Monday,22.13063028
13-10-2020,21.56999969,22.44000053,21.45999908,22.26000023,5107300,22.34000015,-0.034467343,22.22200012,0.98000145,236777.9357,-0.690000534,22.19450016,Tuesday,22.02869744
14-10-2020,20.93000031,21.76000023,20.88999939,21.64999962,6082400,21.56999969,-0.029670811,21.97000008,0.870000839,290606.7803,-0.719999313,22.02750015,Wednesday,21.82893433
15-10-2020,20.96999931,21.03000069,20.54000092,20.84000015,4019200,20.93000031,0.001911085,21.60999985,0.489999771,191664.2886,0.129999161,21.86600008,Thursday,21.67276433
16-10-2020,20.95999908,21.15999985,20.55999947,20.88999939,2750000,20.96999931,-0.000476883,21.35399971,0.600000381,131202.2958,0.069999695,21.72000008,Friday,21.54317065
19-10-2020,20.20000076,21.20000076,20.12999916,21.15999985,2728000,20.95999908,-0.036259463,20.92599983,1.070001602,135049.4998,-0.959999084,21.60900011,Monday,21.29895794
20-10-2020,20.25,20.48999977,20.12999916,20.47999954,2815200,20.20000076,0.00247521,20.66199989,0.36000061,139022.2222,-0.229999542,21.50500011,Tuesday,21.10823831
21-10-2020,20.71999931,20.81999969,20.01000023,20.11000061,3812400,20.25,0.023209843,20.61999969,0.809999466,183996.1451,0.609998703,21.48500004,Wednesday,21.0376494
22-10-2020,21.18000031,21.37999916,20.77000046,21.09000015,2905200,20.71999931,0.022200821,20.66199989,0.609998703,137167.1368,0.090000153,21.47800007,Thursday,21.06353139
23-10-2020,21.10000038,21.43000031,20.71999931,21.43000031,2149100,21.18000031,-0.003777145,20.69000015,0.710000992,101853.0787,-0.329999924,21.46650009,Friday,21.07016211
26-10-2020,20.52000046,20.97999954,20.28000069,20.93000031,2916500,21.10000038,-0.027488148,20.75400009,0.699998856,142129.6265,-0.409999847,21.39500008,Monday,20.97013272
27-10-2020,20.10000038,20.47999954,20.09000015,20.38999939,4401400,20.52000046,-0.02046784,20.72400017,0.38999939,218975.1202,-0.289999008,21.3125001,Tuesday,20.81192684
28-10-2020,19.27000046,19.96999931,19.20000076,19.79999924,5059100,20.10000038,-0.041293528,20.4340004,0.76999855,262537.617,-0.529998779,21.1875001,Wednesday,20.53157659
29-10-2020,19.73999977,19.84000015,19.06999969,19.12999916,5898000,19.27000046,0.024390208,20.14600029,0.770000458,298784.198,0.61000061,21.09900007,Thursday,20.38765353
30-10-2020,20.23999977,20.23999977,19.67000008,19.80999947,4915000,19.73999977,0.025329281,19.97400017,0.569999695,242835.9711,0.430000305,21.03600006,Friday,20.36080739
02-11-2020,21.12000084,21.25,20.02000046,20.78000069,5148400,20.23999977,0.043478314,20.09400024,1.229999542,243768.9297,0.340000153,20.99650011,Monday,20.49884257
03-11-2020,21.12000084,21.79999924,20.97999954,21.38999939,5467700,21.12000084,0,20.29800034,0.819999695,258887.3003,-0.26999855,20.97650013,Tuesday,20.61178043
04-11-2020,20.53000069,21.05999947,20.20999908,21,6833900,21.12000084,-0.027935612,20.55000038,0.850000381,332873.832,-0.469999313,20.89350014,Wednesday,20.59691139
05-11-2020,21.43000031,21.59000015,20.62999916,21.12000084,7766600,20.53000069,0.043838265,20.88800049,0.960000992,362417.167,0.309999466,20.82650013,Thursday,20.7483821
06-11-2020,20.93000031,21.42000008,20.46999931,21.37000084,4866300,21.43000031,-0.023331778,21.0260006,0.950000763,232503.58,-0.440000534,20.76100016,Friday,20.78140359
09-11-2020,22.12000084,23.07999992,21.69000053,21.86000061,6480800,20.93000031,0.056856212,21.2260006,1.38999939,292983.714,0.260000229,20.75000019,Monday,21.02478491
10-11-2020,22.92000008,22.98999977,21.95999908,22.12000084,4378600,22.12000084,0.036166329,21.58600044,1.030000687,191038.3938,0.799999237,20.81750021,Tuesday,21.36936949
11-11-2020,22.44000053,22.95000076,22.36000061,22.88999939,4366000,22.92000008,-0.020942388,21.96800041,0.590000153,194563.2752,-0.449998856,20.89300022,Wednesday,21.56402968
12-11-2020,21.79999924,22.5,21.56999969,22.45999908,3520900,22.44000053,-0.028520556,22.0420002,0.930000305,161509.18,-0.659999847,20.93450022,Thursday,21.60693323
13-11-2020,23.12000084,23.45999908,21.93000031,22.02000046,5139300,21.79999924,0.060550534,22.48000031,1.529998779,222288.0542,1.100000381,21.04250031,Friday,21.88203643
16-11-2020,24.06999969,24.37000084,23.62000084,23.70000076,7796000,23.12000084,0.041089914,22.87000008,0.75,323888.6622,0.369998932,21.23600025,Monday,22.27984794
17-11-2020,24.29999924,24.56999969,23.46999931,23.59000015,4434900,24.06999969,0.009555444,23.14599991,1.100000381,182506.1786,0.709999084,21.43850021,Tuesday,22.64714817
18-11-2020,24.5,25.04999924,24.10000038,24.31999969,6499300,24.29999924,0.008230484,23.5579998,0.949998856,265277.551,0.180000305,21.62750025,Wednesday,22.98403032
19-11-2020,25.03000069,25.19000053,24.13999939,24.13999939,5849500,24.5,0.021632681,24.20400009,1.050001144,233699.5541,0.890001297,21.82000027,Thursday,23.35602493
20-11-2020,25.48999977,25.57999992,24.75,24.89999962,10031300,25.03000069,0.018377909,24.67799988,0.829999924,393538.6461,0.590000153,22.03950024,Friday,23.74402036
23-11-2020,26.5,26.62999916,25.56999969,25.79999924,8470900,25.48999977,0.039623391,25.16399994,1.059999466,319656.6038,0.700000763,22.33850021,Monday,24.24510757
24-11-2020,27.20000076,27.37999916,26.78000069,26.98999977,6544200,26.5,0.026415123,25.74400024,0.599998474,240595.5815,0.210000992,22.69350023,Tuesday,24.78236088
25-11-2020,27.29999924,27.35000038,26.71999931,26.89999962,5946300,27.20000076,0.003676414,26.30400009,0.630001068,217813.1929,0.399999619,23.09500017,Wednesday,25.2401133
27-11-2020,27.47999954,27.65999985,27.12000084,27.19000053,3959900,27.29999924,0.006593418,26.79399986,0.539999008,144101.1669,0.289999008,23.48200016,Friday,25.64736535
30-11-2020,26.90999985,27.40999985,26.71999931,27.27000046,7719400,27.47999954,-0.020742347,27.07799988,0.690000534,286859.905,-0.36000061,23.81550016,Monday,25.87693526
01-12-2020,27.68000031,28.15999985,27.13999939,27.38999939,11279500,26.90999985,0.028613915,27.31399994,1.020000458,407496.3828,0.290000916,24.14350014,Tuesday,26.20476527
02-12-2020,28.37000084,29.21999931,27.13999939,29.20999908,10500200,27.68000031,0.024927765,27.54799995,2.079999924,370116.3091,-0.839998245,24.50600014,Wednesday,26.59844446
03-12-2020,28.23999977,29.20000076,28.04999924,28.79000092,8932000,28.37000084,-0.004582343,27.73600006,1.150001526,316288.9544,-0.550001144,24.89150009,Thursday,26.89690906
04-12-2020,28.47999954,28.78000069,28.15999985,28.34000015,7208900,28.23999977,0.008498576,27.93600006,0.620000839,253121.4928,0.13999939,25.24400005,Friday,27.1847437
07-12-2020,28.79999924,28.80999947,28.04000092,28.29000092,7088300,28.47999954,0.011235945,28.31399994,0.76999855,246121.5343,0.509998322,25.6375,Monday,27.47842652
08-12-2020,28.09000015,28.85000038,27.81999969,28.46999931,11304800,28.79999924,-0.024652747,28.39599991,1.030000687,402449.268,-0.379999161,25.93599997,Tuesday,27.58962173
09-12-2020,28.5,28.62999916,28.13999939,28.18000031,5417400,28.09000015,0.014595936,28.42199974,0.489999771,190084.2105,0.319999695,26.21499996,Wednesday,27.75514505
10-12-2020,28.79000092,29.04999924,28.10000038,28.20999908,6368300,28.5,0.010175471,28.53199997,0.949998856,221198.3257,0.580001831,26.53249998,Thursday,27.94330066
11-12-2020,28.93000031,28.97999954,28.5,28.64999962,8342200,28.79000092,0.004862778,28.62200012,0.479999542,288358.1027,0.280000687,26.88900003,Friday,28.1227006
14-12-2020,28.64999962,29.18000031,28.43000031,29.12000084,7387400,28.93000031,-0.009678558,28.5920002,0.75,257849.9162,-0.470001221,27.16549997,Monday,28.21857315
15-12-2020,28.71999931,28.84000015,27.90999985,28.84000015,4314600,28.64999962,0.00244327,28.71800003,0.930000305,150229.8086,-0.120000839,27.39799995,Tuesday,28.30974154
16-12-2020,28.79000092,29.02000046,28.39999962,28.65999985,5955100,28.71999931,0.002437382,28.77600021,0.620000839,206846.1205,0.130001068,27.62250004,Wednesday,28.39706143
17-12-2020,28.73999977,28.88999939,28.20999908,28.79000092,6260300,28.79000092,-0.001736754,28.76599998,0.680000305,217825.3323,-0.050001144,27.83450003,Thursday,28.45941385
18-12-2020,27.79999924,28.51000023,27.37000084,28,8319800,28.73999977,-0.032707047,28.53999977,1.13999939,299273.3895,-0.200000763,27.97299995,Friday,28.33952029
21-12-2020,27.37000084,27.60000038,26.87000084,27.36000061,9440200,27.79999924,-0.015467569,28.28400002,0.729999542,344910.4754,0.010000229,28.06700001,Monday,28.16324402
22-12-2020,27.20999908,27.62000084,26.92000008,27.55999947,5403400,27.37000084,-0.005845881,27.98199997,0.700000763,198581.4106,-0.350000381,28.10249996,Tuesday,27.98992676
23-12-2020,28.26000023,28.45999908,27.31999969,27.39999962,5542200,27.20999908,0.038588797,27.87599983,1.13999939,196114.6481,0.86000061,28.15549994,Wednesday,28.03903103
24-12-2020,28.56999969,28.72999954,27.96999931,28.29000092,3471600,28.26000023,0.010969549,27.84199982,0.760000229,121512.0769,0.279998779,28.21899996,Thursday,28.13557079
28-12-2020,29.45000076,29.46999931,28.30999947,28.70999908,5020500,28.56999969,0.030801578,28.17200012,1.159999847,170475.3776,0.740001678,28.31750002,Monday,28.37455805
29-12-2020,29.69000053,29.79999924,29.18000031,29.56999969,4271800,29.45000076,0.008149398,28.63600006,0.619998932,143880.0917,0.120000839,28.45650005,Tuesday,28.61372941
30-12-2020,29.80999947,30.01000023,29.45000076,29.69000053,3191200,29.69000053,0.004041729,29.15600014,0.559999466,107051.327,0.119998932,28.56300001,Wednesday,28.83123306
31-12-2020,30.09000015,30.32999992,29.70000076,29.89999962,5191500,29.80999947,0.009392844,29.52200012,0.629999161,172532.4019,0.190000534,28.64899998,Thursday,29.0600998
04-01-2021,30.62999916,31.06999969,29.77000046,31.06999969,7537100,30.09000015,0.017946128,29.93400002,1.299999237,246069.2199,-0.440000534,28.76849995,Monday,29.34553605
05-01-2021,31.52000046,31.72999954,30.38999939,30.43000031,10031500,30.62999916,0.029056524,30.34799995,1.340000153,318258.2441,1.090000153,28.92049999,Tuesday,29.74089322
06-01-2021,34.25,34.45999908,31.87999916,32.41999817,11881400,31.52000046,0.086611659,31.25999985,2.579999924,346902.1898,1.830001831,29.19300003,Wednesday,30.56073081
07-01-2021,34.40000153,35.11000061,33.95000076,34.36999893,16015200,34.25,0.004379607,32.17800026,1.159999847,465558.1189,0.030002594,29.5085001,Thursday,31.25878003
08-01-2021,34.63000107,34.68000031,33.36999893,34.36000061,11310600,34.40000153,0.006686033,33.08600044,1.310001373,326612.7534,0.270000458,29.81500015,Friday,31.87172931
11-01-2021,35.13000107,35.27000046,33.70000076,34.34000015,7103100,34.63000107,0.014438348,33.98600082,1.569999695,202194.6992,0.790000916,30.13200016,Monday,32.46414236
12-01-2021,35.29999924,35.61999893,34.90000153,35.22999954,5855700,35.13000107,0.004839117,34.74200058,0.719997406,165883.8563,0.069999695,30.45050011,Tuesday,32.9797527
13-01-2021,36.68999863,36.86000061,35.02000046,35.22000122,12090700,35.29999924,0.039376754,35.23000031,1.840000153,329536.6708,1.469997406,30.85250006,Wednesday,33.65434287
14-01-2021,37.25,38.43999863,36.31999969,37.04000092,11860800,36.68999863,0.015263052,35.8,2.119998932,318410.7383,0.209999084,31.27900009,Thursday,34.30809871
15-01-2021,36.75999832,37.91999817,36.63999939,37.24000168,7690500,37.25,-0.013154407,36.22599945,1.279998779,209208.3882,-0.480003357,31.67749996,Friday,34.75389864
19-01-2021,36.15000153,36.84000015,35.68999863,36.16999817,10095900,36.75999832,-0.016594038,36.42999954,1.150001526,279277.9965,-0.019996643,32.04800005,Tuesday,35.00773553
20-01-2021,36.43999863,36.61000061,35.84000015,36.33000183,6943400,36.15000153,0.008022049,36.65799942,0.770000458,190543.3661,0.109996796,32.48000002,Wednesday,35.268147
21-01-2021,36.88000107,37.11000061,36.27000046,36.5,5372400,36.43999863,0.012074711,36.69599991,0.840000153,145672.447,0.380001068,32.95550003,Thursday,35.56121138
22-01-2021,37.49000168,37.61999893,36,36.70999908,5867800,36.88000107,0.016540146,36.74400024,1.619998932,156516.3974,0.780002594,33.46950016,Friday,35.91190052
25-01-2021,39,40.22999954,37.49000168,37.70000076,10922700,37.49000168,0.040277361,37.19200058,2.739997864,280069.2308,1.299999237,34.00650015,Monday,36.47337315
26-01-2021,40.72000122,40.97000122,39.31000137,39.47000122,12857700,39,0.044102595,38.10600052,1.659999847,315758.8314,1.25,34.61400023,Tuesday,37.24548735
27-01-2021,43.86999893,49.93999863,40.43999863,40.43999863,38255100,40.72000122,0.077357505,39.59200058,9.5,872010.5068,3.430000305,35.33500013,Wednesday,38.449944
28-01-2021,41.02000046,45.20000076,40.47999954,43.58000183,23705100,43.86999893,-0.064964635,40.42000046,4.720001221,577891.2661,-2.560001373,35.90150013,Thursday,38.91722699
29-01-2021,41.41999817,43.81000137,40.06000137,41.86000061,16444200,41.02000046,0.009751285,41.20599976,3.75,397011.1233,-0.440002441,36.48200006,Friday,39.3722763
01-02-2021,42.11999893,42.25999832,40.31999969,41.04999924,10409000,41.41999817,0.016900067,41.82999954,1.939998627,247127.2617,1.069999695,37.0835,Monday,39.87186223
02-02-2021,40.08000183,42.47999954,39.97999954,42.29999924,9692000,42.11999893,-0.048432981,41.70199966,2.5,241816.3562,-2.219997406,37.55600014,Tuesday,39.90970579
03-02-2021,40.81000137,41.31000137,40.08000183,40.54000092,7654200,40.08000183,0.018213561,41.09000015,1.229999542,187556.965,0.270000458,38.02050018,Wednesday,40.0733959
04-02-2021,41.11000061,41.25999832,40.20000076,40.72000122,7120900,40.81000137,0.00735112,41.10800018,1.059997559,173215.76,0.38999939,38.36350021,Thursday,40.26186948
05-02-2021,42.66999817,42.77000046,40.43999863,41.02000046,4876100,41.11000061,0.037946912,41.35800018,2.330001831,114274.6709,1.649997711,38.77700005,Friday,40.69971106
08-02-2021,43.25,43.34000015,42.33000183,42.58000183,7198300,42.66999817,0.013592732,41.5840004,1.009998322,166434.6821,0.669998169,39.20799999,Monday,41.16339996
09-02-2021,43.5,43.54000092,42.34999847,42.90000153,5513000,43.25,0.005780347,42.26800003,1.190002441,126735.6322,0.599998474,39.62649994,Tuesday,41.58823633
10-02-2021,45.06999969,45.27999878,43.29999924,43.75999832,4433400,43.5,0.036091947,43.11999969,1.979999542,98366.98536,1.310001373,40.11499996,Wednesday,42.22128422
11-02-2021,45.54999924,45.59999847,44.45000076,44.68999863,5030000,45.06999969,0.01065009,44.00799942,1.149997711,110428.1028,0.86000061,40.55799999,Thursday,42.82650513
12-02-2021,47.79999924,47.88999939,45.47000122,45.79000092,4107900,45.54999924,0.049396269,45.03399963,2.419998169,85939.33192,2.009998322,41.08549995,Friday,43.73077678
16-02-2021,47.34999847,48.5,47.24000168,48.06000137,6878200,47.79999924,-0.009414242,45.85399933,1.259998322,145262.9403,-0.710002899,41.61499996,Tuesday,44.38881709
17-02-2021,49.36000061,49.45999908,46.83000183,47.08000183,4604200,47.34999847,0.042449888,47.02599945,2.629997253,93277.95671,2.279998779,42.27549992,Wednesday,45.29266864
18-02-2021,49.70999908,50.68999863,49.11999893,49.36000061,8189400,49.36000061,0.007090731,47.95399933,1.569999695,164743.5154,0.349998474,42.93899994,Thursday,46.09581963
19-02-2021,50.79000092,51.43000031,49.77000046,49.84000015,8666200,49.70999908,0.021726048,49.00199966,1.659999847,170628.0733,0.950000763,43.63449993,Friday,46.94930714
22-02-2021,55.29000092,56.02000046,51.63999939,52.13000107,14043000,50.79000092,0.088600117,50.5,4.380001068,253988.0587,3.159999847,44.52449989,Monday,48.46579691
23-02-2021,52.95000076,55.00999832,50.11999893,53.81999969,15094600,55.29000092,-0.042322303,51.62000046,4.88999939,285072.706,-0.869998932,45.22199993,Tuesday,49.28110671
24-02-2021,51.86000061,52.24000168,50.56999969,50.79999924,10824100,52.95000076,-0.020585461,52.12000046,1.670001984,208717.699,1.060001373,45.7789999,Wednesday,49.74999651
25-02-2021,51.31999969,53.54999924,51.06000137,52.63999939,9490500,51.86000061,-0.010412667,52.44200058,2.489997864,184927.9045,-1.319999695,46.15149994,Thursday,50.03545163
26-02-2021,53.02999878,53.52999878,51.11999893,51.61000061,8963000,51.31999969,0.033320325,52.89000015,2.409999847,169017.5411,1.419998169,46.75199986,Friday,50.57991475
01-03-2021,58.18000031,58.61000061,53.66999817,54.31999969,11154800,53.02999878,0.097114872,53.46800003,4.940002441,191729.1155,3.86000061,47.58999996,Monday,51.96174849
02-03-2021,59.24000168,60.04000092,57.36000061,57.63999939,7497700,58.18000031,0.018219343,54.72600021,2.680000305,126564.8175,1.600002289,48.4460001,Tuesday,53.28506725
03-03-2021,61.45000076,61.93000031,58.86000061,59.20999908,6310500,59.24000168,0.037305858,56.64400024,3.069999695,102693.2453,2.240001678,49.51450005,Wednesday,54.76960062
04-03-2021,62.59999847,62.97000122,60.45000076,61.88999939,9367400,61.45000076,0.018714364,58.9,2.520000458,149638.9813,0.709999084,50.6039999,Thursday,56.19330932
05-03-2021,64.25,64.90000153,62.66999817,63.68000031,9083200,62.59999847,0.026357852,61.14400024,2.230003357,141372.7626,0.569999695,51.76099987,Friday,57.65816217
08-03-2021,67.25,67.58000183,63.93999863,64.87999725,9097700,64.25,0.046692607,62.95800018,3.640003204,135281.7844,2.370002747,52.98999996,Monday,59.40213268
09-03-2021,63.00999832,67.48000336,61.77999878,66.87999725,16965800,67.25,-0.063048352,63.71199951,5.700004578,269255.6809,-3.869998932,53.97799988,Tuesday,60.05810825
10-03-2021,65.81999969,66.56999969,62.45999908,63.86000061,12316200,63.00999832,0.044596119,64.5859993,4.11000061,187119.4175,1.959999084,55.09399986,Wednesday,61.10572488
11-03-2021,66.97000122,68.52999878,65.19999695,65.33999634,11952600,65.81999969,0.017471916,65.45999985,3.330001831,178476.9267,1.630004883,56.18899994,Thursday,62.17195694
12-03-2021,71.09999847,71.93000031,66.66000366,67.02999878,15747600,66.97000122,0.061669362,66.82999954,5.269996643,221485.2368,4.069999695,57.4664999,Friday,63.79523722
15-03-2021,73.66999817,74.52999878,70.5,71.05000305,11184200,71.09999847,0.036146269,68.11399918,4.029998779,151814.8538,2.619995117,58.75999985,Monday,65.5906483
16-03-2021,75.80999756,76.61000061,72.61000061,72.65000153,11261100,73.66999817,0.029048452,70.67399902,4,148543.7325,3.159996033,60.1829998,Tuesday,67.4487118
17-03-2021,74.06999969,74.69000244,70.98000336,74.69000244,13628500,75.80999756,-0.02295209,72.32399902,3.709999084,183994.8705,-0.620002747,61.41849976,Wednesday,68.65258233
18-03-2021,75.94999695,76.08000183,71.05000305,72.20999908,12172000,74.06999969,0.025381359,74.11999817,5.029998779,160263.3376,3.739997864,62.73049965,Thursday,69.97938499
19-03-2021,77.26999664,78.13999939,74.19999695,75.86000061,9262200,75.94999695,0.017379852,75.3539978,3.940002441,119868.0005,1.409996033,64.05449944,Friday,71.30495074
22-03-2021,74.65000153,78.08000183,74.51000214,77.98000336,10952800,77.26999664,-0.033907017,75.54999847,3.569999695,146722.0332,-3.330001831,65.02249947,Monday,71.91314179
23-03-2021,71.68000031,72.41999817,68.41000366,70.01000214,12233800,74.65000153,-0.039785682,74.72399902,4.009994507,170672.4323,1.669998169,65.95899944,Tuesday,71.87075243
24-03-2021,61.93999863,72.22000122,61.88000107,70.76000214,16131200,71.68000031,-0.135881719,72.29799881,10.34000015,260432.6826,-8.82000351,66.46299934,Wednesday,70.06516083
25-03-2021,57.75,62.24000168,56.90999985,58.18999863,13590900,61.93999863,-0.067646088,68.65799942,5.330001831,235340.2597,-0.439998627,66.78449936,Thursday,67.82604068
26-03-2021,41.90000153,58.20999908,34.59999847,57.45000076,106071700,57.75,-0.274458848,61.5840004,23.61000061,2531544.061,-15.54999924,66.2279995,Friday,63.11221538
29-03-2021,41.22999954,44.75,39.81999969,43,65944200,41.90000153,-0.0159905,54.9,4.930000305,1599422.768,-1.770000458,65.38049946,Monday,59.13363068
30-03-2021,43.43999863,46.18000031,42,43.34000015,45823200,41.22999954,0.053601725,49.25199966,4.180000305,1054861.912,0.099998474,64.59049931,Tuesday,56.28024304
31-03-2021,43.45999908,45.27999878,42.34999847,44.15000153,31581800,43.43999863,0.000460416,45.55599976,2.930000305,726686.6237,-0.690002441,63.69099922,Wednesday,53.94928959
01-04-2021,43.31000137,44.31000137,42.15000153,43.97999954,16364900,43.45999908,-0.003451397,42.66800003,2.159999847,377854.9869,-0.669998169,62.72649937,Thursday,52.01487355
05-04-2021,41.63999939,43.40000153,40.79000092,42.75,22810800,43.31000137,-0.038559269,42.6159996,2.61000061,547809.8063,-1.11000061,61.59599934,Monday,50.12853279
06-04-2021,43.38000107,44.34000015,41.56000137,41.56000137,23200400,41.63999939,0.041786784,43.04599991,2.779998779,534817.8753,1.819999695,60.40249939,Tuesday,48.90152703
07-04-2021,43.38999939,45.47000122,42.5,44.66999817,15198400,43.38000107,0.000230482,43.03600006,2.970001221,350274.2617,-1.279998779,59.42149944,Wednesday,47.89943109
08-04-2021,41.88000107,43.61999893,41.38000107,43.20999908,14780500,43.38999939,-0.034800607,42.72000046,2.239997864,352925.0149,-1.329998016,58.22449951,Thursday,46.80498927
09-04-2021,42,42.59000015,41.25,41.65000153,14390400,41.88000107,0.002865304,42.45800018,1.340000153,342628.5714,0.349998474,56.97599945,Friday,45.93135486
12-04-2021,40.38000107,42.47999954,40.31999969,41.88999939,10140000,42,-0.038571403,42.20600052,2.159999847,251114.4064,-1.509998322,55.43999958,Monday,44.9220178
13-04-2021,40.38000107,41.31999969,39.68999863,40.16999817,10200500,40.38000107,0,41.60600052,1.630001068,252612.6729,0.210002899,53.77549973,Tuesday,44.09619658
14-04-2021,38.38000107,40.11000061,38.06000137,39,35615900,40.38000107,-0.049529469,40.60400085,2.049999237,927980.6933,-0.619998932,51.9039999,Wednesday,43.0568883
15-04-2021,37.81999969,38.95000076,37.27000046,38.79000092,15764000,38.38000107,-0.014590968,39.79200058,1.680000305,416816.5026,-0.970001221,50.0914999,Thursday,42.10472674
16-04-2021,37.34000015,38.27000046,37.11000061,37.95000076,15955500,37.81999969,-0.012691686,38.86000061,1.159999847,427303.1584,-0.61000061,48.16100006,Friday,41.23841281
19-04-2021,36.36999893,37.61999893,35.95999908,37.43999863,15280200,37.34000015,-0.025977537,38.05800018,1.659999847,420131.9892,-1.069999695,46.11600018,Monday,40.35324665
20-04-2021,35.47000122,36.54999924,35.27999878,36.54000092,11144600,36.36999893,-0.024745607,37.07600021,1.270000458,314197.9029,-1.069999695,44.15700016,Tuesday,39.46538385
21-04-2021,38.47999954,38.50999832,34.81000137,35.15999985,21090600,35.47000122,0.084860395,37.09599991,3.699996948,548092.5221,3.319999695,42.49700012,Wednesday,39.28622307
22-04-2021,38.20999908,39.16999817,37.56999969,38.68000031,18289100,38.47999954,-0.007016644,37.17399979,1.599998474,478646.9625,-0.470001221,41.31050014,Thursday,39.09054598
23-04-2021,38.40000153,38.70000076,37.41999817,38.38999939,10102800,38.20999908,0.004972584,37.38600006,1.280002594,263093.7395,0.010002136,40.34300022,Friday,38.96499244
26-04-2021,38.84999847,39.02999878,37.34999847,38.5,10454900,38.40000153,0.01171867,37.88199997,1.680000305,269109.4057,0.349998474,40.19050007,Monday,38.94408445
27-04-2021,39.00999832,39.54999924,38.40000153,38.63000107,7560200,38.84999847,0.0041184,38.58999939,1.149997711,193801.5977,0.379997253,40.07950001,Tuesday,38.95606879
28-04-2021,37.49000168,37.77999878,35.56000137,35.95999908,16863600,39.00999832,-0.038964284,38.39199982,2.219997406,449815.9308,1.530002594,39.78200016,Wednesday,38.68951113
29-04-2021,37.95000076,38.66999817,37.15000153,38.45999908,12812500,37.49000168,0.012269914,38.34000015,1.519996643,337615.2765,-0.509998322,39.50650024,Thursday,38.5550547
30-04-2021,37.65999985,38.79999924,37.52999878,37.95999908,5914100,37.95000076,-0.007641658,38.19199982,1.270000458,157039.2996,-0.299999237,39.22400017,Friday,38.39231745
03-05-2021,36.11999893,37.52999878,35.65000153,37.36000061,13788800,37.65999985,-0.040892218,37.64599991,1.879997253,381749.7344,-1.240001678,38.94800014,Monday,37.97916863
04-05-2021,36.52000046,36.58000183,35.29999924,36.09000015,7026200,36.11999893,0.01107424,37.14800034,1.280002594,192393.2068,0.430000305,38.60500011,Tuesday,37.71386533
05-05-2021,36.65999985,36.88000107,35.95999908,36.47000122,5173500,36.52000046,0.003833499,36.98199997,0.920001984,141121.1135,0.189998627,38.26850014,Wednesday,37.52225342
06-05-2021,36.25,37.38999939,35.83000183,37.08000183,6745700,36.65999985,-0.011183847,36.64199982,1.559997559,186088.2759,-0.830001831,37.98700008,Thursday,37.29093462
07-05-2021,37.56000137,37.72999954,36.09999847,36.47999954,8232000,36.25,0.036137969,36.62200012,1.630001068,219169.3211,1.080001831,37.76500015,Friday,37.33985585
10-05-2021,37.25999832,38.06999969,37.08000183,37.70000076,6194000,37.56000137,-0.007987301,36.85,0.989997864,166237.2592,-0.440002441,37.60900002,Monday,37.3253363
11-05-2021,36.77999878,37.34999847,35.97000122,36.29000092,5517100,37.25999832,-0.012882436,36.90199966,1.379997253,150002.7238,0.489997864,37.4289999,Tuesday,37.22618402
12-05-2021,35.75999832,37.40999985,35.68999863,36.77000046,5041000,36.77999878,-0.027732477,36.72199936,1.720001221,140967.5681,-1.010002136,37.29799976,Wednesday,36.9596048
13-05-2021,35.22999954,36.83000183,34.63999939,35.88000107,8194100,35.75999832,-0.014820996,36.51799927,2.190002441,232588.7058,-0.650001526,37.16849976,Thursday,36.64513112
14-05-2021,35.65000153,36.04000092,35.02000046,35.61000061,4717500,35.22999954,0.011921714,36.1359993,1.020000458,132328.1851,0.040000916,37.08399982,Friday,36.46419847
17-05-2021,33.84999847,39.70000076,33.43000031,39.24000168,89513200,35.65000153,-0.050490967,35.45399933,6.270000458,2644407.8,-5.390003204,36.9579998,Monday,35.98888938
18-05-2021,33.31000137,34.52000046,32.43999863,33.75999832,31351600,33.84999847,-0.015952648,34.75999985,2.080001831,941206.806,-0.449996948,36.84999981,Tuesday,35.50181883
19-05-2021,33.11000061,33.59999847,32.54000092,32.68000031,18898400,33.31000137,-0.006004226,34.23000031,1.059997559,570776.19,0.430000305,36.58149986,Wednesday,35.06694279
20-05-2021,31.85000038,33.50999832,31.75,33.34000015,19397000,33.11000061,-0.038054974,33.55400047,1.759998322,609010.9817,-1.489999771,36.26349993,Thursday,34.48204417
21-05-2021,31.46999931,32.34999847,31.36000061,31.98999977,17539900,31.85000038,-0.01193096,32.71800003,0.989997864,557353.0468,-0.520000458,35.91699982,Friday,33.93439965
24-05-2021,31.28000069,31.81999969,30.61000061,31.31999969,12265900,31.46999931,-0.006037453,32.20400047,1.209999084,392132.3443,-0.039999008,35.53849993,Monday,33.45178166
25-05-2021,30.65999985,31.71999931,30.55999947,31.55999947,10209200,31.28000069,-0.019820998,31.67400017,1.159999847,332981.0845,-0.899999619,35.121,Tuesday,32.94418496
26-05-2021,31.81999969,32.04999924,30.70000076,30.70999908,11316400,30.65999985,0.037834307,31.41599998,1.349998474,355637.967,1.11000061,34.8374999,Wednesday,32.73978764
27-05-2021,32.52000046,32.75999832,31.51000023,31.79999924,9663900,31.81999969,0.021998767,31.55,1.249998093,297167.8925,0.720001221,34.56599989,Thursday,32.69982634
28-05-2021,32.11000061,32.68999863,32.02000046,32.54999924,8168000,32.52000046,-0.012607621,31.67800026,0.669998169,254375.5791,-0.439998627,34.28849993,Friday,32.5925853
01-06-2021,32,32.45000076,31.87999916,32.27999878,7727300,32.11000061,-0.003425743,31.82200012,0.570001602,241478.125,-0.279998779,34.08249998,Tuesday,32.48484251
02-06-2021,32.15000153,32.56999969,31.36000061,32.29000092,8556600,32,0.004687548,32.12000046,1.209999084,266146.1771,-0.13999939,33.86400003,Wednesday,32.42396233
03-06-2021,31.62999916,32.40000153,31.30999947,32.09000015,6681600,32.15000153,-0.016174256,32.08200035,1.09000206,211242.4969,-0.460000992,33.6125,Thursday,32.27960539
04-06-2021,31.54999924,31.89999962,31.17000008,31.75,5115400,31.62999916,-0.002529242,31.88800011,0.729999542,162136.2955,-0.200000763,33.37749996,Friday,32.14694973
07-06-2021,31.23999977,31.97999954,31.15999985,31.67000008,5046400,31.54999924,-0.009825657,31.71399994,0.819999695,161536.4929,-0.430000305,33.06149988,Monday,31.98204974
08-06-2021,30.04000092,31.30999947,29.94000053,31.21999931,12160200,31.23999977,-0.038412256,31.32200012,1.369998932,404800.254,-1.179998398,32.70050001,Tuesday,31.62894995
09-06-2021,30.55999947,31,30.01000023,30.09000015,6625700,30.04000092,0.017310204,31.00399971,0.989999771,216809.5588,0.469999313,32.38950005,Wednesday,31.43459532
10-06-2021,30.13999939,30.85000038,29.96999931,30.67000008,7832700,30.55999947,-0.013743458,30.70599976,0.880001068,259877.2448,-0.530000687,32.1085001,Thursday,31.19921424
11-06-2021,30.79000092,30.80999947,30.23999977,30.39999962,5280100,30.13999939,0.021566076,30.55400009,0.569999695,171487.4908,0.390001297,31.88650017,Friday,31.12481182
14-06-2021,30.81999969,31.47999954,30.65999985,30.95999908,5182600,30.79000092,0.000974303,30.47000008,0.819999695,168157.0425,-0.13999939,31.64500008,Monday,31.06939143
15-06-2021,30.06999969,31.53000069,30.04999924,30.81999969,6912600,30.81999969,-0.024334848,30.47599983,1.48000145,229883.6073,-0.75,31.45600014,Tuesday,30.88768384
16-06-2021,30.45999908,30.59000015,29.54000092,30.02000046,7134200,30.06999969,0.012969717,30.45599976,1.049999237,234215.3715,0.439998627,31.31350002,Wednesday,30.80992298
17-06-2021,29.40999985,30.48999977,29.34000015,30.31999969,7729000,30.45999908,-0.034471414,30.30999985,1.149999619,262801.7695,-0.909999847,31.12849998,Thursday,30.5553915
18-06-2021,29.07999992,29.5,28.88999939,29.26000023,10228800,29.40999985,-0.011220671,29.96799965,0.61000061,351746.906,-0.180000305,30.98999996,Friday,30.28713849
21-06-2021,29.69000053,29.72999954,29.01000023,29.14999962,7984600,29.07999992,0.020976637,29.74199982,0.719999313,268932.2956,0.540000916,30.90100002,Monday,30.17856795
22-06-2021,29.48999977,29.70000076,29.02000046,29.69000053,6575500,29.69000053,-0.0067363,29.62599983,0.680000305,222973.8912,-0.200000763,30.81149998,Tuesday,30.05337373
23-06-2021,29.51000023,30.06999969,29.34000015,29.34000015,9244400,29.48999977,0.000678212,29.43600006,0.729999542,313263.2981,0.170000076,30.754,Wednesday,29.95457855
24-06-2021,30.31999969,30.36000061,29.45999908,29.63999939,6667600,29.51000023,0.027448304,29.61800003,0.900001526,219907.6539,0.680000305,30.679,Thursday,30.02101876
25-06-2021,30.86000061,30.97999954,30.11000061,30.35000038,6852200,30.31999969,0.017810057,29.97400017,0.869998932,222041.4732,0.510000229,30.596,Friday,30.17356091
28-06-2021,30.56999969,31.30999947,30.32999992,30.95999908,5635500,30.86000061,-0.009397308,30.15,0.979999542,184347.4013,-0.38999939,30.51899996,Monday,30.24564069
29-06-2021,30.34000015,30.86000061,30.19000053,30.69000053,3951500,30.56999969,-0.007523701,30.32000008,0.670000076,130240.6058,-0.350000381,30.43599997,Tuesday,30.26279696
30-06-2021,30.68000031,30.79000092,29.94000053,30.40999985,5656500,30.34000015,0.011206333,30.55400009,0.850000381,184370.9239,0.270000458,30.3624999,Wednesday,30.33865211
01-07-2021,31.20000076,31.87999916,30.54999924,30.72999954,7054100,30.68000031,0.016949167,30.73000031,1.329999924,226092.9432,0.470001221,30.34099998,Thursday,30.49526096
02-07-2021,31.13999939,31.67000008,30.79999924,31.03000069,4327900,31.20000076,-0.001923121,30.78600006,0.870000839,138982.0194,0.109998703,30.32049999,Friday,30.61248613
06-07-2021,30.34000015,31.17000008,30.03000069,31.17000008,4471700,31.13999939,-0.025690406,30.74000015,1.13999939,147386.288,-0.829999924,30.27550001,Tuesday,30.56294322
07-07-2021,29.55999947,30.35000038,29.45999908,30.18000031,5171300,30.34000015,-0.025708658,30.58400002,0.890001297,174942.493,-0.620000839,30.25149994,Wednesday,30.38058981
08-07-2021,28.78000069,29.25,28.28000069,29,6978700,29.55999947,-0.026386969,30.20400009,0.969999313,242484.3584,-0.219999313,30.1625,Thursday,30.08957361
09-07-2021,29.29999924,29.47999954,28.87000084,29.20000076,4001800,28.78000069,0.018068052,29.82399979,0.609998703,136580.2083,0.099998474,30.12049999,Friday,29.94601463
12-07-2021,29.64999962,29.71999931,28.86000061,29.22999954,3267300,29.29999924,0.011945406,29.52599983,0.859998703,110195.6169,0.420000076,30.06349993,Monday,29.89219372
13-07-2021,29.10000038,29.72999954,28.95000076,29.43000031,6415800,29.64999962,-0.018549722,29.27799988,0.779998779,220474.2239,-0.329999924,29.97749996,Tuesday,29.74815857
14-07-2021,28.73999977,29.32999992,28.54999924,29.20999908,5500000,29.10000038,-0.012371155,29.11399994,0.780000687,191370.9131,-0.469999313,29.91099997,Wednesday,29.56485697
15-07-2021,28.45999908,29.15999985,28.34000015,28.60000038,5218700,28.73999977,-0.009742543,29.04999962,0.819999695,183369.6475,-0.140001297,29.81099997,Thursday,29.36397372
16-07-2021,28.18000031,29.07999992,28.04999924,28.54000092,6284300,28.45999908,-0.009838327,28.82599983,1.030000687,223005.6754,-0.36000061,29.74949999,Friday,29.14870582
19-07-2021,27.81999969,28.20999908,27.07999992,27.77000046,7095500,28.18000031,-0.012775039,28.45999985,1.129999161,255050.3263,0.049999237,29.68649998,Monday,28.90712289
20-07-2021,28.12999916,28.21999931,27.52000046,27.87999916,3534400,27.81999969,0.011143043,28.2659996,0.699998856,125645.2224,0.25,29.60849991,Tuesday,28.76582767
21-07-2021,28.79000092,29.04999924,28.20999908,28.20999908,4030400,28.12999916,0.023462559,28.27599983,0.840000153,139993.0487,0.580001831,29.57349997,Wednesday,28.7702228
22-07-2021,28.47999954,28.93000031,27.87000084,28.85000038,4515400,28.79000092,-0.010767675,28.27999992,1.059999466,158546.3509,-0.370000839,29.52199993,Thursday,28.71745494
23-07-2021,28.46999931,28.68000031,27.86000061,28.62999916,3030300,28.47999954,-0.000351132,28.33799973,0.819999695,106438.3587,-0.159999847,29.42949991,Friday,28.67246301
26-07-2021,29.34000015,31.39999962,28.35000038,28.43000031,16584200,28.46999931,0.030558513,28.64199982,3.049999237,565241.9875,0.909999847,29.35349989,Monday,28.7938334
27-07-2021,28.82999992,29.57999992,28.75,29.02000046,6553000,29.34000015,-0.017382421,28.78199997,0.829999924,227297.9541,-0.190000534,29.2664999,Tuesday,28.80040913
28-07-2021,29.38999939,29.93000031,27.34000015,28.89999962,15471800,28.82999992,0.019424192,28.90199966,2.590000153,526430.7697,0.489999771,29.21899986,Wednesday,28.90760736
29-07-2021,30.18000031,31,29.31999969,29.39999962,9316000,29.38999939,0.026879923,29.24199982,1.680000305,308681.2427,0.780000687,29.19399986,Thursday,29.13895153
30-07-2021,29.01000023,30.15999985,28.88999939,29.92000008,4100900,30.18000031,-0.038767398,29.35,1.270000458,141361.5983,-0.909999847,29.08449984,Friday,29.11550584
02-08-2021,29.09000015,29.59000015,28.93000031,29.22999954,4114900,29.01000023,0.002757667,29.3,0.659999847,141454.1072,-0.13999939,28.98199987,Monday,29.11086844
03-08-2021,27.87000084,29.28000069,26.85000038,29.18000031,13105300,29.09000015,-0.041938787,29.10800018,2.430000305,470229.6234,-1.309999466,28.85849991,Tuesday,28.88525615
04-08-2021,28.34000015,28.57999992,27.43000031,27.80999947,6219500,27.87000084,0.016863986,28.89800034,1.149999619,219460.1258,0.530000687,28.79749994,Wednesday,28.7861187
05-08-2021,29.20000076,29.39999962,28.28000069,28.43000031,4563400,28.34000015,0.030345822,28.70200043,1.119998932,156280.8178,0.770000458,28.81849995,Thursday,28.86136998
06-08-2021,29.04000092,29.71999931,28.87000084,29.23999977,6595500,29.20000076,-0.005479447,28.70800056,0.849998474,227117.7614,-0.199998856,28.80550003,Friday,28.89384833
09-08-2021,29.22999954,29.30999947,28.77000046,29.03000069,2507300,29.04000092,0.006542652,28.73600044,0.539999008,85778.3113,0.199998856,28.78450003,Monday,28.95496673
10-08-2021,29.44000053,29.5,28.81999969,29.12999916,4487000,29.22999954,0.007184434,29.05000038,0.680000305,152411.682,0.310001373,28.80150003,Tuesday,29.0431547
11-08-2021,29.45000076,29.61000061,29.04999924,29.44000053,2966400,29.44000053,0.000339682,29.2720005,0.560001373,100726.6527,0.010000229,28.83700008,Wednesday,29.11712671
12-08-2021,28.89999962,29.72999954,28.70999908,29.62000084,3949500,29.45000076,-0.01867576,29.21200027,1.020000458,136660.9015,-0.720001221,28.85900011,Thursday,29.07764906
13-08-2021,28.42000008,29.20999908,28.36000061,29.11000061,3278600,28.89999962,-0.016608981,29.08800011,0.849998474,115362.4205,-0.690000534,28.8710001,Friday,28.95807651
16-08-2021,28.34000015,28.72999954,27.79999924,28.26000023,5022200,28.42000008,-0.002814916,28.91000023,0.930000305,177212.4197,0.079999924,28.89700012,Monday,28.84569899
17-08-2021,28.61000061,28.67000008,27.79999924,28,3813000,28.34000015,0.009527186,28.74400024,0.870000839,133275.0758,0.61000061,28.92100019,Tuesday,28.80284474
18-08-2021,28.45000076,29.22999954,28.40999985,28.71999931,4637300,28.61000061,-0.005592445,28.54400024,0.819999695,162998.2382,-0.26999855,28.90400019,Wednesday,28.73869129
19-08-2021,27.73999977,28.43000031,27.69000053,28.40999985,5425000,28.45000076,-0.024956097,28.31200027,0.739999771,195565.9713,-0.670000076,28.8670002,Thursday,28.55711102
20-08-2021,28.06999969,28.12999916,27.37999916,27.65999985,4089300,27.73999977,0.011896176,28.2420002,0.75,145682.2246,0.409999847,28.84700022,Friday,28.46854532
23-08-2021,28.44000053,28.69000053,28.04999924,28.30999947,3286700,28.06999969,0.013181362,28.26200027,0.640001297,115566.1019,0.130001068,28.80200024,Monday,28.46335536
24-08-2021,28.70000076,28.95999908,28.45000076,28.47999954,3403800,28.44000053,0.009142061,28.28000031,0.509998322,118599.3,0.220001221,28.79550028,Tuesday,28.5063818
25-08-2021,28.73999977,29.07999992,28.45000076,28.70999908,2704100,28.70000076,0.001393694,28.33800011,0.629999161,94088.37932,0.030000687,28.7630003,Wednesday,28.54885779
26-08-2021,27.88999939,28.93000031,27.77000046,28.92000008,4019900,28.73999977,-0.029575518,28.36800003,1.159999847,144134.1014,-1.030000687,28.64850025,Thursday,28.42906536
27-08-2021,28.28000069,28.37999916,27.65999985,27.89999962,4009400,27.88999939,0.013983553,28.41000023,0.719999313,141775.1026,0.380001068,28.61200027,Friday,28.40196269
30-08-2021,27.85000038,28.47999954,27.69000053,28.47999954,3084900,28.28000069,-0.015205102,28.2920002,0.789999008,110768.4006,-0.629999161,28.55000029,Monday,28.30160591
31-08-2021,28.84000015,28.96999931,27.79000092,27.79999924,5288900,27.85000038,0.035547568,28.32000008,1.179998398,183387.6551,1.040000916,28.59850025,Tuesday,28.39949577
01-09-2021,28.43000031,28.92000008,28.29000092,28.81999969,3271500,28.84000015,-0.014216361,28.25800018,0.629999161,115072.1057,-0.38999939,28.60300026,Wednesday,28.40504205
02-09-2021,28.94000053,29.04000092,28.37999916,28.52000046,3622900,28.43000031,0.017938805,28.46800041,0.660001755,125186.5906,0.420000076,28.59000025,Thursday,28.50230723
03-09-2021,28.30999947,28.95000076,28.15999985,28.95000076,3655100,28.94000053,-0.021769214,28.47400017,0.790000916,129109.8576,-0.640001297,28.55350018,Friday,28.46734218
07-09-2021,27.95999908,28.73999977,27.93000031,28.30999947,3297000,28.30999947,-0.012363136,28.49599991,0.809999466,117918.4588,-0.350000381,28.49000015,Tuesday,28.37509798
08-09-2021,26.97999954,28.23999977,26.94000053,27.95999908,5693700,27.95999908,-0.035050056,28.12399979,1.299999237,211034.1029,-0.979999542,28.3670001,Wednesday,28.12144372
09-09-2021,26.79000092,27.21999931,26.61000061,26.90999985,4921600,26.97999954,-0.007042203,27.79599991,0.609998703,183710.3334,-0.119998932,28.23400011,Thursday,27.87936321
10-09-2021,26.14999962,26.88999939,26.11000061,26.78000069,6613800,26.79000092,-0.023889559,27.23799973,0.779998779,252917.7857,-0.630001068,28.09650011,Friday,27.56493347
13-09-2021,27.05999947,27.12000084,26.18000031,26.35000038,5440000,26.14999962,0.03479923,26.98799973,0.940000534,201034.7416,0.709999084,28.02850008,Monday,27.47312728
14-09-2021,26.26000023,27.10000038,25.79000092,27.10000038,9715700,27.05999947,-0.029563904,26.64799995,1.309999466,369980.9564,-0.840000153,27.92450008,Tuesday,27.25255873
15-09-2021,26.80999947,27.04999924,26.11000061,26.32999992,7610300,26.26000023,0.020944373,26.61399994,0.939998627,283860.5055,0.479999542,27.83450003,Wednesday,27.17209341
16-09-2021,26.98999977,27.20000076,26.54999924,26.73999977,4933500,26.80999947,0.006713924,26.65399971,0.650001526,182789.9237,0.25,27.76149998,Thursday,27.13898547
17-09-2021,26.87999916,27.40999985,26.77000046,27,7576900,26.98999977,-0.004075606,26.79999962,0.63999939,281878.729,-0.120000839,27.71849995,Friday,27.09189705
20-09-2021,26.01000023,26.44000053,25.54999924,26.42000008,8634500,26.87999916,-0.032366033,26.58999977,0.890001297,331968.4707,-0.409999847,27.61549997,Monday,26.89518854
21-09-2021,25.14999962,26.45000076,24.97999954,26.18000031,8906600,26.01000023,-0.033064229,26.36799965,1.470001221,354139.1704,-1.030000687,27.45099993,Tuesday,26.57788146
22-09-2021,25.44000053,26.12999916,25.36000061,25.37000084,6458000,25.14999962,0.011530852,26.09399986,0.76999855,253852.1959,0.069999695,27.28799992,Wednesday,26.37099402
23-09-2021,25.53000069,26.04999924,25.48999977,25.48999977,4145700,25.44000053,0.003537742,25.80200005,0.559999466,162385.4245,0.040000916,27.12749996,Thursday,26.21808614
24-09-2021,25.29999924,25.68000031,25.20000076,25.52000046,5638600,25.53000069,-0.009009066,25.48600006,0.479999542,222869.5719,-0.220001221,26.99799995,Friday,26.05116125
27-09-2021,26.13999939,26.52000046,25.34000015,25.36000061,5156000,25.29999924,0.033201588,25.51199989,1.180000305,197245.6052,0.779998779,26.89099989,Monday,26.06731364
28-09-2021,25.60000038,26.46999931,25.54999924,26.04999924,3798400,26.13999939,-0.020657958,25.60200005,0.920000076,148374.9978,-0.449998856,26.77849989,Tuesday,25.98234759
29-09-2021,25.42000008,25.87000084,25.37000084,25.69000053,3560400,25.60000038,-0.007031262,25.59799995,0.5,140062.9421,-0.270000458,26.60749989,Wednesday,25.88010259
30-09-2021,25.37999916,25.56999969,24.86000061,25.47999954,5331300,25.42000008,-0.0015736,25.56799965,0.709999084,210059.1086,-0.100000381,26.45499983,Thursday,25.78917469
01-10-2021,25.73999977,26.01000023,25.32999992,25.53000069,3614600,25.37999916,0.014184422,25.65599976,0.680000305,140427.3517,0.209999084,26.29499979,Friday,25.7802338
04-10-2021,25.61000061,25.82999992,25.32999992,25.65999985,6528200,25.73999977,-0.005050472,25.55,0.5,254908.2329,-0.049999237,26.15999985,Monday,25.74928231
05-10-2021,26.14999962,26.37999916,25.40999985,25.67000008,5991600,25.61000061,0.021085474,25.65999985,0.969999313,229124.2863,0.479999542,26.06949987,Tuesday,25.82214
06-10-2021,25.87999916,25.90999985,25.06999969,25.77000046,7529000,26.14999962,-0.010325065,25.75199966,0.840000153,290919.6385,0.109998703,26.01449986,Wednesday,25.83265985
07-10-2021,26.45999908,26.80999947,25.94000053,26.10000038,6745900,25.87999916,0.022411126,25.96799965,0.869998932,254947.0988,0.359998703,25.99799976,Thursday,25.94672153
08-10-2021,25.88999939,26.98999977,25.86000061,26.65999985,3591500,26.45999908,-0.021541939,25.99799957,1.129999161,138721.5174,-0.770000458,25.98499975,Friday,25.93640841
11-10-2021,25.17000008,26.10000038,25.17000008,26.02000046,4413000,25.88999939,-0.027809939,25.90999947,0.930000305,175327.7706,-0.850000381,25.89049978,Monday,25.79706144
12-10-2021,24.57999992,25.46999931,24.47999954,25.18000031,7419100,25.17000008,-0.02344061,25.59599953,0.989999771,301834.826,-0.600000381,25.80649977,Tuesday,25.57577753
13-10-2021,25.5,25.54000092,24.67000008,24.81999969,7149100,24.57999992,0.037428807,25.51999969,0.870000839,280356.8627,0.680000305,25.74099979,Wednesday,25.5619998
14-10-2021,25.26000023,25.73999977,25.11000061,25.54999924,4031000,25.5,-0.009411756,25.27999992,0.629999161,159580.3628,-0.289999008,25.65449982,Thursday,25.50709078
15-10-2021,24.82999992,25.60000038,24.77000046,25.47999954,5419800,25.26000023,-0.017022973,25.06800003,0.829999924,218276.2794,-0.649999619,25.55199986,Friday,25.38398336
18-10-2021,24.67000008,25.20999908,24.44000053,24.73999977,5113300,24.82999992,-0.006443812,24.96800003,0.76999855,207267.9361,-0.069999695,25.48499985,Monday,25.25416821
19-10-2021,24.89999962,25.20999908,24.63999939,24.98999977,6306900,24.67000008,0.009323046,25.03199997,0.569999695,253289.1605,-0.090000153,25.47249985,Tuesday,25.18977392
20-10-2021,25.32999992,25.70000076,24.73999977,24.77000046,5875500,24.89999962,0.017269089,24.99799995,0.960000992,231958.1531,0.559999466,25.46699982,Wednesday,25.21526956
21-10-2021,25,25.96999931,24.73999977,25.37000084,6041000,25.32999992,-0.013028027,24.94599991,1.229999542,241640,-0.370000839,25.44049978,Thursday,25.17612964
22-10-2021,25.10000038,25.27000046,24.75,25.07999992,3904200,25,0.004000015,25,0.520000458,155545.8144,0.020000458,25.43049984,Friday,25.16228796
25-10-2021,25.29000092,25.55999947,25.03000069,25.10000038,5062400,25.10000038,0.007569742,25.12400017,0.529998779,200173.9746,0.190000534,25.38799992,Monday,25.18550849
26-10-2021,24.63999939,25.54000092,24.54000092,25.5,5858200,25.29000092,-0.025701918,25.07200012,1,237751.6293,-0.86000061,25.33999987,Tuesday,25.08632502
27-10-2021,23.60000038,24.76000023,23.59000015,24.73999977,7348600,24.63999939,-0.042207753,24.72600021,1.170000076,311381.3509,-1.13999939,25.24899988,Wednesday,24.81608418
28-10-2021,24.30999947,24.34000015,23.52000046,23.56999969,4666000,23.60000038,0.030084706,24.58800011,0.819999695,191937.4785,0.739999771,25.1954999,Thursday,24.72406878
29-10-2021,23.44000053,24.25,23.39999962,24.14999962,5842700,24.30999947,-0.035787699,24.25600014,0.850000381,249261.9397,-0.709999084,25.08049994,Friday,24.49060182
01-11-2021,24.42000008,24.70000076,23.55999947,23.70000076,6912200,23.44000053,0.041808853,24.08199997,1.140001297,283054.8722,0.719999313,25.02099991,Monday,24.47776514
02-11-2021,24.54999924,24.79999924,23.85000038,24.42000008,10507900,24.42000008,0.005323471,24.06399994,0.949998856,428020.3799,0.129999161,24.94099989,Tuesday,24.49089861
03-11-2021,25.60000038,25.78000069,23.76000023,24.39999962,11278200,24.54999924,0.042769905,24.46399994,2.020000458,440554.6809,1.200000763,24.92699995,Wednesday,24.69255348
04-11-2021,25.45999908,25.84000015,24.96999931,25.65999985,6681200,25.60000038,-0.005468801,24.69399986,0.870000839,262419.491,-0.200000763,24.87699995,Thursday,24.83208904
05-11-2021,26.52000046,26.60000038,25.40999985,25.63999939,6209500,25.45999908,0.041633991,25.30999985,1.190000534,234144.0382,0.880001068,24.9085,Friday,25.13898203
08-11-2021,26.28000069,26.98999977,26.20999908,26.82999992,6800700,26.52000046,-0.009049765,25.68199997,0.780000687,258778.5321,-0.549999237,24.96400003,Monday,25.34643997
09-11-2021,26.64999962,26.78000069,25.97999954,26.5,4307400,26.28000069,0.014079107,26.10200005,0.800001144,161628.5201,0.149999619,25.06750002,Tuesday,25.58345081
10-11-2021,27.36000061,28.05999947,26.52000046,26.64999962,7760200,26.64999962,0.026641689,26.45400009,1.539999008,283633.0346,0.710000992,25.16050005,Wednesday,25.90645987
11-11-2021,28.22999954,28.97999954,26.75,27.15999985,12304500,27.36000061,0.031798206,27.00800018,2.229999542,435866.107,1.069999695,25.30900002,Thursday,26.32892163
12-11-2021,27.90999985,28.70000076,27.87000084,28.15999985,5414800,28.22999954,-0.011335448,27.28600006,0.829999924,194009.3167,-0.25,25.46300001,Friday,26.61639039
15-11-2021,28.02000046,28.87999916,27.87999916,28,4125300,27.90999985,0.003941262,27.63400002,1,147226.9783,0.020000458,25.63050003,Monday,26.87159222
16-11-2021,27.72999954,28.02000046,27.5,27.98999977,4827700,28.02000046,-0.010349783,27.85,0.520000458,174096.6491,-0.260000229,25.77200003,Tuesday,27.02766628
17-11-2021,27.59000015,27.85000038,27.20999908,27.61000061,4515700,27.72999954,-0.005048662,27.89599991,0.640001297,163671.6192,-0.020000458,25.88500004,Wednesday,27.1299088
18-11-2021,26.85000038,27.60000038,26.51000023,27.55999947,5129300,27.59000015,-0.026821304,27.62000008,1.090000153,191035.379,-0.709999084,25.97750006,Thursday,27.07901636
19-11-2021,25.26000023,26.81999969,24.82999992,26.77000046,11188700,26.85000038,-0.059217882,27.09000015,1.989999771,442941.4053,-1.510000229,25.98550005,Friday,26.74828616
22-11-2021,25.70999908,25.93000031,24.65999985,25.29999924,5607900,25.26000023,0.017814681,26.62799988,1.270000458,218121.3613,0.409999847,26.00649996,Monday,26.55950669
23-11-2021,25.60000038,26.15999985,25.17000008,25.75,6240500,25.70999908,-0.004278441,26.20200005,0.989999771,243769.5276,-0.149999619,26.05450001,Tuesday,26.385051
24-11-2021,25.17000008,25.55999947,25.06999969,25.53000069,3788900,25.60000038,-0.016796887,25.71800003,0.489999771,150532.3794,-0.36000061,26.13299999,Wednesday,26.16413265
26-11-2021,24.71999931,24.81999969,24.13999939,24.45999908,3407000,25.17000008,-0.017878457,25.29199982,0.680000305,137823.6284,0.260000229,26.15349998,Friday,25.90156295
29-11-2021,24.59000015,25.04999924,24.01000023,24.95000076,5147600,24.71999931,-0.005258866,25.1579998,1.039999008,209337.1276,-0.36000061,26.21099997,Monday,25.66309699
30-11-2021,23.27000046,24.34000015,22.67000008,24.29999924,11473700,24.59000015,-0.053680345,24.67000008,1.670000076,493068.3186,-1.029998779,26.15349998,Tuesday,25.22798853
01-12-2021,22.26000023,23.93000031,22.20000076,23.60000038,10507000,23.27000046,-0.043403533,24.00200005,1.729999542,472012.5738,-1.340000153,26.03900003,Wednesday,24.68835429
02-12-2021,23.25,23.38999939,22.30999947,22.44000053,8921100,22.26000023,0.044474383,23.61800003,1.079999924,383703.2258,0.809999466,25.92150002,Thursday,24.42683533
03-12-2021,23.98999977,24.03000069,23.04000092,23.04999924,9162700,23.25,0.031827947,23.47200012,0.989999771,381938.3113,0.940000534,25.84800005,Friday,24.34741068
06-12-2021,24.39999962,24.90999985,23.77000046,24.43000031,6635800,23.98999977,0.017090448,23.43400002,1.13999939,271959.0206,-0.030000687,25.74200001,Monday,24.35697231
07-12-2021,24.21999931,25.27000046,24.15999985,24.77000046,5901100,24.39999962,-0.007377062,23.62399979,1.11000061,243645.7542,-0.550001144,25.63899994,Tuesday,24.33206813
08-12-2021,24.03000069,24.88999939,23.96999931,24.38999939,4948900,24.21999931,-0.0078447,23.97799988,0.920000076,205946.7274,-0.359998703,25.50799999,Wednesday,24.27714677
09-12-2021,23.57999992,23.93000031,23.04999924,23.79999924,7219100,24.03000069,-0.018726623,24.04399986,0.880001068,306153.5209,-0.219999313,25.31899996,Thursday,24.1503928
10-12-2021,23.29000092,23.92000008,23.11000061,23.87999916,4791800,23.57999992,-0.012298516,23.90400009,0.809999466,205744.9468,-0.589998245,25.07200003,Friday,23.99395791
13-12-2021,22.75,23.25,22.56999969,22.98999977,4327600,23.29000092,-0.023185955,23.57400017,0.680000305,190224.1758,-0.239999771,24.81400003,Monday,23.76778375
14-12-2021,22.51000023,23.06999969,22.45000076,22.64999962,8522700,22.75,-0.01054944,23.23200035,0.619998932,378618.388,-0.13999939,24.53850002,Tuesday,23.53909583
15-12-2021,22.56999969,22.67000008,21.65999985,22.40999985,5858900,22.51000023,0.002665458,22.94000015,1.010000229,259587.9521,0.159999847,24.28050003,Wednesday,23.36289654
16-12-2021,23.40999985,23.54999924,22.71999931,22.85000038,6682000,22.56999969,0.037217553,22.90600014,0.829999924,285433.5773,0.559999466,24.07150002,Thursday,23.37146077
17-12-2021,23.28000069,23.61000061,22.59000015,23.5,7107700,23.40999985,-0.005553147,22.90400009,1.020000458,305313.5649,-0.219999313,23.89300003,Friday,23.35483167
20-12-2021,22.88999939,23.32999992,22.45000076,22.86000061,6087300,23.28000069,-0.016752633,22.93199997,0.879999161,265937.0975,0.029998779,23.77449999,Monday,23.27031671
21-12-2021,23.53000069,23.95999908,22.85000038,22.97999954,5283400,22.88999939,0.027959865,23.13600006,1.109998703,224538.88,0.550001144,23.66550007,Tuesday,23.31753198
22-12-2021,23.62999916,24,23.05999947,23.46999931,5086400,23.53000069,0.004249829,23.34799995,0.940000534,215251.8062,0.159999847,23.56700001,Wednesday,23.37434419
23-12-2021,24.42000008,24.63999939,23.71999931,23.78000069,4741900,23.62999916,0.033432118,23.55,0.920000076,194180.9986,0.63999939,23.52950001,Thursday,23.56446344
27-12-2021,24.36000061,24.67000008,23.95999908,24.44000053,3340500,24.42000008,-0.002456981,23.76599998,0.710000992,137130.5384,-0.079999924,23.51150007,Monday,23.70910657
28-12-2021,24.32999992,24.88999939,24.12999916,24.27000046,3572400,24.36000061,-0.001231555,24.05400009,0.760000229,146831.0732,0.059999466,23.49850006,Tuesday,23.82199627
29-12-2021,23.87000084,24.65999985,23.75,24.28000069,4990800,24.32999992,-0.018906662,24.12200012,0.909999847,209082.523,-0.409999847,23.52850008,Wednesday,23.83072437
30-12-2021,24.45000076,24.90999985,23.77000046,23.86000061,6283500,23.87000084,0.024298278,24.28600044,1.13999939,256993.857,0.590000153,23.63800011,Thursday,23.94332008
31-12-2021,23.54000092,24.60000038,23.52000046,24.38999939,6716100,24.45000076,-0.037218807,24.11000061,1.079999924,285305.8513,-0.849998474,23.65250015,Friday,23.86998932
03-01-2022,25.32999992,25.79999924,23.84000015,23.89999962,10231100,23.54000092,0.076040737,24.30400047,1.959999084,403912.3581,1.430000305,23.71950016,Monday,24.13544579
04-01-2022,26.75,27.15999985,25.63999939,25.77000046,12074000,25.32999992,0.056060011,24.78800049,1.520000458,451364.486,0.979999542,23.83700018,Tuesday,24.61081929
05-01-2022,26.45000076,27.96999931,26.37999916,27.12999916,12532200,26.75,-0.011214925,25.30400047,1.590000153,473807.1697,-0.679998398,23.94850025,Wednesday,24.94521592
06-01-2022,25.71999931,26.81999969,25.62000084,26.59000015,7197300,26.45000076,-0.027599298,25.55800018,1.199998856,279832.8224,-0.870000839,24.03300018,Thursday,25.08608563
07-01-2022,30.05999947,31.18000031,27.26000023,27.64999962,42891900,25.71999931,0.16874029,26.86199989,3.920000076,1426876.273,2.409999847,24.35700016,Friday,25.9904336
10-01-2022,28.59000015,30.38999939,28.27000046,30.17000008,12117000,30.05999947,-0.048902174,27.51399994,2.119998932,423819.5151,-1.579999924,24.62200012,Monday,26.46308206
11-01-2022,28.68000031,29.29999924,28.03000069,28.89999962,7014100,28.59000015,0.003147959,27.9,1.26999855,244564.1536,-0.219999313,24.91850014,Tuesday,26.86615811
12-01-2022,28.79000092,29.21999931,28.28000069,28.5,5045200,28.68000031,0.003835447,28.36800003,0.939998627,175241.3977,0.290000916,25.23250017,Wednesday,27.21594771
13-01-2022,29.34000015,30.02000046,28.44000053,28.86000061,9016100,28.79000092,0.019103828,29.0920002,1.579999924,307297.2036,0.479999542,25.57100019,Thursday,27.60213906
14-01-2022,31.18000031,31.28000069,28.94000053,28.94000053,12183400,29.34000015,0.062713025,29.31600037,2.340000153,390744.0629,2.239999771,25.95950022,Friday,28.25265929
18-01-2022,29.63999939,31.54999924,29.37000084,30.95000076,8682800,31.18000031,-0.049390664,29.52600021,2.179998398,292941.9763,-1.310001373,26.27750015,Tuesday,28.50490294
19-01-2022,28.57999992,30.06999969,28.28000069,29.87999916,7234000,29.63999939,-0.035762466,29.50600014,1.789999008,253114.0665,-1.299999237,26.56200018,Wednesday,28.51855694
20-01-2022,27.48999977,29.05999947,27.29000092,28.87000084,10880800,28.57999992,-0.038138564,29.24599991,1.76999855,395809.3885,-1.380001068,26.76000013,Thursday,28.33154654
21-01-2022,26.19000053,27.12999916,25.94000053,26.82999992,10403800,27.48999977,-0.047289896,28.61599998,1.189998627,397243.2145,-0.63999939,26.8880002,Friday,27.94217454
24-01-2022,26.87999916,26.95000076,25.21999931,25.27000046,9189500,26.19000053,0.026345881,27.75599976,1.73000145,341871.2904,1.609998703,27.01100016,Monday,27.74905175
25-01-2022,26.86000061,27.09000015,25.84000015,26.37000084,6800700,26.87999916,-0.000743994,27.2,1.25,253190.6123,0.489999771,27.13600016,Tuesday,27.58740609
26-01-2022,24.39999962,27.39999962,24.18000031,27.04999924,18137100,26.86000061,-0.091586036,26.36399994,3.219999313,743323.7821,-2.649999619,27.13950014,Wednesday,27.00787764
27-01-2022,25.23999977,25.29999924,24.38999939,24.76000023,10093900,24.39999962,0.034426236,25.91399994,0.909999847,399916.8024,0.479999542,27.20800009,Thursday,26.6864453
28-01-2022,27.14999962,27.15999985,24.89999962,25.05999947,9601400,25.23999977,0.075673529,26.10599976,2.260000229,353642.7306,2.090000153,27.34300003,Friday,26.7707279
31-01-2022,27.90999985,28.43000031,26.15999985,27.12000084,7309200,27.14999962,0.027992642,26.31199989,2.270000458,261884.6306,0.789999008,27.56149998,Monday,26.97786826
01-02-2022,27.17000008,28.94000053,25.89999962,25.98999977,25754500,27.90999985,-0.026513786,26.37399979,3.040000916,947902.0952,1.180000305,27.65349998,Tuesday,27.01280131
02-02-2022,27.69000053,28.37000084,26.37999916,27.04999924,11157700,27.17000008,0.019138773,27.03199997,1.990001678,402950.5159,0.640001297,27.70050001,Wednesday,27.13592844
03-02-2022,28.93000031,29.35000038,27.31999969,27.43000031,12439100,27.69000053,0.0447815,27.77000008,2.030000687,429972.3425,1.5,27.82449999,Thursday,27.46212333
04-02-2022,28.89999962,29.43000031,28.26000023,29.02000046,6722900,28.93000031,-0.00103701,28.12000008,1.170000076,232626.3006,-0.120000839,27.9835,Friday,27.72355538
07-02-2022,28.34000015,29.36000061,28.23999977,29.06999969,6619500,28.89999962,-0.019377144,28.20600014,1.120000839,233574.4518,-0.729999542,27.89750004,Monday,27.83563625
08-02-2022,28.20999908,28.89999962,28.04000092,28.45000076,5391800,28.34000015,-0.004587194,28.41399994,0.859998703,191130.8109,-0.240001678,27.87849998,Tuesday,27.90370222
09-02-2022,29.84000015,30.05999947,27.95999908,28.48999977,10942000,28.20999908,0.057780968,28.84399986,2.100000381,366689.0062,1.350000381,27.93649998,Wednesday,28.25575639
10-02-2022,30.09000015,31.12000084,29.56999969,29.84000015,7517500,29.84000015,0.008378016,29.07599983,1.550001144,249833.8306,0.25,28.00149994,Thursday,28.58925525
11-02-2022,29.56999969,30.64999962,29.44000053,30.01000023,6591400,30.09000015,-0.017281504,29.20999985,1.209999084,222908.3554,-0.440000534,28.01299992,Friday,28.76757243
14-02-2022,29.42000008,30.26000023,29.35000038,29.60000038,4115800,29.56999969,-0.005072696,29.42599983,0.909999847,139898.0282,-0.180000305,27.9249999,Monday,28.88619563
15-02-2022,30.51000023,30.56999969,29.44000053,29.85000038,4068300,29.42000008,0.037049631,29.88600006,1.129999161,133343.1652,0.659999847,27.96849995,Tuesday,29.18143283
16-02-2022,29.37999916,29.65999985,28.12000084,29.54000092,13121600,30.51000023,-0.037037072,29.79399986,1.539999008,446616.7588,-0.160001755,28.00849991,Wednesday,29.2175358
17-02-2022,29.87000084,30.11000061,28.82999992,28.93000031,7169100,29.37999916,0.01667807,29.75,1.280000687,240010.0368,0.940000534,28.12749996,Thursday,29.33616581
18-02-2022,29.86000061,30.73999977,29.60000038,29.90999985,6931900,29.87000084,-0.000334792,29.80800018,1.13999939,232146.6798,-0.049999237,28.31099997,Friday,29.4314085
22-02-2022,28.28000069,30.20999908,28.09000015,29.51000023,10721300,29.86000061,-0.052913593,29.58000031,2.119998932,379112.4378,-1.229999542,28.38100004,Tuesday,29.22206162
23-02-2022,28.20999908,29.25,28.06999969,28.34000015,8400500,28.28000069,-0.002475304,29.12000008,1.180000305,297784.4833,-0.130001068,28.44849997,Wednesday,29.03805025
24-02-2022,27.72999954,27.79999924,25.34000015,26.25,16236900,28.20999908,-0.017015227,28.79000015,2.459999084,585535.5308,1.479999542,28.61499996,Thursday,28.80022285
25-02-2022,28.23999977,28.87999916,26.61000061,27.64999962,9585400,27.72999954,0.018391642,28.46399994,2.26999855,339426.3484,0.590000153,28.76499996,Friday,28.69836411
28-02-2022,28.04999924,28.53000069,27.32999992,27.48999977,8296400,28.23999977,-0.006728064,28.10199966,1.200000763,295771.8441,0.559999466,28.80999994,Monday,28.58047959
01-03-2022,28.11000061,28.46999931,27.22999954,28.09000015,7663000,28.04999924,0.002139086,28.06799965,1.239999771,272607.607,0.020000458,28.81999998,Tuesday,28.49493796
02-03-2022,29.23999977,29.60000038,28.12000084,28.12000084,7679600,28.11000061,0.040199187,28.27399979,1.479999542,262640.2209,1.119998932,28.92349997,Wednesday,28.63040374
03-03-2022,28.68000031,29.62000084,27.96999931,29.27000046,6199300,29.23999977,-0.019151829,28.46399994,1.650001526,216154.1121,-0.590000153,28.97299995,Thursday,28.6394213
04-03-2022,26.88999939,28.54000092,26.5,28.52000046,12200000,28.68000031,-0.062412862,28.19399986,2.040000916,453700.2706,-1.630001068,28.87099991,Friday,28.32134459
07-03-2022,25.54999924,26.94000053,25.48999977,26.61000061,10290200,26.88999939,-0.049832658,27.69399986,1.450000763,402747.5658,-1.060001373,28.70349989,Monday,27.81746361
08-03-2022,25.27000046,26.21999931,25.15999985,25.69000053,9388100,25.54999924,-0.010958857,27.12599983,1.059999466,371511.6672,-0.420000076,28.5499999,Tuesday,27.35428849
09-03-2022,25.37000084,26.60000038,25.32999992,26,5845500,25.27000046,0.003957277,26.35200005,1.270000458,230409.9254,-0.629999161,28.40799999,Wednesday,26.99350892
10-03-2022,25.07999992,25.44000053,24.46999931,25.18000031,9331900,25.37000084,-0.01143086,25.63199997,0.970001221,372085.3281,-0.100000381,28.16999998,Thursday,26.64559819
11-03-2022,23.98999977,25.51000023,23.93000031,25.36000061,11207100,25.07999992,-0.043460931,25.05200005,1.579999924,467157.1533,-1.370000839,27.86499996,Friday,26.16276212
14-03-2022,23.87999916,24.95999908,23.70000076,24,10106400,23.98999977,-0.004585269,24.71800003,1.259998322,423216.0953,-0.120000839,27.58049994,Monday,25.74771431
15-03-2022,25.02000046,25.34000015,23.90999985,24.12000084,7460900,23.87999916,0.047738749,24.66800003,1.430000305,298197.4366,0.899999619,27.36049995,Tuesday,25.6154027
16-03-2022,25.63999939,26.07999992,25.07999992,25.45999908,6529200,25.02000046,0.024780133,24.72199974,1,254648.992,0.180000305,27.11699991,Wednesday,25.61987482
17-03-2022,25.70999908,25.71999931,25.01000023,25.34000015,4472000,25.63999939,0.002730097,24.84799957,0.709999084,173940.1073,0.369998932,26.93349991,Thursday,25.63626105
18-03-2022,26.26000023,26.35000038,25.35000038,25.54000092,6938000,25.70999908,0.0213925,25.30199966,1,264204.1104,0.719999313,26.75299988,Friday,25.74966818
21-03-2022,26.14999962,26.89999962,25.77000046,26.15999985,4775900,26.26000023,-0.004188904,25.75599976,1.129999161,182634.8019,-0.010000229,26.56749983,Monday,25.82245571
22-03-2022,26.87000084,27.19000053,26.22999954,26.37000084,5166500,26.14999962,0.027533508,26.12599983,0.960000992,192277.627,0.5,26.49699984,Tuesday,26.01291846
23-03-2022,26.62000084,27.65999985,26.55999947,26.67000008,4822700,26.87000084,-0.009304056,26.32200012,1.100000381,181168.2888,-0.049999237,26.41749992,Wednesday,26.12329708
24-03-2022,27.12000084,27.17000008,26.47999954,26.61000061,5121400,26.62000084,0.018782869,26.60400047,0.690000534,188842.177,0.510000229,26.38699999,Thursday,26.30451594
25-03-2022,27.35000038,27.62999916,26.95000076,27.12000084,3533200,27.12000084,0.008480809,26.8220005,0.679998398,129184.6417,0.229999542,26.34250002,Friday,26.49460402
28-03-2022,25.57999992,27.35000038,25.12999916,27.31999969,11002900,27.35000038,-0.064716652,26.70800056,2.220001221,430136.8269,-1.739999771,26.21900005,Monday,26.32831237
29-03-2022,26.25,26.42000008,25.56999969,25.94000053,5306800,25.57999992,0.026192341,26.5840004,0.850000381,202163.8095,0.309999466,26.12600002,Tuesday,26.31407376
30-03-2022,25.70000076,26.68000031,25.63999939,26.04000092,4790500,26.25,-0.020952352,26.40000038,1.040000916,186400.7727,-0.340000153,25.94900007,Wednesday,26.20242412
31-03-2022,24.92000008,25.62000084,24.85000038,25.56999969,8586500,25.70000076,-0.03035022,25.96000023,0.770000458,344562.5993,-0.649999619,25.76100006,Thursday,25.96925611
01-04-2022,25.02000046,25.32999992,24.37000084,25.15999985,7750900,24.92000008,0.004012856,25.49400024,0.959999084,309788.1638,-0.13999939,25.66750011,Friday,25.79666418
04-04-2022,25.79999924,26,24.37000084,25.15999985,8399900,25.02000046,0.031175011,25.53800011,1.629999161,325577.529,0.63999939,25.68000011,Monday,25.79727055
05-04-2022,24.42000008,26.01000023,24.22999954,25.51000023,11423000,25.79999924,-0.053488341,25.17200012,1.780000687,467772.3163,-1.090000153,25.6375001,Tuesday,25.54685774
06-04-2022,23.92000008,24.38999939,23.34000015,24.38999939,10965600,24.42000008,-0.02047502,24.81599998,1.049999237,458428.0922,-0.469999313,25.56500006,Wednesday,25.25106543
07-04-2022,23.06999969,24.04000092,22.5,23.96999931,16798600,23.92000008,-0.035535133,24.44599991,1.540000916,728157.7903,-0.899999619,25.46450005,Thursday,24.85450803
08-04-2022,24.43000031,24.52000046,22.78000069,23.06999969,22358900,23.06999969,0.058951046,24.32799988,1.739999771,915223.0749,1.36000061,25.48650007,Friday,24.77732481
11-04-2022,24.78000069,26.26000023,23.5,24.07999992,70016200,24.43000031,0.014326663,24.12400017,2.760000229,2825512.432,0.700000763,25.53150015,Monday,24.77781133
12-04-2022,24.68000031,25.32999992,23.75,24.37000084,40974800,24.78000069,-0.004035528,24.17600021,1.579999924,1660243.091,0.309999466,25.51450014,Tuesday,24.76002751
13-04-2022,26,27.5,24.20999908,24.67000008,65233900,24.68000031,0.05348459,24.5920002,3.290000916,2508996.154,1.329999924,25.53250017,Wednesday,24.98547705
14-04-2022,24.87999916,26.57999992,24.76000023,25.88999939,37861600,26,-0.043076955,24.95400009,1.819999695,1521768.54,-1.010000229,25.49100018,Thursday,24.96629925
18-04-2022,24.15999985,24.79999924,23.52000046,24.53000069,29145500,24.87999916,-0.02893888,24.9,1.279998779,1206353.484,-0.370000839,25.38600016,Monday,24.81969936
19-04-2022,24.48999977,24.68000031,23.5,23.65999985,32055100,24.15999985,0.013658937,24.84199982,1.180000305,1308905.688,0.829999924,25.30300016,Tuesday,24.75975398
20-04-2022,23.01000023,23.55999947,22.70000076,23.48999977,41515900,24.48999977,-0.060432812,24.5079998,0.859998703,1804254.654,-0.479999542,25.11000013,Wednesday,24.44161694
21-04-2022,21.45000076,23.22999954,20.92000008,22.64999962,50753200,23.01000023,-0.067796586,23.59799995,2.309999466,2366116.466,-1.199998856,24.85150013,Thursday,23.89768672
22-04-2022,20.56999969,21.90999985,20.37000084,21,23510100,21.45000076,-0.041025689,22.73600006,1.539999008,1142931.471,-0.430000305,24.52400007,Friday,23.29265272
25-04-2022,21.5,21.94000053,19.95000076,20.05999947,35852700,20.56999969,0.045211489,22.20400009,1.989999771,1667567.442,1.440000534,24.23150005,Monday,22.96671586
26-04-2022,19.82999992,20.95999908,19.62999916,19.93000031,33742500,21.5,-0.077674422,21.27200012,1.329999924,1701588.509,-0.100000381,23.94400005,Tuesday,22.39640387
27-04-2022,18.82999992,19.95000076,18.20000076,19.86000061,33842400,19.82999992,-0.050428644,20.43600006,1.75,1797259.699,-1.030000687,23.57300005,Wednesday,21.74796679
28-04-2022,18.35000038,19.42000008,17.88999939,19.02000046,23049800,18.82999992,-0.025491213,19.81599998,1.530000687,1256119.865,-0.670000076,23.20550003,Thursday,21.13015472
29-04-2022,18.14999962,19.20000076,18.09000015,18.36000061,22966600,18.35000038,-0.010899224,19.33199997,1.11000061,1265377.437,-0.210000992,22.86700001,Friday,20.58830833
02-05-2022,19.25,19.45000076,18.04999924,18.14999962,26110500,18.14999962,0.060606083,18.88199997,1.400001526,1356389.61,1.100000381,22.57849998,Monday,20.34497955
03-05-2022,19.27000046,19.68000031,18.68000031,18.97999954,19475900,19.25,0.001038985,18.77000008,1,1010684.979,0.290000916,22.25200005,Tuesday,20.1495288
04-05-2022,19.65999985,19.79999924,18.80999947,19.37000084,17002200,19.27000046,0.020238681,18.93600006,0.989999771,864811.8073,0.289999008,22.01400003,Wednesday,20.06052354
05-05-2022,18.87999916,20.07999992,18.5,19.38999939,21442000,19.65999985,-0.039674501,19.04199982,1.579999924,1135699.203,-0.510000229,21.76199999,Thursday,19.84588274
06-05-2022,17.75,18.70999908,17.54999924,18.54999924,22653600,18.87999916,-0.059851653,18.96199989,1.159999847,1276259.155,-0.799999237,21.496,Friday,19.46481315
09-05-2022,17.10000038,17.84000015,16.86000061,17.29000092,20143700,17.75,-0.036619697,18.53199997,0.979999542,1177994.126,-0.190000534,21.12950001,Monday,19.03484719
10-05-2022,17.35000038,17.96999931,17.10000038,17.32999992,18456500,17.10000038,0.014619883,18.14799995,0.869998932,1063775.193,0.020000458,20.75799999,Tuesday,18.72851141
11-05-2022,16.62000084,17.84000015,16.59000015,17.23999977,17838900,17.35000038,-0.042074901,17.54000015,1.25,1073339.296,-0.619998932,20.35500002,Wednesday,18.34514585
12-05-2022,17.11000061,17.73999977,16.51000023,16.51000023,22105700,16.62000084,0.029482536,17.18600044,1.229999542,1291975.407,0.600000381,19.91050005,Thursday,18.12057399
13-05-2022,18.10000038,18.25,17.17000008,17.18000031,15288600,17.11000061,0.057860885,17.25600052,1.079999924,844674.0153,0.920000076,19.57150011,Friday,18.11683333
16-05-2022,17.20999908,18.5,17.13999939,17.92000008,16687000,18.10000038,-0.049171341,17.27800026,1.36000061,969610.743,-0.710000992,19.22400007,Monday,17.95195438
17-05-2022,18.36000061,18.36000061,17.57999992,17.69000053,20024600,17.20999908,0.066821708,17.48000031,0.780000687,1090664.452,0.670000076,18.91750011,Tuesday,18.0261446
18-05-2022,17.45999908,18.36000061,17.26000023,18.03000069,19495900,18.36000061,-0.049019689,17.64799995,1.100000381,1116603.724,-0.570001602,18.64000006,Wednesday,17.92320905
19-05-2022,17.5,17.87000084,17.27000046,17.35000038,16972400,17.45999908,0.002291003,17.72599983,0.600000381,969851.4286,0.149999619,18.44250002,Thursday,17.84626195
20-05-2022,17.73999977,18.02000046,17.14999962,17.75,19152600,17.5,0.013714273,17.65399971,0.870000839,1079627.973,-0.010000229,18.30100002,Friday,17.82694156
23-05-2022,18.29000092,18.37999916,17.45000076,18,17869600,17.73999977,0.031003447,17.87000008,0.929998398,977014.7133,0.290000916,18.14050007,Monday,17.91113417
24-05-2022,16.86000061,17.88999939,16.72999954,17.84000015,23189600,18.29000092,-0.078184813,17.57000008,1.159999847,1375421.065,-0.979999542,17.9920001,Tuesday,17.72001898
25-05-2022,17.22999954,17.36000061,16.75,16.90999985,18875900,16.86000061,0.021945369,17.52400017,0.61000061,1095525.276,0.319999695,17.91200008,Wednesday,17.63092453
26-05-2022,17.97999954,18.04000092,17.23999977,17.36000061,14440200,17.22999954,0.04352873,17.62000008,0.800001144,803125.7157,0.619998932,17.89350004,Thursday,17.69439272
27-05-2022,18.76000023,18.76000023,18,18.01000023,16213300,17.97999954,0.043381574,17.82400017,0.760000229,864248.3903,0.75,17.92400007,Friday,17.88813954
31-05-2022,18.45000076,18.70000076,18.01000023,18.55999947,33259600,18.76000023,-0.016524492,17.85600014,0.690000534,1802688.272,-0.109998703,17.88400011,Tuesday,17.99029612
01-06-2022,17.65999985,18.73999977,17.51000023,18.48999977,15623600,18.45000076,-0.042818476,18.01599998,1.229999542,884688.5694,-0.829999924,17.80350008,Wednesday,17.93024226
02-06-2022,18,18.05999947,17.35000038,17.46999931,13592700,17.65999985,0.019252557,18.17000008,0.709999084,755150,0.530000687,17.72050009,Thursday,17.94292548
03-06-2022,17.5,17.89999962,17.18000031,17.81999969,14604800,18,-0.027777778,18.07400017,0.719999313,834560,-0.319999695,17.65150013,Friday,17.86239358
06-06-2022,16.85000038,17.87000084,16.82999992,17.81999969,21860700,17.5,-0.037142835,17.6920002,1.040000916,1297370.891,-0.969999313,17.60650015,Monday,17.67832209
07-06-2022,17.17000008,17.17000008,16.32999992,16.55999947,19171700,16.85000038,0.018991079,17.43600006,0.840000153,1116581.241,0.61000061,17.61000013,Tuesday,17.5858999
08-06-2022,16.67000008,17.31999969,16.62000084,17.03000069,16512100,17.17000008,-0.029120559,17.23800011,0.699998856,990527.8899,-0.36000061,17.57600012,Wednesday,17.41937266
09-06-2022,15.63000011,16.55999947,15.60999966,16.5,22961500,16.67000008,-0.06238752,16.76400013,0.949999809,1469065.888,-0.869999886,17.52650008,Thursday,17.0940322
10-06-2022,14.85999966,15.39999962,14.81999969,15.36999989,25435900,15.63000011,-0.049264264,16.23600006,0.579999924,1711702.597,-0.510000229,17.41400003,Friday,16.68784446
13-06-2022,14.02999973,14.47999954,13.72000027,14.43999958,28812800,14.85999966,-0.055854639,15.67199993,0.759999275,2053656.49,-0.409999847,17.2105,Monday,16.20459997
14-06-2022,13.97999954,14.28999996,13.56999969,14.17000008,22936600,14.02999973,-0.003563806,15.03399982,0.720000267,1640672.443,-0.190000534,17.04900002,Tuesday,15.80012716
15-06-2022,14.85000038,15.13000011,14.05000019,14.09000015,23100500,13.97999954,0.062231822,14.66999989,1.079999924,1555589.186,0.760000229,16.87350001,Wednesday,15.62737684
16-06-2022,13.64999962,14.47999954,13.30000019,14.32999992,26389800,14.85000038,-0.08080813,14.27399979,1.179999352,1933318.735,-0.680000305,16.68300004,Thursday,15.26785371
17-06-2022,14.22000027,14.5,13.5,13.94999981,36064400,13.64999962,0.04175829,14.14599991,1,2536174.355,0.270000458,16.51900005,Friday,15.0773349
21-06-2022,14.03999996,14.68000031,13.93000031,14.56000042,19574300,14.22000027,-0.012658249,14.14799995,0.75,1394180.915,-0.520000458,16.33400006,Tuesday,14.88872855
22-06-2022,13.97000027,14.30000019,13.76000023,13.76000023,14646300,14.03999996,-0.004985733,14.1460001,0.539999962,1048410.86,0.210000038,16.11800003,Wednesday,14.72168704
23-06-2022,14.11999989,14.18999958,13.75,14.17000008,14425000,13.97000027,0.010737267,14,0.43999958,1021600.575,-0.050000191,15.98099999,Thursday,14.61228938
24-06-2022,14.27999973,14.60999966,14.19999981,14.25,49763900,14.11999989,0.011331434,14.12600002,0.409999847,3484867.012,0.029999733,15.8335,Friday,14.55187308
27-06-2022,14.07999992,14.43999958,13.88000011,14.38000011,19434600,14.27999973,-0.014005589,14.09799995,0.559999466,1380298.303,-0.300000191,15.63850002,Monday,14.46607796
28-06-2022,13.65999985,14.68000031,13.56999969,14.10999966,24493300,14.07999992,-0.029829551,14.02199993,1.11000061,1793067.37,-0.449999809,15.3835,Tuesday,14.3195183
29-06-2022,13.17000008,13.67000008,12.90999985,13.64000034,29669000,13.65999985,-0.03587114,13.86199989,0.760000229,2252771.437,-0.470000267,15.11949997,Wednesday,14.11051499
30-06-2022,13.42000008,13.67000008,12.77000046,13.11999989,25815700,13.17000008,0.018982536,13.72199993,0.899999619,1923673.611,0.300000191,14.90749998,Thursday,13.98496682
01-07-2022,14.25,14.30000019,13.26000023,13.30000019,23453600,13.42000008,0.061847982,13.71599998,1.039999962,1645866.667,0.949999809,14.71999998,Friday,14.03315467
05-07-2022,14.43999958,14.48999977,13.47999954,13.94999981,20355800,14.25,0.013333304,13.78799992,1.010000229,1409681.481,0.489999771,14.56699996,Tuesday,14.10712647
06-07-2022,14.27000046,14.64000034,14.11999989,14.43000031,20632500,14.43999958,-0.011772793,13.91000004,0.520000458,1445865.406,-0.159999847,14.43799996,Wednesday,14.13673993
07-07-2022,14.52000046,14.69999981,14.19999981,14.31000042,15169500,14.27000046,0.017519271,14.18000011,0.5,1044731.372,0.210000038,14.30549998,Thursday,14.20642366
08-07-2022,13.98999977,14.51000023,13.97000027,14.31999969,16060100,14.52000046,-0.036501424,14.29400005,0.539999962,1147969.997,-0.329999924,14.17149997,Friday,14.16707386
11-07-2022,13.65999985,13.92000008,13.55000019,13.80000019,15863400,13.98999977,-0.023588272,14.17600002,0.369999886,1161303.088,-0.140000343,14.07299995,Monday,14.07487859
12-07-2022,13.94999981,14.09000015,13.55000019,13.55000019,12235700,13.65999985,0.021229866,14.07800007,0.539999962,877111.1231,0.399999619,14.02749996,Tuesday,14.05217335
13-07-2022,14.18000031,14.32999992,13.43000031,13.76000023,18002900,13.94999981,0.016487491,14.06000004,0.899999619,1269597.998,0.420000076,14.03499999,Wednesday,14.07541462
14-07-2022,13.63000011,13.92000008,13.43000031,13.82999992,25315500,14.18000031,-0.038787037,13.88199997,0.489999771,1857336.742,-0.199999809,14.01750002,Thursday,13.99443016
15-07-2022,13.96000004,13.98999977,13.60000038,13.81999969,17057900,13.63000011,0.024211293,13.87600002,0.38999939,1221912.604,0.140000343,13.973,Friday,13.98817014
18-07-2022,13.88000011,14.22999954,13.81000042,14.02999973,16229500,13.96000004,-0.005730654,13.92000008,0.419999123,1169272.325,-0.149999619,13.98450003,Monday,13.96850286
19-07-2022,14.25,14.32999992,13.96000004,14,18864600,13.88000011,0.026657052,13.98000011,0.369999886,1323831.579,0.25,13.98600001,Tuesday,14.01968416
20-07-2022,14.43999958,14.59000015,13.93999958,14.28999996,18892300,14.25,0.013333304,14.03199997,0.650000572,1308331.063,0.149999619,14.00599999,Wednesday,14.09610515
21-07-2022,14.51000023,14.52000046,14.14000034,14.32999992,11673800,14.43999958,0.00484769,14.20799999,0.380000114,804534.7909,0.180000305,14.03299999,Thursday,14.1713588
22-07-2022,14.64999962,14.98999977,14.35000038,14.39999962,19650800,14.51000023,0.009648476,14.34599991,0.63999939,1341351.571,0.25,14.05949998,Friday,14.2583844
25-07-2022,14.65999985,14.84000015,14.34000015,14.64999962,17912100,14.64999962,0.000682609,14.50199986,0.5,1221834.938,0.010000229,14.07849998,Monday,14.33140539
26-07-2022,14.43000031,14.64999962,14.30000019,14.59000015,12215500,14.65999985,-0.015688918,14.53799992,0.349999428,846534.9786,-0.159999847,14.096,Tuesday,14.34933174
27-07-2022,15.14999962,15.27999973,14.48999977,14.56000042,18763700,14.43000031,0.049896001,14.67999992,0.789999962,1238528.084,0.589999199,14.17049999,Wednesday,14.49490772
28-07-2022,15.59000015,15.64000034,14.81000042,15,18480400,15.14999962,0.02904294,14.89599991,0.829999924,1185400.886,0.590000153,14.2915,Thursday,14.69401543
29-07-2022,15,15.39999962,14.72000027,15.35000038,25702300,15.59000015,-0.037844782,14.96599998,0.679999352,1713486.667,-0.350000381,14.37049999,Friday,14.74964899
01-08-2022,15.39999962,15.73999977,14.80000019,15.01000023,22244200,15,0.026666641,15.11399994,0.93999958,1444428.607,0.38999939,14.42799997,Monday,14.86789456
02-08-2022,16,16.45999908,15.30000019,15.43000031,22877300,15.39999962,0.038961065,15.42799988,1.159998894,1429831.25,0.569999695,14.50599999,Tuesday,15.07373191
03-08-2022,16.70999908,16.85000038,15.98999977,16.19000053,21595800,16,0.044374943,15.73999977,0.86000061,1292387.863,0.51999855,14.62799993,Wednesday,15.37123503
04-08-2022,17.47999954,17.64999962,16.51000023,16.51000023,34395500,16.70999908,0.046080221,16.11799965,1.13999939,1967706.001,0.969999313,14.77599988,Thursday,15.75464676
05-08-2022,14.59000015,15.14999962,14.42000008,14.59000015,67899700,17.47999954,-0.165331777,16.03599968,0.729999542,4653851.905,0,14.8059999,Friday,15.54289283
08-08-2022,14.02000046,14.72000027,13.92000008,14.69999981,40527300,14.59000015,-0.039067833,15.75999985,0.800000191,2890677.509,-0.679999352,14.82399993,Monday,15.26600331
09-08-2022,13.10000038,14,12.93000031,13.93999958,43116100,14.02000046,-0.065620545,15.17999992,1.069999695,3291305.248,-0.839999199,14.78149996,Tuesday,14.8721846
10-08-2022,13.10000038,13.57999992,13.06999969,13.35999966,31905000,13.10000038,0,14.45800018,0.510000229,2435496.112,-0.259999275,14.72749996,Wednesday,14.54996928
11-08-2022,13.68000031,13.94999981,13.21000004,13.26000023,28750300,13.10000038,0.044274802,13.69800034,0.739999771,2101630.07,0.420000076,14.72999997,Thursday,14.39179311
12-08-2022,13.68000031,13.85999966,13.35999966,13.85000038,22307300,13.68000031,0,13.51600037,0.5,1630650.548,-0.170000076,14.71599998,Friday,14.26237623
15-08-2022,13.11999989,13.63000011,13.06000042,13.55000019,34209800,13.68000031,-0.040935702,13.33600025,0.569999695,2607454.291,-0.430000305,14.67799997,Monday,14.05467144
16-08-2022,13.68999958,13.88000011,12.81999969,13.06999969,33874700,13.11999989,0.043445099,13.45400009,1.06000042,2474412.055,0.619999886,14.64999995,Tuesday,13.98836747
17-08-2022,13.26000023,13.53999996,13.05000019,13.43999958,23289500,13.68999958,-0.031409742,13.48600006,0.489999771,1756372.519,-0.179999352,14.59099998,Wednesday,13.85593706
18-08-2022,13.18999958,13.22000027,12.85999966,13.15999985,25789200,13.26000023,-0.005279084,13.38799992,0.36000061,1955208.553,0.029999733,14.52499995,Thursday,13.73485752
19-08-2022,13.72999954,13.75,12.97000027,12.97999954,24631700,13.18999958,0.040940105,13.39799976,0.779999733,1794005.886,0.75,14.47899995,Friday,13.73397425
22-08-2022,12.71000004,13.52999973,12.68999958,13.47999954,33567900,13.72999954,-0.074289843,13.31599979,0.840000153,2641062.148,-0.769999504,14.38149996,Monday,13.54779712
23-08-2022,12.78999996,13.14999962,12.69999981,12.82999992,23719300,12.71000004,0.00629425,13.13599987,0.449999809,1854519.161,-0.039999962,14.29949994,Tuesday,13.41001582
24-08-2022,13.52000046,13.59000015,12.78999996,12.84000015,27581100,12.78999996,0.057075879,13.18799992,0.800000191,2040022.12,0.680000305,14.21799998,Wednesday,13.43001303
25-08-2022,13.56000042,13.65999985,13.34000015,13.47999954,21341000,13.52000046,0.002958577,13.26200008,0.319999695,1573820.01,0.080000877,14.1165,Thursday,13.4536471
26-08-2022,13.15999985,14.02000046,13.13000011,13.56000042,29667500,13.56000042,-0.029498566,13.14800014,0.890000343,2254369.327,-0.400000572,14.02449999,Friday,13.40025669
29-08-2022,13.19999981,13.47000027,12.97999954,12.97999954,18506400,13.15999985,0.003039511,13.2460001,0.490000725,1402000.02,0.220000267,13.9145,Monday,13.36384635
30-08-2022,13.28999996,13.56999969,13.05000019,13.35999966,23844100,13.19999981,0.006818193,13.3460001,0.519999504,1794138.455,-0.069999695,13.779,Tuesday,13.35041973
31-08-2022,13.23999977,13.55000019,13.19999981,13.31999969,24097600,13.28999996,-0.003762242,13.28999996,0.350000381,1820060.454,-0.079999924,13.60550003,Wednesday,13.33034338
01-09-2022,13.18999958,13.22000027,12.77000046,13.02000046,25104400,13.23999977,-0.00377645,13.21599979,0.449999809,1903290.432,0.169999123,13.39100003,Thursday,13.30482632
02-09-2022,13.06000042,13.52000046,13,13.27000046,20909600,13.18999958,-0.009855888,13.19599991,0.520000458,1601041.296,-0.210000038,13.31450005,Friday,13.26031252
06-09-2022,12.63000011,13.10999966,12.48999977,13.10999966,25104100,13.06000042,-0.032924984,13.08199997,0.619999886,1987656.356,-0.479999542,13.24500003,Tuesday,13.14571027
07-09-2022,12.68000031,12.88000011,12.47999954,12.5,15816000,12.63000011,0.003958843,12.96000004,0.400000572,1247318.582,0.180000305,13.22400002,Wednesday,13.06103573
08-09-2022,12.53999996,12.68999958,12.22999954,12.53999996,22276100,12.68000031,-0.011041036,12.82000008,0.460000038,1776403.514,0,13.196,Thursday,12.96630195
09-09-2022,13.02999973,13.09000015,12.67000008,12.67000008,22559300,12.53999996,0.039074942,12.78800011,0.420000076,1731335.415,0.359999657,13.16349998,Friday,12.97788337
12-09-2022,13.31000042,13.52999973,13.10000038,13.18000031,15804600,13.02999973,0.021488925,12.83800011,0.429999352,1187422.953,0.130000114,13.14499998,Monday,13.03826829
13-09-2022,12.94999981,13.18000031,12.75,12.84000015,20761400,13.31000042,-0.027047378,12.90200005,0.430000305,1603196.935,0.109999657,13.13649998,Tuesday,13.02221947
14-09-2022,12.71000004,12.97999954,12.31999969,12.94999981,23717900,12.94999981,-0.018532801,12.90799999,0.659999847,1866081.82,-0.239999771,13.0875,Wednesday,12.9654523
15-09-2022,13.17000008,13.34000015,12.55000019,12.56999969,22447800,12.71000004,0.036191978,13.03400002,0.789999962,1704464.683,0.600000381,13.08299999,Thursday,13.00264281
16-09-2022,12.73999977,13.11999989,12.63000011,13.03999996,37420200,13.17000008,-0.032649985,12.97600002,0.489999771,2937221.403,-0.300000191,13.0605,Friday,12.95488953
19-09-2022,13.15999985,13.35999966,12.55000019,12.65999985,23871600,12.73999977,0.03296704,12.94599991,0.809999466,1813951.389,0.5,13.03200002,Monday,12.99218231
20-09-2022,13.21000004,13.23999977,12.82999992,13.06000042,27526100,13.15999985,0.003799407,12.99799995,0.409999847,2083732.015,0.149999619,13.05700002,Tuesday,13.03178554
21-09-2022,12.22000027,13.28999996,12.22000027,13.18000031,25806100,13.21000004,-0.074943207,12.9,1.069999695,2111792.098,-0.960000038,13.02850003,Wednesday,12.88418821
22-09-2022,12.01000023,12.38000011,11.88000011,12.23999977,23521400,12.22000027,-0.017184945,12.66800003,0.5,1958484.559,-0.229999542,12.95300002,Thursday,12.72524494
23-09-2022,11.78999996,11.90999985,11.51000023,11.78999996,25087500,12.01000023,-0.01831809,12.47800007,0.399999619,2127862.602,0,12.8645,Friday,12.5552004
26-09-2022,11.40999985,12.05000019,11.39000034,11.68999958,24792000,11.78999996,-0.032230714,12.12800007,0.659999847,2172830.879,-0.279999733,12.777,Monday,12.34698212
27-09-2022,11.31999969,12.01000023,11.22000027,11.52000046,22208200,11.40999985,-0.007887831,11.75,0.789999962,1961855.177,-0.200000763,12.68299999,Tuesday,12.16025804
28-09-2022,11.78999996,11.86999989,11.19999981,11.27999973,19531400,11.31999969,0.041519459,11.66399994,0.670000076,1656607.3,0.510000229,12.60799999,Wednesday,12.09293839
29-09-2022,11.65999985,11.76000023,11.30000019,11.52999973,20033700,11.78999996,-0.011026303,11.59399986,0.460000038,1718156.112,0.130000114,12.529,Thursday,12.01422229
30-09-2022,11.5,12.02000046,11.47999954,11.71000004,23432200,11.65999985,-0.013722114,11.53599987,0.540000916,2037582.609,-0.210000038,12.44450002,Friday,11.92072733
03-10-2022,11.94999981,12.02999973,11.56000042,11.64000034,17827200,11.5,0.039130418,11.64399986,0.469999313,1491815.923,0.309999466,12.38899999,Monday,11.9260496
04-10-2022,12.35999966,12.55000019,12.03999996,12.07999992,18674000,11.94999981,0.034309611,11.85199986,0.510000229,1510841.466,0.279999733,12.37549996,Tuesday,12.00494961
05-10-2022,12.22000027,12.30000019,11.85999966,12.05000019,13677300,12.35999966,-0.011326812,11.93799992,0.440000534,1119255.295,0.170000076,12.35249996,Wednesday,12.04404973
06-10-2022,12.48999977,12.53999996,12.06999969,12.19999981,17992700,12.22000027,0.022094885,12.1039999,0.470000267,1440568.481,0.289999962,12.34999995,Thursday,12.12513155
07-10-2022,11.97999954,12.47999954,11.88000011,12.38000011,14331200,12.48999977,-0.040832685,12.19999981,0.599999428,1196260.48,-0.400000572,12.29749994,Friday,12.09874392
10-10-2022,12.02000046,12.22999954,11.81000042,12.03999996,16726500,11.97999954,0.003338975,12.21399994,0.419999123,1391555.687,-0.019999504,12.23299994,Monday,12.08442692
11-10-2022,11.60000038,12.02999973,11.39000034,11.85000038,25356100,12.02000046,-0.034941769,12.06200008,0.63999939,2185870.618,-0.25,12.16549997,Tuesday,11.99634937
12-10-2022,11.65999985,11.85000038,11.32999992,11.47999954,28771600,11.60000038,0.005172368,11.95,0.520000458,2467547.202,0.180000305,12.11299996,Wednesday,11.93519491
13-10-2022,12.5,12.56000042,11.25,11.42000008,29973200,11.65999985,0.07204118,11.95200005,1.31000042,2397856,1.079999924,12.07949996,Thursday,12.03788675
14-10-2022,12.43000031,12.84000015,12.39999962,12.55000019,20423100,12.5,-0.005599976,12.0420002,0.440000534,1643049.034,-0.119999886,12.06399999,Friday,12.10918012
17-10-2022,12.31999969,12.64000034,12.27999973,12.56999969,21358100,12.43000031,-0.008849606,12.10200005,0.36000061,1733612.056,-0.25,12.02199998,Monday,12.14751095
18-10-2022,12.88000011,13.03999996,12.55000019,12.61999989,18270300,12.31999969,0.045454581,12.35799999,0.489999771,1418501.54,0.260000229,12.00549998,Tuesday,12.2806908
19-10-2022,12.60999966,13.18999958,12.55000019,12.96000004,19640300,12.88000011,-0.020962768,12.54799995,0.63999939,1557517.885,-0.350000381,12.02499995,Wednesday,12.34056514
20-10-2022,12.92000008,13.22000027,12.44999981,12.65999985,23298300,12.60999966,0.024583698,12.63199997,0.770000458,1803273.983,0.260000229,12.07049994,Thursday,12.44591694
21-10-2022,13.48999977,13.5,12.84000015,12.86999989,21454500,12.92000008,0.044117623,12.84399986,0.659999847,1590400.323,0.619999886,12.15549994,Friday,12.63575019
24-10-2022,13.18000031,13.59000015,13.02000046,13.46000004,20913400,13.48999977,-0.022979946,13.01599998,0.569999695,1586752.619,-0.279999733,12.24399996,Monday,12.73470475
25-10-2022,13.56999969,13.64999962,13.01000023,13.01000023,22539800,13.18000031,0.029590241,13.1539999,0.63999939,1661002.248,0.559999466,12.35649996,Tuesday,12.88657656
26-10-2022,13,13.65999985,12.82999992,13.47000027,24247100,13.56999969,-0.0420044,13.23199997,0.829999924,1865161.538,-0.470000267,12.41699996,Wednesday,12.907199
27-10-2022,12.48999977,13.35000038,12.43999958,13.01000023,23608500,13,-0.039230787,13.14599991,0.910000801,1890192.188,-0.520000458,12.45849996,Thursday,12.8313446
28-10-2022,12.94999981,12.97000027,12.36999989,12.5,19055900,12.48999977,0.036829467,13.03799992,0.600000381,1471498.091,0.449999809,12.53099995,Friday,12.85291827
31-10-2022,13,13.06000042,12.64999962,12.77999973,21383700,12.94999981,0.003861019,13.00199986,0.410000801,1644900,0.220000267,12.58349996,Monday,12.87966041
01-11-2022,13.35000038,13.82999992,13.25,13.25,22199500,13,0.026923106,12.95799999,0.579999924,1662883.848,0.100000381,12.63299999,Tuesday,12.96517676
02-11-2022,12.68000031,13.13000011,12.65999985,13.02999973,32132500,13.35000038,-0.05018727,12.89400005,0.470000267,2534108.772,-0.349999428,12.65599999,Wednesday,12.9133265
03-11-2022,11.97000027,12.39999962,11.64000034,12.35999966,34500300,12.68000031,-0.055993693,12.79000015,0.759999275,2882230.512,-0.38999939,12.63000002,Thursday,12.74181264
04-11-2022,10.43000031,11.76000023,10.19999981,11.38000011,60325100,11.97000027,-0.128654965,12.28600025,1.56000042,5783806.159,-0.949999809,12.55250006,Friday,12.32148312
07-11-2022,10.27000046,10.56000042,9.970000267,10.46000004,44576700,10.43000031,-0.015340349,11.74000034,0.590000153,4340476.924,-0.18999958,12.46500006,Monday,11.94848628
08-11-2022,10.06000042,10.47000027,9.800000191,10.19999981,36236000,10.27000046,-0.020447909,11.08200035,0.670000076,3601987.921,-0.13999939,12.38800006,Tuesday,11.60512521
09-11-2022,9.840000153,9.909999847,9.520000458,9.859999657,43663300,10.06000042,-0.021868813,10.51400032,0.38999939,4437327.167,-0.019999504,12.29700007,Wednesday,11.28419338
10-11-2022,10.80000019,10.81999969,10.14999962,10.18000031,37007000,9.840000153,0.097560978,10.28000031,0.670000076,3426574.014,0.619999886,12.21200008,Thursday,11.19615826
11-11-2022,11.84000015,12.35999966,10.60999966,10.81999969,48852200,10.80000019,0.096296291,10.56200027,1.75,4126030.352,1.020000458,12.18250008,Friday,11.31322042
14-11-2022,11.48999977,12.31000042,11.47999954,11.75,24372300,11.84000015,-0.029560843,10.80600014,0.830000877,2121174.977,-0.260000229,12.14100008,Monday,11.34536212
15-11-2022,11.32999992,12.19999981,11.18000031,11.84000015,29600500,11.48999977,-0.013925139,11.06000004,1.019999504,2612577.246,-0.510000229,12.06350007,Tuesday,11.34256899
16-11-2022,10.90999985,11.18000031,10.52000046,11.14999962,26336900,11.32999992,-0.037069733,11.27399998,0.659999847,2414014.699,-0.239999771,11.97850008,Wednesday,11.26392006
17-11-2022,10.96000004,11.17000008,10.60000038,10.69999981,18062600,10.90999985,0.004582969,11.30599995,0.569999695,1648047.44,0.260000229,11.88050008,Thursday,11.20866187
18-11-2022,10.77000046,11.21000004,10.64999962,11.11999989,14638800,10.96000004,-0.017335728,11.09200001,0.56000042,1359219.998,-0.349999428,11.74450011,Friday,11.12890525
21-11-2022,10.56000042,10.77999973,10.5,10.69999981,18070400,10.77000046,-0.01949861,10.90600014,0.279999733,1711212.053,-0.13999939,11.61350012,Monday,11.02546801
22-11-2022,10.80000019,10.81999969,10.35999966,10.5,13273800,10.56000042,0.02272725,10.80000019,0.460000038,1229055.534,0.300000191,11.47500014,Tuesday,10.98447386
23-11-2022,11.34000015,11.40999985,10.72000027,10.72000027,16946300,10.80000019,0.049999996,10.88600025,0.68999958,1494382.696,0.619999886,11.39200015,Wednesday,11.049115
25-11-2022,11.47000027,11.59000015,11.10999966,11.18000031,10129400,11.34000015,0.011463855,10.9880003,0.480000496,883121.1651,0.289999962,11.34100018,Friday,11.1256396
28-11-2022,10.92000008,11.52999973,10.90999985,11.27000046,16264200,11.47000027,-0.047951192,11.01800022,0.619999886,1489395.594,-0.350000381,11.23950019,Monday,11.08825059
29-11-2022,11.14000034,11.25,10.85999966,10.97999954,16626000,10.92000008,0.020146544,11.13400021,0.390000343,1492459.559,0.160000801,11.14650021,Tuesday,11.09765964
30-11-2022,11.39999962,11.52000046,10.93000031,11.06000042,26857000,11.14000034,0.023339252,11.25400009,0.590000153,2355877.272,0.339999199,11.04900017,Wednesday,11.15263054
01-12-2022,11.63000011,11.89000034,11.38000011,11.39999962,21848600,11.39999962,0.020175483,11.31200008,0.510000229,1878641.426,0.230000496,10.99650016,Thursday,11.23942501
02-12-2022,11.55000019,11.64999962,11.36999989,11.56999969,17221600,11.63000011,-0.006878755,11.32800007,0.279999733,1491047.594,-0.019999504,10.97550015,Friday,11.29589323
05-12-2022,11.14999962,11.64000034,11.10999966,11.5,15244400,11.55000019,-0.034632084,11.37399998,0.530000687,1367210.809,-0.350000381,11.01150012,Monday,11.26936712
06-12-2022,10.60999966,11.48999977,10.56999969,11.31000042,25893000,11.14999962,-0.048430492,11.26799984,0.920000076,2440433.632,-0.700000763,11.02850008,Tuesday,11.14948212
07-12-2022,10.73999977,10.96000004,10.34000015,10.52000046,19258200,10.60999966,0.012252603,11.13599987,0.619999886,1793128.53,0.219999313,11.06250005,Wednesday,11.07503079
08-12-2022,10.76000023,11,10.67000008,10.77999973,20565600,10.73999977,0.00186224,10.96199989,0.329999924,1911301.075,-0.019999504,11.10850005,Thursday,11.0177525
09-12-2022,11.09000015,11.34000015,10.67000008,10.71000004,29007300,10.76000023,0.030669137,10.86999989,0.670000076,2615626.655,0.380000114,11.12300005,Friday,11.03088844
12-12-2022,11.27000046,11.39999962,10.96000004,11,50053900,11.09000015,0.016230866,10.89400005,0.43999958,4441339.66,0.270000458,11.09450006,Monday,11.07436335
13-12-2022,10.89000034,11.90999985,10.77999973,11.64999962,29922800,11.27000046,-0.033717844,10.95000019,1.130000114,2747731.777,-0.759999275,11.06450009,Tuesday,11.0408428
14-12-2022,10.97999954,11.22999954,10.77000046,10.80000019,35547900,10.89000034,0.008264389,10.99800014,0.459999084,3237513.796,0.179999352,11.04700007,Wednesday,11.02978039
15-12-2022,10,10.80000019,9.949999809,10.65999985,47972800,10.97999954,-0.08925315,10.8460001,0.850000381,4797280,-0.659999847,11.00150008,Thursday,10.84254759
16-12-2022,9.909999847,10.10000038,9.600000381,9.970000267,158082500,10,-0.009000015,10.61000004,0.5,15951816.59,-0.06000042,10.94900007,Friday,10.67299346
19-12-2022,9.25,9.880000114,9.069999695,9.81000042,42430500,9.909999847,-0.06659938,10.20599995,0.81000042,4587081.081,-0.56000042,10.87300005,Monday,10.41426738
20-12-2022,9.029999733,9.56000042,8.890000343,9.180000305,42837300,9.25,-0.023783813,9.833999825,0.670000076,4743887.183,-0.150000572,10.79650002,Tuesday,10.16258235
21-12-2022,9.039999962,9.380000114,8.909999847,9.06000042,25650700,9.029999733,0.001107445,9.445999908,0.470000267,2837466.826,-0.020000458,10.7085,Wednesday,9.958476461
22-12-2022,9.229999542,9.239999771,8.819999695,9,28566000,9.039999962,0.021017653,9.291999817,0.420000076,3094908.062,0.229999542,10.60299997,Thursday,9.826026112
23-12-2022,9.170000076,9.380000114,9.090000153,9.18999958,19035100,9.229999542,-0.006500484,9.143999863,0.289999962,2075801.509,-0.019999504,10.48799996,Friday,9.706748651
27-12-2022,9.229999542,9.270000458,8.850000381,9.06000042,22207700,9.170000076,0.006543017,9.139999771,0.420000076,2406034.789,0.169999123,10.40349994,Tuesday,9.620066995
28-12-2022,8.869999886,9.300000191,8.840000153,9.170000076,22506100,9.229999542,-0.039003215,9.107999802,0.460000038,2537328.105,-0.300000191,10.28999991,Wednesday,9.483691157
29-12-2022,9.430000305,9.569999695,8.93999958,9.010000229,29740700,8.869999886,0.063134208,9.18599987,0.630000114,3153838.71,0.420000076,10.19149995,Thursday,9.473929184
30-12-2022,9.479999542,9.5,9.180000305,9.210000038,22808700,9.430000305,0.005302146,9.23599987,0.319999695,2405981.129,0.269999504,10.08399992,Friday,9.475032885
03-01-2023,9.539999962,9.93999958,9.489999771,9.649999619,25186100,9.479999542,0.006329158,9.309999847,0.449999809,2640052.421,-0.109999657,9.983499908,Tuesday,9.486845081
04-01-2023,10.38000011,10.60999966,9.56000042,9.789999962,34435900,9.539999962,0.088050331,9.539999962,1.049999237,3317524.048,0.590000153,9.944999933,Wednesday,9.649236905
05-01-2023,10.85999966,11.05000019,10.11999989,10.38000011,33761600,10.38000011,0.04624273,9.937999916,0.930000305,3108803.045,0.479999542,9.957499933,Thursday,9.869375587
06-01-2023,11.31999969,11.39000034,10.72999954,10.88000011,29842600,10.85999966,0.042357279,10.31599979,0.660000801,2636272.156,0.43999958,9.986499929,Friday,10.13312543
09-01-2023,11.60999966,11.71000004,11.22999954,11.39000034,25383800,11.31999969,0.025618372,10.74199982,0.480000496,2186373.88,0.219999313,10.0289999,Monday,10.40164801
10-01-2023,12.56000042,12.57999992,11.77000046,11.80000019,43263500,11.60999966,0.08182608,11.34599991,0.809999466,3444546.063,0.760000229,10.10249991,Tuesday,10.79407572
11-01-2023,12.60000038,12.94999981,12.38000011,12.88000011,30814100,12.56000042,0.00318471,11.78999996,0.569999695,2445563.418,-0.279999733,10.16899991,Wednesday,11.12242566
12-01-2023,13.14999962,13.27999973,12.5,12.77999973,28005800,12.60000038,0.043650732,12.24799995,0.779999733,2129718.693,0.369999886,10.28199987,Thursday,11.49107547
13-01-2023,13.14000034,13.15999985,12.90999985,12.96000004,16146600,13.14999962,-0.000760401,12.61200008,0.25,1228812.753,0.180000305,10.38999991,Friday,11.79087999
17-01-2023,13.22999954,13.32999992,12.82999992,13.06000042,18142600,13.14000034,0.006849254,12.93600006,0.5,1371322.799,0.169999123,10.55149989,Tuesday,12.05253809
18-01-2023,12.59000015,13.25,12.48999977,13.22999954,21307800,13.22999954,-0.048374861,12.94200001,0.760000229,1692438.423,-0.63999939,10.68549991,Wednesday,12.15025847
19-01-2023,12.47000027,12.56000042,11.90999985,12.44999981,20111300,12.59000015,-0.009531365,12.91599998,0.650000572,1612774.625,0.020000458,10.84649992,Thursday,12.20839334
20-01-2023,13.02000046,13.03999996,12.35999966,12.53999996,18431100,12.47000027,0.044105868,12.89000015,0.680000305,1415599.029,0.480000496,11.04599996,Friday,12.35595827
23-01-2023,13.51000023,13.52999973,12.94999981,13.02000046,21618200,13.02000046,0.03763439,12.96400013,0.579999924,1600162.815,0.489999771,11.26949997,Monday,12.56578408
24-01-2023,13.38000011,13.60000038,13.23999977,13.36999989,11424200,13.51000023,-0.00962251,12.99400024,0.36000061,853826.5996,0.010000229,11.477,Tuesday,12.71382336
25-01-2023,14.52999973,14.72999954,13.18000031,13.26000023,44313500,13.38000011,0.085949149,13.38200016,1.549999237,3049793.587,1.269999504,11.74499998,Wednesday,13.04403725
26-01-2023,15,15.18999958,14.42000008,14.72000027,30614200,14.52999973,0.032346888,13.88800011,0.769999504,2040946.667,0.279999733,12.0335,Thursday,13.39966684
27-01-2023,14.90999985,15.10000038,14.64999962,14.89999962,21010500,15,-0.00600001,14.26599998,0.450000763,1409154.944,0.010000229,12.3355,Friday,13.67427284
30-01-2023,14.38000011,14.72999954,14.22000027,14.59000015,20238500,14.90999985,-0.035546595,14.43999996,0.509999275,1407406.108,-0.210000038,12.58299999,Monday,13.80258689
31-01-2023,14.81999969,14.84000015,14.22999954,14.44999981,23524600,14.38000011,0.030598023,14.72799988,0.61000061,1587354.958,0.369999886,12.85,Tuesday,13.98757104
01-02-2023,15.35999966,15.47000027,14.67000008,14.72000027,26301400,14.81999969,0.036437245,14.89399986,0.800000191,1712330.767,0.63999939,13.14099998,Wednesday,14.23710351
02-02-2023,15.92000008,16.04999924,15.43999958,15.52000046,25213400,15.35999966,0.036458361,15.07799988,0.609999657,1583756.274,0.399999619,13.41799998,Thursday,14.54308471
03-02-2023,15.42000008,15.85999966,15.26000023,15.56000042,20698400,15.92000008,-0.031407035,15.17999992,0.599999428,1342308.683,-0.140000343,13.646,Friday,14.70252386
06-02-2023,15.39999962,15.46000004,15,15.19999981,16769000,15.42000008,-0.001297047,15.38399982,0.460000038,1088896.131,0.199999809,13.85,Monday,14.82933764
07-02-2023,15.32999992,15.42000008,14.78999996,15.35000038,12936200,15.39999962,-0.004545435,15.48599987,0.630000114,843848.667,-0.020000458,14.03600001,Tuesday,14.92036714
08-02-2023,14.56000042,15.26000023,14.52999973,15.26000023,15044700,15.32999992,-0.050228278,15.32600002,0.730000496,1033289.805,-0.699999809,14.13600001,Wednesday,14.85484592
09-02-2023,14.36999989,14.96000004,14.23999977,14.77999973,17023000,14.56000042,-0.013049487,15.01599998,0.720000267,1184620.747,-0.409999847,14.22449999,Thursday,14.7666921
10-02-2023,14.22000027,14.38000011,14.02000046,14.18000031,11847900,14.36999989,-0.010438387,14.77600002,0.359999657,833185.6384,0.039999962,14.27800002,Friday,14.66729358
13-02-2023,14.92000008,15.07999992,14.10999966,14.31000042,19340400,14.22000027,0.049226427,14.68000011,0.970000267,1296273.452,0.609999657,14.36700001,Monday,14.71324022
14-02-2023,14.72999954,15.03999996,14.43000031,14.72000027,11173200,14.92000008,-0.01273462,14.56000004,0.609999657,758533.6285,0.009999275,14.44200001,Tuesday,14.71628737
15-02-2023,15.35000038,15.36999989,14.40999985,14.56999969,16744400,14.72999954,0.042091029,14.71800003,0.960000038,1090840.364,0.780000687,14.58000002,Wednesday,14.83150792
16-02-2023,15.31000042,15.63000011,14.81999969,14.96000004,23020800,15.35000038,-0.002605861,14.90600014,0.81000042,1503644.635,0.350000381,14.72200003,Thursday,14.91850655
17-02-2023,15.43000031,15.52999973,15.06000042,15.23999977,15552500,15.31000042,0.007838007,15.14800014,0.469999313,1007939.06,0.190000534,14.84250002,Friday,15.01150542
21-02-2023,14.75,15.22999954,14.72000027,15.10999966,17783500,15.43000031,-0.044070012,15.11400013,0.509999275,1205661.017,-0.359999657,14.90450001,Tuesday,14.96395898
22-02-2023,15.42000008,15.52000046,14.68000031,14.68000031,20901300,14.75,0.045423734,15.25200024,0.840000153,1355466.919,0.739999771,15.00650001,Wednesday,15.04687554
23-02-2023,15.72999954,15.78999996,15.28999996,15.43000031,27591400,15.42000008,0.020103727,15.32800007,0.5,1754062.352,0.299999237,15.0665,Thursday,15.1710799
24-02-2023,15.55000019,16.23999977,15.14999962,15.31000042,38611600,15.72999954,-0.011443061,15.37600002,1.090000153,2483061.063,0.239999771,15.09400001,Friday,15.2399745
27-02-2023,15.93999958,16.34000015,15.55000019,15.55000019,20752400,15.55000019,0.025080346,15.47799988,0.789999962,1301907.186,0.38999939,15.14549999,Monday,15.36725179
28-02-2023,15.61999989,16.31999969,15.46000004,15.85999966,22523200,15.93999958,-0.020075264,15.65199986,0.859999657,1441946.233,-0.239999771,15.20749998,Tuesday,15.41320599
01-03-2023,15.02000046,15.65999985,15,15.59000015,13922800,15.61999989,-0.038412256,15.57199993,0.659999847,926950.7041,-0.569999695,15.21750002,Wednesday,15.34171407
02-03-2023,15.23999977,15.27999973,14.76000023,14.93000031,13334000,15.02000046,0.014647091,15.47399998,0.519999504,874934.3963,0.309999466,15.21150002,Thursday,15.32322056
03-03-2023,15.47000027,15.57999992,15.27000046,15.35000038,16506200,15.23999977,0.015091896,15.45799999,0.309999466,1066981.236,0.119999886,15.18900003,Friday,15.34990778
06-03-2023,15.13000011,15.85000038,15.11999989,15.64999962,11534600,15.47000027,-0.021978031,15.2960001,0.730000496,762366.1542,-0.519999504,15.17450004,Monday,15.30992457
07-03-2023,14.81999969,15.27000046,14.77000046,15.07999992,11413200,15.13000011,-0.020489122,15.13600006,0.5,770121.4733,-0.260000229,15.14550004,Tuesday,15.22084732
08-03-2023,15.34000015,15.38000011,14.75,14.86999989,12817100,14.81999969,0.035087751,15.2,0.630000114,835534.5419,0.470000267,15.14600005,Wednesday,15.24251147
09-03-2023,14.77000046,15.39999962,14.56999969,15.22000027,19337000,15.34000015,-0.037157737,15.10600014,0.829999924,1309207.813,-0.449999809,15.15650005,Thursday,15.15660038
10-03-2023,14.35000038,14.75,14.14000034,14.65999985,16213600,14.77000046,-0.028436023,14.88200016,0.609999657,1129867.566,-0.309999466,15.15550008,Friday,15.00994583
13-03-2023,14.02000046,14.35000038,13.47000027,14.02999973,23224800,14.35000038,-0.02299651,14.66000023,0.880000114,1656547.735,-0.009999275,15.14550009,Monday,14.82995577
14-03-2023,14.05000019,14.31999969,13.77999973,14.18999958,20094500,14.02000046,0.002139781,14.50600033,0.539999962,1430213.504,-0.13999939,15.10200009,Tuesday,14.68814566
15-03-2023,13.56999969,13.85000038,13.39999962,13.68999958,17601500,14.05000019,-0.034163736,14.15200024,0.450000763,1297089.196,-0.119999886,15.0440001,Wednesday,14.48484639
16-03-2023,14.15999985,14.22999954,13.39000034,13.44999981,13732900,13.56999969,0.043478273,14.03000011,0.839999199,969837.5811,0.710000038,14.98450007,Thursday,14.42578339
17-03-2023,14.34000015,14.89000034,14.19999981,14.76000023,32003200,14.15999985,0.012711886,14.02800007,0.690000534,2231743.351,-0.420000076,14.93600006,Friday,14.41018643
20-03-2023,14.23999977,14.53999996,14.10999966,14.26000023,16431900,14.34000015,-0.006973527,14.07199993,0.430000305,1153925.58,-0.020000458,14.87650003,Monday,14.3792434
21-03-2023,15.09000015,15.14000034,14.40999985,14.47999954,17627900,14.23999977,0.059691039,14.27999992,0.730000496,1168184.216,0.61000061,14.89350004,Tuesday,14.5084719
22-03-2023,14.51000023,15.27000046,14.47999954,15.13000011,13584300,15.09000015,-0.038436045,14.46800003,0.790000916,936202.6041,-0.619999886,14.84800005,Wednesday,14.50874978
23-03-2023,14.52999973,15,14.23999977,14.67000008,11042000,14.51000023,0.001378326,14.54200001,0.760000229,759944.9555,-0.140000343,14.78800006,Thursday,14.51261341
24-03-2023,14,14.31999969,13.72000027,14.19999981,12747400,14.52999973,-0.036476238,14.47399998,0.599999428,910528.5714,-0.199999809,14.71050005,Friday,14.41941097
27-03-2023,14.34000015,14.51000023,14.13000011,14.13000011,10588700,14,0.024285725,14.49400005,0.380000114,738403.0605,0.210000038,14.63050008,Monday,14.40497264
28-03-2023,14.47999954,14.57999992,14.32999992,14.35000038,11188900,14.34000015,0.009762858,14.37199993,0.25,772714.1128,0.129999161,14.57350006,Tuesday,14.4186139
29-03-2023,14.65999985,14.72000027,14.39000034,14.64999962,12433700,14.47999954,0.012430961,14.40199986,0.329999924,848137.7987,0.010000229,14.55550003,Wednesday,14.46250225
30-03-2023,14.85000038,15.03999996,14.76000023,14.93000031,12707500,14.65999985,0.012960473,14.46599998,0.279999733,855723.8837,-0.079999924,14.53600006,Thursday,14.53295646
31-03-2023,15.10000038,15.11999989,14.85000038,14.89999962,17309400,14.85000038,0.016835016,14.68600006,0.269999504,1146317.852,0.200000763,14.51750007,Friday,14.63605535
03-04-2023,14.81000042,15.19999981,14.67000008,15.01000023,16566300,15.10000038,-0.019205295,14.78000011,0.529999733,1118588.76,-0.199999809,14.50150008,Monday,14.66768173
04-04-2023,15.14999962,15.18000031,14.80000019,15,15755000,14.81000042,0.022957406,14.91400013,0.380000114,1039934.02,0.149999619,14.51800008,Tuesday,14.75537589
05-04-2023,14.78999996,15.01000023,14.65999985,14.98999977,14871900,15.14999962,-0.023762354,14.94000015,0.350000381,1005537.528,-0.199999809,14.49050007,Wednesday,14.76167118
06-04-2023,15.10999966,15.23999977,14.40999985,14.69999981,21833900,14.78999996,0.02163622,14.99200001,0.829999924,1444996.724,0.409999847,14.50750003,Thursday,14.82500363
10-04-2023,15.39999962,15.52000046,14.96000004,15.01000023,15878300,15.10999966,0.019192586,15.05199986,0.56000042,1031058.467,0.38999939,14.55999999,Monday,14.92954835
11-04-2023,14.93000031,15.56000042,14.85999966,15.5,19676900,15.39999962,-0.030519437,15.07599983,0.700000763,1317943.711,-0.569999695,14.60549998,Tuesday,14.92963053
12-04-2023,14.06000042,15.14000034,13.97000027,15.06999969,26222900,14.93000031,-0.058271927,14.85799999,1.170000076,1865071.068,-1.009999275,14.60599999,Wednesday,14.77151596
13-04-2023,14.03999996,14.47999954,13.72999954,14.10999966,36540500,14.06000042,-0.001422508,14.70799999,0.75,2602599.722,-0.069999695,14.62950001,Thursday,14.63851305
14-04-2023,13.77999973,14.27999973,13.56000042,14.10000038,16783400,14.03999996,-0.018518535,14.44200001,0.719999313,1217953.579,-0.320000648,14.6105,Friday,14.48241972
17-04-2023,14.52999973,14.53999996,13.76000023,13.81999969,18793000,13.77999973,0.054426706,14.26800003,0.779999733,1293393.004,0.710000038,14.61999998,Monday,14.49107063
18-04-2023,14.27000046,14.68000031,14.13000011,14.59000015,13688800,14.52999973,-0.017893963,14.13600006,0.550000191,959271.1675,-0.319999695,14.62150002,Tuesday,14.45087606
19-04-2023,14.28999996,14.35000038,13.82999992,14.10000038,12505900,14.27000046,0.001401507,14.18199997,0.520000458,875150.4572,0.18999958,14.58150001,Wednesday,14.42162586
20-04-2023,13.82999992,14.17000008,13.68999958,14.03999996,15925600,14.28999996,-0.032190346,14.13999996,0.480000496,1151525.675,-0.210000038,14.54749999,Thursday,14.31405751
21-04-2023,13.57999992,13.88000011,13.46000004,13.72999954,16059200,13.82999992,-0.018076645,14.1,0.420000076,1182562.599,-0.149999619,14.5,Friday,14.18059249
24-04-2023,13.35999966,13.72999954,13.19999981,13.63000011,16336600,13.57999992,-0.016200314,13.86599998,0.529999733,1222799.433,-0.270000458,14.46799998,Monday,14.03139379
25-04-2023,12.81000042,13.28999996,12.76000023,13.18999958,18570600,13.35999966,-0.041167609,13.57399998,0.529999733,1449695.503,-0.379999161,14.3915,Tuesday,13.80932227
26-04-2023,12.57999992,13,12.53999996,12.80000019,14264400,12.81000042,-0.017954761,13.23199997,0.460000038,1133895.078,-0.220000267,14.29650002,Wednesday,13.58580912
27-04-2023,13.09000015,13.15999985,12.60999966,12.75,19979600,12.57999992,0.040540559,13.08400002,0.550000191,1526325.421,0.340000153,14.21800003,Thursday,13.49566203
28-04-2023,13.60999966,13.73999977,12.92000008,13.06999969,16908600,13.09000015,0.039724943,13.08999996,0.819999695,1242365.939,0.539999962,14.15599999,Friday,13.51645069
01-05-2023,13.28999996,13.69999981,13.23999977,13.57999992,13721700,13.60999966,-0.023512102,13.07600002,0.460000038,1032483.073,-0.289999962,14.06549997,Monday,13.47527783
02-05-2023,12.68999958,13.21000004,12.64999962,13.14999962,15663800,13.28999996,-0.045146756,13.05199986,0.56000042,1234342.042,-0.460000038,13.95949993,Tuesday,13.33249997
03-05-2023,12.82999992,13.13000011,12.75,12.80000019,15265700,12.68999958,0.011032336,13.10199986,0.380000114,1189844.122,0.029999733,13.84349995,Wednesday,13.24113632
04-05-2023,12.32999992,12.52000046,12.05000019,12.43000031,32200600,12.82999992,-0.038971162,12.94999981,0.470000267,2611565.304,-0.100000381,13.72049994,Thursday,13.07547516
05-05-2023,12.89000034,12.96000004,11.63000011,11.81000042,43789100,12.32999992,0.045417715,12.80599995,1.329999924,3397137.225,1.079999924,13.60949998,Friday,13.04175247
08-05-2023,13.46000004,13.55000019,12.80000019,13,20909500,12.89000034,0.044220301,12.83999996,0.75,1553454.676,0.460000038,13.5125,Monday,13.11779748
09-05-2023,13.40999985,13.5,13.25,13.31000042,20611200,13.46000004,-0.003714724,12.98400002,0.25,1537002.255,0.099999428,13.43649998,Tuesday,13.17092518
10-05-2023,13.03999996,13.56000042,12.68999958,13.55000019,21790000,13.40999985,-0.027591342,13.02600002,0.870000839,1671012.275,-0.510000229,13.38549995,Wednesday,13.1471206
11-05-2023,12.38000011,12.88000011,12.34000015,12.81999969,20095200,13.03999996,-0.050613485,13.03600006,0.539999962,1623198.693,-0.43999958,13.30249996,Thursday,13.00764415
12-05-2023,12.51000023,12.63000011,12.25,12.38000011,18620800,12.38000011,0.010500817,12.96000004,0.380000114,1488473.194,0.130000114,13.23899999,Friday,12.91716343
15-05-2023,12.81000042,12.81999969,12.46000004,12.61999989,13879700,12.51000023,0.02398083,12.83000011,0.359999657,1083505.039,0.190000534,13.15300002,Monday,12.89767925
16-05-2023,12.14999962,12.81999969,12.09000015,12.77999973,20245000,12.81000042,-0.051522309,12.57800007,0.729999542,1666255.196,-0.630000114,13.04699998,Tuesday,12.7617375
17-05-2023,12.51000023,12.68000031,12.18000031,12.28999996,15072200,12.14999962,0.029629681,12.47200012,0.5,1204812.128,0.220000267,12.95799999,Wednesday,12.71596709
18-05-2023,12.39999962,12.57999992,12.18999958,12.51000023,16779300,12.51000023,-0.008793014,12.47600002,0.390000343,1353169.396,-0.11000061,12.88649998,Thursday,12.65851846
19-05-2023,12.19999981,12.46000004,12.15999985,12.39999962,13198900,12.39999962,-0.016129017,12.41399994,0.300000191,1081877.066,-0.199999809,12.81749997,Friday,12.57515143
22-05-2023,12.15999985,12.31999969,11.97000027,12.22000027,15850000,12.19999981,-0.003278685,12.28399982,0.349999428,1303453.964,-0.06000042,12.75749998,Monday,12.49966932
23-05-2023,11.68999958,12.23999977,11.65999985,12.13000011,20315300,12.15999985,-0.038651338,12.19199982,0.579999924,1737835.819,-0.440000534,12.70149994,Tuesday,12.35245664
24-05-2023,11.65999985,11.89999962,11.36999989,11.69999981,17325000,11.68999958,-0.002566273,12.02199974,0.529999733,1485849.076,-0.039999962,12.65549994,Wednesday,12.22655541
25-05-2023,11.09000015,11.56999969,11.03999996,11.56999969,21466800,11.65999985,-0.048885052,11.75999985,0.529999733,1935689.784,-0.479999542,12.55549994,Thursday,12.019909
26-05-2023,11.43999958,11.48999977,11.01000023,11.17000008,21300400,11.09000015,0.031559912,11.6079998,0.479999542,1861923.145,0.269999504,12.44699993,Friday,11.91447092
30-05-2023,11.30000019,11.56999969,11.13000011,11.5,19895200,11.43999958,-0.012237709,11.43599987,0.43999958,1760637.138,-0.199999809,12.34749994,Tuesday,11.80274897
31-05-2023,11.27999973,11.52000046,11.22000027,11.34000015,35876700,11.30000019,-0.001769952,11.3539999,0.300000191,3180558.586,-0.06000042,12.27699995,Wednesday,11.70770365
01-06-2023,11.35000038,11.60999966,10.89999962,11.30000019,20503000,11.27999973,0.006205731,11.29200001,0.710000038,1806431.657,0.050000191,12.20299997,Thursday,11.6426667
02-06-2023,11.75,11.85000038,11.43999958,11.52999973,19218600,11.35000038,0.035242256,11.42399998,0.410000801,1635625.532,0.220000267,12.17399998,Friday,11.66218184
05-06-2023,11.63000011,11.88000011,11.47000027,11.75,15053800,11.75,-0.010212756,11.46200008,0.409999847,1294393.796,-0.119999886,12.11099997,Monday,11.65633062
06-06-2023,12.10000038,12.19999981,11.53999996,11.53999996,18359800,11.63000011,0.040412748,11.62200012,0.659999847,1517338.795,0.56000042,12.04299998,Tuesday,11.73699785
07-06-2023,13.11999989,13.34000015,12.11999989,12.11999989,47243100,12.10000038,0.084297477,11.99000015,1.220000267,3600846.068,1,12.02849998,Wednesday,11.98845276
08-06-2023,14.02000046,14.21000004,13.09000015,13.11999989,43172300,13.11999989,0.068597605,12.52400017,1.119999886,3079336.561,0.900000572,12.07750001,Thursday,12.35782507
09-06-2023,13.84000015,14.17000008,13.60000038,14.10999966,25204100,14.02000046,-0.012838823,12.9420002,0.569999695,1821105.471,-0.269999504,12.15050001,Friday,12.62731145
12-06-2023,13.97000027,14.22999954,13.81000042,13.92000008,16927000,13.84000015,0.009393072,13.41000023,0.419999123,1211667.837,0.050000191,12.22350001,Monday,12.87143669
13-06-2023,13.78999996,14.47999954,13.75,14.11999989,19999500,13.97000027,-0.012884775,13.74800014,0.729999542,1450290.069,-0.329999924,12.27249999,Tuesday,13.03844819
14-06-2023,13.67000008,14.14000034,13.5,13.85000038,26280000,13.78999996,-0.00870195,13.85800018,0.640000343,1922457.926,-0.180000305,12.34850001,Wednesday,13.15327581
15-06-2023,13.13000011,13.61999989,12.85000038,13.60999966,43427100,13.67000008,-0.039502557,13.68000011,0.769999504,3307471.411,-0.479999542,12.37950001,Thursday,13.14904386
16-06-2023,12.80000019,13.10999966,12.57999992,13.09000015,46121400,13.13000011,-0.025133277,13.47200012,0.529999733,3603234.321,-0.289999962,12.39950004,Friday,13.08558138
20-06-2023,12.18999958,12.73999977,12.14999962,12.64999962,30172600,12.80000019,-0.047656297,13.11599998,0.590000153,2475192.866,-0.460000038,12.39900002,Tuesday,12.92274832
21-06-2023,12.36999989,12.47999954,12.06000042,12.18999958,27539200,12.18999958,0.014766227,12.83199997,0.419999123,2226289.43,0.180000305,12.40950003,Wednesday,12.82224861
22-06-2023,12.09000015,12.40999985,12.02000046,12.36999989,19138500,12.36999989,-0.022635387,12.51599998,0.38999939,1583002.461,-0.279999733,12.42950006,Thursday,12.68911253
23-06-2023,11.78999996,11.97000027,11.67000008,11.93999958,57397600,12.09000015,-0.024813911,12.24799995,0.300000191,4868329.108,-0.149999619,12.43600006,Friday,12.52563751
26-06-2023,11.77999973,12,11.60000038,11.78999996,27227300,11.78999996,-0.000848196,12.04399986,0.399999619,2311315.842,-0.010000229,12.47050004,Monday,12.39006701
27-06-2023,12.27000046,12.43999958,11.77999973,11.82999992,31123900,11.77999973,0.041595988,12.06000004,0.659999847,2536585.072,0.440000534,12.51200008,Tuesday,12.36823673
28-06-2023,12.44999981,12.5,12.13000011,12.27000046,17592500,12.27000046,0.014669873,12.07600002,0.369999886,1413052.23,0.179999352,12.56950006,Wednesday,12.38310274
29-06-2023,12.42000008,12.5,12.22999954,12.30000019,13587800,12.44999981,-0.002409617,12.14200001,0.270000458,1094025.758,0.119999886,12.62650008,Thursday,12.38981135
30-06-2023,12.53999996,12.57999992,12.40999985,12.52999973,17333600,12.42000008,0.009661826,12.29200001,0.170000076,1382264.757,0.010000229,12.68600006,Friday,12.41711837
03-07-2023,13.01000023,13.02999973,12.51000023,12.52000046,11593100,12.53999996,0.037480085,12.53800011,0.519999504,891091.4524,0.489999771,12.74900007,Monday,12.52491507
05-07-2023,12.82999992,13.03999996,12.53999996,12.86999989,14367600,13.01000023,-0.013835534,12.65,0.5,1119844.122,-0.039999962,12.80900006,Wednesday,12.58038504
06-07-2023,12.67000008,12.69999981,12.39999962,12.64000034,14078800,12.82999992,-0.01247076,12.69400005,0.300000191,1111191.785,0.029999733,12.83750005,Thursday,12.59667869
07-07-2023,12.53999996,12.81999969,12.25,12.25,13785200,12.67000008,-0.010260467,12.71800003,0.569999695,1099298.249,0.289999962,12.80850005,Friday,12.58637346
10-07-2023,12.94999981,13.02999973,12.43999958,12.51000023,15047900,12.53999996,0.032695363,12.8,0.590000153,1162000.017,0.43999958,12.75500002,Monday,12.65248734
11-07-2023,13.30000019,13.34000015,12.92000008,12.93999958,16802200,12.94999981,0.027027057,12.85799999,0.420000076,1263323.29,0.36000061,12.72800002,Tuesday,12.77021695
12-07-2023,13.15999985,13.59000015,13.06999969,13.5,14585600,13.30000019,-0.010526341,12.92399998,0.520000458,1108328.28,-0.340000153,12.6875,Wednesday,12.84108657
13-07-2023,13.10000038,13.27000046,12.55000019,13.22999954,22969600,13.15999985,-0.00455923,13.01000004,0.720000267,1753404.529,-0.129999161,12.65300002,Thursday,12.88816181
14-07-2023,12.39999962,13.09000015,12.36999989,13.05000019,18790500,13.10000038,-0.053435171,12.98199997,0.720000267,1515362.95,-0.650000572,12.5895,Friday,12.79940505
17-07-2023,12.31000042,12.35999966,12.14000034,12.35999966,17472100,12.39999962,-0.007258,12.85400009,0.219999313,1419341.95,-0.049999237,12.54850001,Monday,12.71042239
18-07-2023,12.77000046,13.05000019,12.31999969,12.32999992,20810400,12.31000042,0.037367995,12.74800014,0.730000496,1629631.891,0.440000534,12.54700003,Tuesday,12.72125476
19-07-2023,13.27999973,13.35999966,12.82999992,12.84000015,19700900,12.77000046,0.039937295,12.77200012,0.529999733,1483501.536,0.43999958,12.60150003,Wednesday,12.82284476
20-07-2023,13.10999966,13.42000008,13.03999996,13.15999985,15620900,13.27999973,-0.012801211,12.77399998,0.380000114,1191525.584,-0.050000191,12.63850002,Thursday,12.87505474
21-07-2023,12.93000031,13.39999962,12.86999989,13.23999977,40095400,13.10999966,-0.013729928,12.88000011,0.529999733,3100958.937,-0.309999466,12.68050003,Friday,12.88504484
24-07-2023,12.60999966,13.10999966,12.56000042,13.01000023,16752300,12.93000031,-0.024748696,12.93999996,0.549999237,1328493.295,-0.400000572,12.72150002,Monday,12.83503663
25-07-2023,12.52999973,12.78999996,12.42000008,12.57999992,15816500,12.60999966,-0.006344165,12.89199982,0.369999886,1262290.53,-0.050000191,12.75900002,Tuesday,12.77957537
26-07-2023,12.76000023,12.81000042,12.47000027,12.55000019,12544500,12.52999973,0.018355986,12.78799992,0.340000153,983111.2676,0.210000038,12.7835,Wednesday,12.77601626
27-07-2023,12.28999996,13.02000046,12.23999977,13,16434600,12.76000023,-0.036833876,12.62399998,0.780000687,1337233.527,-0.710000038,12.77550001,Thursday,12.68764966
28-07-2023,12.78999996,12.85999966,12.44999981,12.55000019,16138300,12.28999996,0.040683483,12.59599991,0.409999847,1261790.465,0.239999771,12.79400001,Friday,12.7062588
31-07-2023,13.06999969,13.26000023,12.81999969,12.85999966,13445200,12.78999996,0.021892082,12.68799992,0.440000534,1028706.987,0.210000038,12.82049999,Monday,12.77239351
01-08-2023,12.86999989,13.09000015,12.72000027,13.02000046,12669900,13.06999969,-0.015302205,12.75599995,0.369999886,984452.2232,-0.150000572,12.81349998,Tuesday,12.79014012
02-08-2023,12.55000019,12.80000019,12.46000004,12.69999981,19885500,12.86999989,-0.024864001,12.71399994,0.340000153,1584501.968,-0.149999619,12.79949999,Wednesday,12.74647832
03-08-2023,12.89000034,13.01000023,12.11999989,12.47999954,34181500,12.55000019,0.027091645,12.83400002,0.890000343,2651784.258,0.410000801,12.8105,Thursday,12.77257323
04-08-2023,13.97000027,14.03999996,12.76000023,12.93999958,32466400,12.89000034,0.083785872,13.07000008,1.279999733,2324008.545,1.030000687,12.88200002,Friday,12.99028724
07-08-2023,14.47000027,14.5,13.84000015,14.09000015,29361200,13.97000027,0.03579098,13.35000019,0.659999847,2029108.463,0.380000114,12.95800004,Monday,13.25932597
08-08-2023,14.42000008,14.5,13.75,14.30000019,24606800,14.47000027,-0.003455438,13.66000023,0.75,1706435.497,0.119999886,13.01400003,Tuesday,13.47035763
09-08-2023,14.10999966,14.76000023,14.10999966,14.55000019,16817300,14.42000008,-0.021497949,13.97200012,0.650000572,1191871.042,-0.440000534,13.06150002,Wednesday,13.58665618
10-08-2023,14.11999989,14.52000046,14.06999969,14.27999973,12214300,14.10999966,0.000708733,14.21800003,0.450000763,865035.4178,-0.159999847,13.1125,Thursday,13.68362776
11-08-2023,13.69999981,14.27000046,13.68000031,14.01000023,11566400,14.11999989,-0.029745048,14.16399994,0.590000153,844262.7855,-0.31000042,13.17750001,Friday,13.6866045
14-08-2023,13.52999973,13.81000042,13.42000008,13.55000019,11363500,13.69999981,-0.012408765,13.97599983,0.390000343,839874.3699,-0.020000458,13.23849998,Monday,13.6581309
15-08-2023,13.42000008,13.56000042,13.14000034,13.36999989,8989500,13.52999973,-0.008130056,13.77599983,0.420000076,669858.4165,0.050000191,13.27099996,Tuesday,13.61483439
16-08-2023,13.18999958,13.47000027,13.14999962,13.26000023,8721000,13.42000008,-0.017138636,13.59199982,0.320000648,661182.7352,-0.070000648,13.26649995,Wednesday,13.5375917
17-08-2023,12.76000023,13.30000019,12.75,13.19999981,14732800,13.18999958,-0.032600407,13.31999989,0.550000191,1154608.13,-0.43999958,13.24899998,Thursday,13.39621143
18-08-2023,12.77999973,12.82999992,12.52999973,12.64000034,10902000,12.76000023,0.001567359,13.13599987,0.300000191,853051.661,0.13999939,13.24149995,Friday,13.28417294
21-08-2023,12.64999962,12.80000019,12.5,12.77000046,10927800,12.77999973,-0.010172153,12.95999985,0.300000191,863857.7336,-0.120000839,13.24349995,Monday,13.1688687
22-08-2023,12.53999996,12.78999996,12.46000004,12.63000011,10050900,12.64999962,-0.008695625,12.78399982,0.329999924,801507.1795,-0.090000153,13.24399996,Tuesday,13.05452893
23-08-2023,12.69999981,12.78999996,12.52000046,12.56999969,8524100,12.53999996,0.012759159,12.68599987,0.269999504,671188.9865,0.130000114,13.24099994,Wednesday,12.99006909
24-08-2023,12.69999981,12.82999992,12.47999954,12.63000011,14044800,12.69999981,0,12.67399979,0.350000381,1105889.78,0.069999695,13.26149993,Thursday,12.93732922
25-08-2023,12.27000046,12.80000019,11.94999981,12.65999985,18874000,12.69999981,-0.033858217,12.57199993,0.850000381,1538223.251,-0.38999939,13.23549995,Friday,12.81599672
28-08-2023,12.78999996,12.80000019,12.31000042,12.31000042,15302700,12.27000046,0.042379746,12.6,0.489999771,1196458.174,0.479999542,13.22149997,Monday,12.81127003
29-08-2023,12.94999981,13.03999996,12.71000004,12.82999992,11313300,12.78999996,0.012509761,12.68199997,0.329999924,873613.9125,0.119999886,13.22549996,Tuesday,12.83649363
30-08-2023,13.10999966,13.13000011,12.88000011,12.97000027,9543400,12.94999981,0.012355201,12.76399994,0.25,727948.1503,0.13999939,13.25349994,Wednesday,12.886222
31-08-2023,13.14000034,13.31000042,13.10000038,13.10000038,13170100,13.10999966,0.002288382,12.85200005,0.210000038,1002290.689,0.039999962,13.26599994,Thursday,12.93236352
01-09-2023,11.56000042,12.84000015,11.34000015,12.77999973,62845900,13.14000034,-0.120243522,12.71000004,1.5,5436496.342,-1.219999313,13.14549994,Friday,12.68284295
05-09-2023,11.64000034,11.96000004,11.34000015,11.59000015,25835300,11.56000042,0.006920408,12.48000011,0.619999886,2219527.426,0.050000191,13.00399995,Tuesday,12.49323521
06-09-2023,11.48999977,11.57999992,11.10000038,11.52999973,23007700,11.64000034,-0.012886647,12.18800011,0.479999542,2002410.832,-0.039999962,12.85749993,Wednesday,12.31082876
07-09-2023,11.02999973,11.43000031,10.85000038,11.39000034,28265600,11.48999977,-0.040034817,11.77200012,0.579999924,2562611.123,-0.36000061,12.70349994,Thursday,12.07795076
08-09-2023,11.31999969,11.39999962,11,11.07999992,28275100,11.02999973,0.026291928,11.40799999,0.399999619,2497800.421,0.239999771,12.56349993,Friday,11.94014147
11-09-2023,11.57999992,12.03999996,11.25,11.40999985,37363000,11.31999969,0.022968219,11.41199989,0.789999962,3226511.248,0.170000076,12.45749993,Monday,11.87466119
12-09-2023,11.32999992,11.85000038,11.27999973,11.72000027,26268800,11.57999992,-0.021588947,11.34999981,0.570000648,2318517.227,-0.390000343,12.34749994,Tuesday,11.77563187
13-09-2023,11.40999985,11.47000027,11.22000027,11.35999966,12547100,11.32999992,0.007060894,11.33399982,0.25,1099658.209,0.050000191,12.24699993,Wednesday,11.70915332
14-09-2023,11.72999954,11.77000046,11.42000008,11.60999966,16870600,11.40999985,0.028045548,11.47399979,0.350000381,1438243.875,0.119999886,12.17399993,Thursday,11.71294354
15-09-2023,11.84000015,12.18000031,11.68999958,11.75,30316100,11.72999954,0.009377717,11.57799988,0.490000725,2560481.386,0.090000153,12.12799993,Friday,11.73604474
18-09-2023,11.65999985,11.96000004,11.56999969,11.88000011,13642700,11.84000015,-0.015202728,11.59399986,0.390000343,1170042.897,-0.220000267,12.07199993,Monday,11.7222184
19-09-2023,11.64000034,11.75,11.52999973,11.65999985,10708700,11.65999985,-0.001715223,11.65599995,0.220000267,919991.3818,-0.019999504,12.02149997,Tuesday,11.70726966
20-09-2023,11.5,11.82999992,11.48999977,11.68000031,10685500,11.64000034,-0.012027521,11.67399998,0.340000153,929173.913,-0.180000305,11.96949997,Wednesday,11.66958427
21-09-2023,11.51000023,11.93000031,11.44999981,11.51000023,17361500,11.5,0.000869585,11.63000011,0.480000496,1508383.984,0,11.90999999,Thursday,11.64056899
22-09-2023,11.10000038,11.60999966,11.01000023,11.51000023,22925700,11.51000023,-0.035621185,11.48200016,0.599999428,2065378.307,-0.409999847,11.83000002,Friday,11.54228379
25-09-2023,10.65999985,11.18000031,10.61999989,11.14999962,22405100,11.10000038,-0.039639686,11.28200016,0.56000042,2101791.775,-0.489999771,11.74949999,Monday,11.38186853
26-09-2023,10.68999958,10.81000042,10.43000031,10.56999969,21457900,10.65999985,0.002814234,11.09200001,0.380000114,2007287.263,0.119999886,11.64449997,Tuesday,11.25607417
27-09-2023,11.02999973,11.11999989,10.76000023,10.76000023,20955300,10.68999958,0.031805441,10.99799995,0.359999657,1899845.921,0.269999504,11.54849997,Wednesday,11.21496973
28-09-2023,10.68999958,11.10000038,10.65999985,11.07999992,17806300,11.02999973,-0.030825037,10.83399982,0.440000534,1665696.978,-0.390000343,11.42749996,Thursday,11.11952061
29-09-2023,10.85999966,11.06999969,10.77000046,10.77000046,19127100,10.68999958,0.015902721,10.78599968,0.299999237,1761243.15,0.089999199,11.31349993,Friday,11.07233498
02-10-2023,10.51000023,10.89000034,10.34000015,10.80000019,18332000,10.85999966,-0.032228309,10.75599976,0.550000191,1744243.54,-0.289999962,11.26099992,Monday,10.9700923
03-10-2023,10.35000038,10.73999977,10.30000019,10.39000034,20757100,10.51000023,-0.015223582,10.68799992,0.43999958,2005516.834,-0.039999962,11.19649992,Tuesday,10.85734831
04-10-2023,10.28999996,10.39999962,9.989999771,10.38000011,17845200,10.35000038,-0.005797142,10.53999996,0.409999847,1734227.412,-0.090000153,11.13649993,Wednesday,10.75419407
05-10-2023,10.09000015,10.31999969,9.880000114,10.19999981,22760300,10.28999996,-0.019436328,10.42000008,0.43999958,2255728.41,-0.109999657,11.08949995,Thursday,10.63343154
06-10-2023,10.27999973,10.42000008,9.949999809,10,21052700,10.09000015,0.018830483,10.30400009,0.470000267,2047928.069,0.279999733,11.03749995,Friday,10.56917121
09-10-2023,10.52999973,10.56000042,10.06999969,10.13000011,15518600,10.27999973,0.024319067,10.30799999,0.490000725,1473751.224,0.399999619,10.98499994,Monday,10.56204912
10-10-2023,10.67000008,10.77000046,10.43999958,10.55000019,26641800,10.52999973,0.01329538,10.37199993,0.330000877,2496888.454,0.119999886,10.95199995,Tuesday,10.58167657
11-10-2023,10.96000004,10.96000004,10.68000031,10.68000031,18216200,10.67000008,0.027179003,10.50599995,0.279999733,1662062.038,0.279999733,10.92949996,Wednesday,10.65046265
12-10-2023,10.31999969,10.98999977,10.26000023,10.96000004,14748400,10.96000004,-0.058394192,10.55199986,0.729999542,1429108.569,-0.640000343,10.85899997,Thursday,10.59037848
13-10-2023,10.36999989,10.44999981,10.14999962,10.28999996,15401300,10.31999969,0.00484498,10.56999989,0.300000191,1485178.416,0.079999924,10.78549995,Friday,10.55030964
16-10-2023,10.89999962,10.96000004,10.30000019,10.44999981,17824300,10.36999989,0.051108943,10.64399986,0.659999847,1635256.938,0.449999809,10.74749994,Monday,10.61388964
17-10-2023,10.92000008,11.03999996,10.78999996,10.81999969,13479300,10.89999962,0.001834904,10.69399986,0.25,1234368.123,0.100000381,10.71149993,Tuesday,10.66954608
18-10-2023,10.57999992,10.85000038,10.56000042,10.78999996,12669700,10.92000008,-0.031135545,10.61799984,0.289999962,1197514.186,-0.210000038,10.66549993,Wednesday,10.65326496
19-10-2023,10.39000034,10.76000023,10.32999992,10.71000004,14655000,10.57999992,-0.017958373,10.63199997,0.430000305,1410490.81,-0.319999695,10.60949993,Thursday,10.60539867
20-10-2023,10.32999992,10.60999966,10.26000023,10.39000034,14212200,10.39000034,-0.005774824,10.62399998,0.349999428,1375818.016,-0.06000042,10.57099991,Friday,10.55532617
23-10-2023,10.14000034,10.40999985,10.10999966,10.26000023,14015200,10.32999992,-0.01839299,10.47200012,0.300000191,1382169.578,-0.119999886,10.54499993,Monday,10.47981238
24-10-2023,10.07999992,10.47999954,10.05000019,10.18999958,17892700,10.14000034,-0.005917201,10.30400009,0.429999352,1775069.458,-0.109999657,10.51449995,Tuesday,10.40711921
25-10-2023,9.729999542,10.18000031,9.720000267,10.01000023,32193700,10.07999992,-0.03472226,10.13400002,0.460000038,3308705.192,-0.280000687,10.44949994,Wednesday,10.28400654
26-10-2023,9.800000191,9.970000267,9.569999695,9.699999809,18682700,9.729999542,0.007194312,10.01599998,0.400000572,1906397.922,0.100000381,10.40499997,Thursday,10.19600539
27-10-2023,9.550000191,9.909999847,9.529999733,9.800000191,15162000,9.800000191,-0.025510204,9.860000038,0.380000114,1587643.947,-0.25,10.3395,Friday,10.0785499
30-10-2023,9.850000381,9.970000267,9.630000114,9.649999619,18128400,9.550000191,0.031413632,9.802000046,0.340000153,1840446.629,0.200000763,10.30650001,Monday,10.03699544
31-10-2023,9.93999958,10.10999966,9.800000191,9.890000343,23004200,9.850000381,0.009136974,9.773999977,0.309999466,2314305.933,0.049999237,10.28599997,Tuesday,10.01935983
01-11-2023,10.07999992,10.21000004,9.840000153,9.970000267,20037500,9.93999958,0.014084542,9.844000053,0.369999886,1987847.237,0.109999657,10.27549996,Wednesday,10.0303853
02-11-2023,11.07999992,11.10000038,10.25,10.27999973,29635200,10.07999992,0.09920635,10.1,0.850000381,2674657.058,0.800000191,10.32499995,Thursday,10.22122432
03-11-2023,11.77000046,11.88000011,11.38000011,11.39999962,25064600,11.07999992,0.062274417,10.54400005,0.5,2129532.627,0.370000839,10.39949999,Friday,10.50281998
06-11-2023,11.44999981,11.77000046,11.25,11.60999966,20804800,11.77000046,-0.02718782,10.86399994,0.520000458,1817013.131,-0.159999847,10.44549999,Monday,10.6750345
07-11-2023,11.60999966,11.71000004,11.35000038,11.44999981,24405100,11.44999981,0.013973786,11.19799995,0.359999657,2102075.859,0.159999847,10.49249997,Tuesday,10.84502816
08-11-2023,9.399999619,10.32999992,9.380000114,10.18999958,80193400,11.60999966,-0.190353153,11.06199989,0.949999809,8531213.112,-0.789999962,10.41449995,Wednesday,10.5822957
09-11-2023,9.640000343,9.829999924,9.270000458,9.670000076,39753900,9.399999619,0.025531993,10.77399998,0.559999466,4123848.401,-0.029999733,10.38049998,Thursday,10.41096927
10-11-2023,10.13000011,10.19999981,9.600000381,9.680000305,34526800,9.640000343,0.05082985,10.44599991,0.599999428,3408371.136,0.449999809,10.36849999,Friday,10.35988397
13-11-2023,9.890000343,10.06999969,9.630000114,10.01000023,18631300,10.13000011,-0.023691981,10.13400002,0.43999958,1883852.311,-0.119999886,10.31800003,Monday,10.27445058
14-11-2023,10.43999958,10.85000038,10.27000046,10.28999996,27971300,9.890000343,0.05561165,9.9,0.579999924,2679243.403,0.149999619,10.29400001,Tuesday,10.3045504
15-11-2023,10.56000042,10.64000034,10.38000011,10.43999958,21896900,10.43999958,0.011494334,10.13200016,0.260000229,2073569.993,0.120000839,10.29300003,Wednesday,10.35099586
16-11-2023,10.31999969,10.64999962,9.970000267,10.53999996,21984300,10.56000042,-0.02272734,10.26800003,0.679999352,2130261.691,-0.220000267,10.2895,Thursday,10.34536019
17-11-2023,10.71000004,10.77999973,10.27999973,10.43999958,18719400,10.31999969,0.037790732,10.38400002,0.5,1747843.131,0.270000458,10.3085,Friday,10.41165835
20-11-2023,10.73999977,10.82999992,10.53999996,10.77999973,18732200,10.71000004,0.002801096,10.5539999,0.289999962,1744152.737,-0.039999962,10.33849998,Monday,10.47135679
21-11-2023,10.57999992,10.68000031,10.47999954,10.59000015,10220100,10.73999977,-0.014897565,10.58199997,0.200000763,965982.9937,-0.010000229,10.36349998,Tuesday,10.49111008
22-11-2023,10.65999985,10.75,10.60000038,10.67000008,12169700,10.57999992,0.00756143,10.60199986,0.149999619,1141622.906,-0.010000229,10.40999999,Wednesday,10.52181731
24-11-2023,10.85000038,10.94999981,10.60999966,10.61999989,6786100,10.65999985,0.01782369,10.70799999,0.340000153,625446.9826,0.230000496,10.4625,Friday,10.58148696
27-11-2023,10.77999973,10.93999958,10.68999958,10.76000023,17049600,10.85000038,-0.006451672,10.72199993,0.25,1581595.586,0.019999504,10.52399998,Monday,10.61758019
28-11-2023,10.61999989,10.78999996,10.5,10.72999954,32676700,10.77999973,-0.014842287,10.69799995,0.289999962,3076902.105,-0.109999657,10.56249995,Tuesday,10.61802014
29-11-2023,10.77999973,10.90999985,10.55000019,10.72000027,24145000,10.61999989,0.015065899,10.73799992,0.359999657,2239795.974,0.059999466,10.60449996,Wednesday,10.64747097
30-11-2023,10.44999981,10.82999992,10.38000011,10.77000046,27490100,10.77999973,-0.030612239,10.69599991,0.449999809,2630631.627,-0.320000648,10.62299995,Thursday,10.61156713
01-12-2023,11.32999992,11.52000046,10.35999966,10.47999954,32077900,10.44999981,0.084210539,10.79199982,1.160000801,2831235.677,0.850000381,10.63549995,Friday,10.74219127
04-12-2023,11.39000034,11.43999958,11.15999985,11.23999977,20425200,11.32999992,0.005295712,10.91399994,0.279999733,1793257.189,0.150000572,10.61649995,Monday,10.85997474
05-12-2023,10.86999989,11.31000042,10.77999973,11.22999954,19524300,11.39000034,-0.045654121,10.96399994,0.530000687,1796163.772,-0.359999657,10.58749995,Tuesday,10.86179749
06-12-2023,10.92000008,11.27999973,10.89000034,11.02999973,15783100,10.86999989,0.004599834,10.99200001,0.38999939,1445338.818,-0.109999657,10.55299997,Wednesday,10.87237978
07-12-2023,10.81999969,11.09000015,10.72999954,10.94999981,17100000,10.92000008,-0.009157544,11.06599998,0.36000061,1580406.699,-0.130000114,10.62399998,Thursday,10.86285613
08-12-2023,11.47000027,11.68000031,11,11,27965600,10.81999969,0.060073992,11.09400005,0.680000305,2438151.643,0.470000267,10.71549997,Friday,10.97324597
11-12-2023,11.43000031,11.73999977,11.14000034,11.61999989,21970800,11.47000027,-0.003487355,11.10200005,0.599999428,1922204.673,-0.18999958,10.78049998,Monday,11.05629221
12-12-2023,11.22999954,11.47999954,11.14999962,11.44999981,16669400,11.43000031,-0.017497879,11.17399998,0.329999924,1484363.373,-0.220000267,10.84749994,Tuesday,11.08787536
13-12-2023,11.88000011,11.89000034,11.06000042,11.15999985,23694200,11.22999954,0.05788073,11.36599998,0.829999924,1994461.26,0.720000267,10.91949997,Wednesday,11.23189805
14-12-2023,12.48999977,12.69999981,12.07999992,12.10999966,35317300,11.88000011,0.051346772,11.7,0.619999886,2827646.169,0.380000114,11.01599994,Thursday,11.46064381
15-12-2023,12.26000023,12.68000031,12.18000031,12.52999973,43112700,12.48999977,-0.018414695,11.85799999,0.5,3516533.376,-0.269999504,11.11299996,Friday,11.60598134
18-12-2023,11.97000027,12.34000015,11.93999958,12.31999969,19202800,12.26000023,-0.023654156,11.96599998,0.400000572,1604243.907,-0.349999428,11.17599998,Monday,11.6721666
19-12-2023,12.35999966,12.43999958,11.93999958,11.93999958,17263400,11.97000027,0.032581402,12.19200001,0.5,1396715.249,0.420000076,11.25699997,Tuesday,11.79722716
20-12-2023,11.65999985,12.56999969,11.48999977,12.31999969,36623000,12.35999966,-0.05663429,12.14799995,1.079999924,3140909.132,-0.659999847,11.31099997,Wednesday,11.77227674
21-12-2023,11.48999977,11.84000015,10.92000008,11.81000042,46101300,11.65999985,-0.014579767,11.94799995,0.920000076,4012297.73,-0.320000648,11.35249996,Thursday,11.72095365
22-12-2023,11.27000046,11.63000011,11.21000004,11.5,21560800,11.48999977,-0.019147025,11.75,0.420000076,1913114.385,-0.229999542,11.37349997,Friday,11.63896216
26-12-2023,11.5,11.56000042,11.17000008,11.27000046,17934500,11.27000046,0.020408122,11.65599995,0.390000343,1559521.739,0.229999542,11.40949998,Tuesday,11.61369632
27-12-2023,11.48999977,11.56000042,11.28999996,11.47000027,20714200,11.5,-0.000869585,11.48199997,0.270000458,1802802.473,0.019999504,11.45299997,Wednesday,11.59120603
28-12-2023,11.68999958,11.73999977,11.43000031,11.43999958,16578600,11.48999977,0.017406424,11.48799992,0.309999466,1418186.535,0.25,11.49849997,Thursday,11.6091685
29-12-2023,11.38000011,11.65999985,11.32999992,11.55000019,20267500,11.68999958,-0.026518347,11.46599998,0.329999924,1780975.378,-0.170000076,11.54499998,Friday,11.56750152
02-01-2024,11.65999985,12,11.27000046,11.31999969,26265000,11.38000011,0.024604546,11.54399986,0.729999542,2252572.928,0.340000153,11.56149998,Tuesday,11.5843194
03-01-2024,11.30000019,11.56000042,11.18000031,11.47999954,20179600,11.65999985,-0.030874757,11.5039999,0.380000114,1785805.28,-0.179999352,11.55699997,Wednesday,11.532625
04-01-2024,11.35000038,11.39000034,11.18000031,11.31000042,19777800,11.30000019,0.004424796,11.47600002,0.210000038,1742537.386,0.039999962,11.58099999,Thursday,11.49942052
05-01-2024,11.19999981,11.52999973,11.11999989,11.27000046,20257300,11.35000038,-0.013215909,11.37800007,0.409999847,1808687.531,-0.070000648,11.59499998,Friday,11.44498039
08-01-2024,11.39999962,11.48999977,11.14999962,11.22000027,17424200,11.19999981,0.017857126,11.38199997,0.340000153,1528438.648,0.179999352,11.62399998,Monday,11.43680207
09-01-2024,11.02999973,11.26000023,10.97000027,11.22999954,20173700,11.39999962,-0.032456131,11.25599995,0.289999962,1828984.632,-0.199999809,11.60199995,Tuesday,11.36283801
10-01-2024,10.97000027,11.15999985,10.81999969,10.98999977,16741500,11.02999973,-0.005439662,11.18999996,0.340000153,1526116.645,-0.019999504,11.57899995,Wednesday,11.29141296
11-01-2024,10.53999996,10.76000023,10.42000008,10.76000023,22352700,10.97000027,-0.039197839,11.02799988,0.340000153,2120749.533,-0.220000267,11.54449997,Thursday,11.15479242
12-01-2024,10.64999962,10.73999977,10.47999954,10.67000008,16865500,10.53999996,0.0104364,10.91799984,0.260000229,1583615.08,-0.020000458,11.48299994,Friday,11.06301191
16-01-2024,10.35000038,10.56999969,10.27999973,10.52000046,15792600,10.64999962,-0.028168943,10.70799999,0.289999962,1525855.016,-0.170000076,11.37599998,Tuesday,10.93337345
17-01-2024,10.15999985,10.27000046,10.05000019,10.10999966,15385300,10.35000038,-0.018357539,10.53400002,0.220000267,1514301.204,0.050000191,11.27099996,Wednesday,10.79276007
18-01-2024,10.27999973,10.31999969,10.18000031,10.18000031,13386600,10.15999985,0.011811013,10.39599991,0.13999939,1302198.477,0.099999428,11.18649993,Thursday,10.69953092
19-01-2024,10.35000038,10.36999989,10.01000023,10.28999996,18340300,10.27999973,0.006809402,10.35799999,0.359999657,1772009.597,0.06000042,11.08599997,Friday,10.63597991
22-01-2024,10.47000027,10.65999985,10.34000015,10.38000011,14255200,10.35000038,0.011594191,10.32200012,0.319999695,1361528.141,0.090000153,11.02649999,Monday,10.60580179
23-01-2024,10.53999996,10.72999954,10.43999958,10.64999962,15646900,10.47000027,0.00668574,10.36000004,0.289999962,1484525.622,-0.109999657,10.979,Tuesday,10.59383782
24-01-2024,10.40999985,10.75,10.35000038,10.72000027,15861500,10.53999996,-0.012333977,10.41000004,0.399999619,1523679.177,-0.31000042,10.93599997,Wednesday,10.56041274
25-01-2024,10.57999992,10.86999989,10.39000034,10.60000038,21361900,10.40999985,0.016330459,10.47000008,0.479999542,2019083.19,-0.020000458,10.88999996,Thursday,10.56397404
26-01-2024,10.61999989,10.65999985,10.47000027,10.59000015,12071900,10.57999992,0.003780715,10.52399998,0.18999958,1136713.76,0.029999733,10.84649997,Friday,10.57416056
29-01-2024,10.48999977,10.5,10.25,10.39000034,24543800,10.61999989,-0.012241066,10.52799988,0.25,2339733.13,0.099999428,10.78649998,Monday,10.5588586
30-01-2024,10.10000038,10.43000031,10.05000019,10.39999962,23542200,10.48999977,-0.037178208,10.43999996,0.380000114,2330910.803,-0.299999237,10.72249999,Tuesday,10.47542983
31-01-2024,10.02000046,10.39999962,10.02000046,10.22999954,26018400,10.10000038,-0.007920784,10.36200008,0.379999161,2596646.588,-0.209999084,10.64050002,Wednesday,10.39262449
01-02-2024,10.46000004,10.51000023,10.05000019,10.06000042,41932300,10.02000046,0.043912132,10.33800011,0.460000038,4008824.077,0.399999619,10.59850001,Thursday,10.40487459
02-02-2024,10.25,10.36999989,10.13000011,10.36999989,16110600,10.46000004,-0.020076485,10.26400013,0.239999771,1571765.854,-0.119999886,10.54349999,Friday,10.37671557
05-02-2024,10.06999969,10.19999981,10,10.13000011,15338400,10.25,-0.017561005,10.18000011,0.199999809,1523177.802,-0.06000042,10.48699999,Monday,10.32094905
06-02-2024,10.06999969,10.25,10.01000023,10.06000042,14315000,10.06999969,0,10.17399998,0.239999771,1421549.199,0.009999275,10.42049999,Tuesday,10.2753219
07-02-2024,9.75,10.35000038,9.630000114,10.35000038,33500200,10.06999969,-0.031777528,10.11999989,0.720000267,3435917.949,-0.600000381,10.35650001,Wednesday,10.17980882
08-02-2024,9.829999924,9.970000267,9.649999619,9.869999886,19677400,9.75,0.00820512,9.993999863,0.320000648,2001770.107,-0.039999962,10.29949999,Thursday,10.11620721
09-02-2024,9.640000343,9.890000343,9.569999695,9.829999924,22852500,9.829999924,-0.019328543,9.871999931,0.320000648,2370591.202,-0.18999958,10.25450001,Friday,10.02962414
12-02-2024,9.960000038,10.02999973,9.56000042,9.590000153,23498500,9.640000343,0.033194988,9.85,0.469999313,2359287.14,0.369999886,10.22000003,Monday,10.01696521
13-02-2024,9.539999962,9.739999771,9.430000305,9.680000305,24024700,9.960000038,-0.042168682,9.744000053,0.309999466,2518312.379,-0.140000343,10.17950001,Tuesday,9.930244257
14-02-2024,9.729999542,9.789999962,9.56000042,9.680000305,27908400,9.539999962,0.019916099,9.739999962,0.229999542,2868283.794,0.049999237,10.15799999,Wednesday,9.893836127
15-02-2024,10.14000034,10.14999962,9.720000267,9.729999542,26449500,9.729999542,0.042137803,9.802000046,0.429999352,2608431.864,0.410000801,10.15100002,Thursday,9.938593257
16-02-2024,9.829999924,10.11999989,9.81000042,10.02000046,19863400,10.14000034,-0.030572032,9.839999962,0.309999466,2020691.776,-0.190000534,10.125,Friday,9.918849015
20-02-2024,9.890000343,10.05000019,9.720000267,9.760000229,24259500,9.829999924,0.006103807,9.826000023,0.329999924,2452932.17,0.130000114,10.096,Tuesday,9.913603802
21-02-2024,9.569999695,9.949999809,9.529999733,9.930000305,25976100,9.890000343,-0.03235598,9.831999969,0.420000076,2714326.105,-0.36000061,10.04749999,Wednesday,9.851130328
22-02-2024,9.56000042,9.670000076,9.510000229,9.659999847,31559700,9.569999695,-0.001044856,9.798000145,0.159999847,3301223.704,-0.099999428,10.00500002,Thursday,9.798197617
23-02-2024,8.609999657,8.75,8.25,8.649999619,98206900,9.56000042,-0.09937246,9.492000008,0.5,11406144.47,-0.039999962,9.906500006,Friday,9.582161624
26-02-2024,8.550000191,8.859999657,8.430000305,8.779999733,35389800,8.609999657,-0.006968579,9.236000061,0.429999352,4139157.802,-0.229999542,9.803000021,Monday,9.394495909
27-02-2024,8.699999809,8.75,8.449999809,8.590000153,31750900,8.550000191,0.017543815,8.997999954,0.300000191,3649528.816,0.109999657,9.713500023,Tuesday,9.268223891
28-02-2024,8.710000038,8.729999542,8.470000267,8.550000191,29823500,8.699999809,0.001149452,8.826000023,0.259999275,3424052.798,0.159999847,9.644000006,Wednesday,9.166728645
29-02-2024,8.789999962,8.979999542,8.670000076,8.819999695,40314700,8.710000038,0.009184836,8.671999931,0.309999466,4586427.779,-0.029999733,9.582499981,Thursday,9.098232521
01-03-2024,8.670000076,8.840000153,8.630000114,8.800000191,28596300,8.789999962,-0.013651864,8.684000015,0.210000038,3298304.469,-0.130000114,9.492999983,Friday,9.020372076
04-03-2024,8.109999657,8.619999886,8.100000381,8.600000381,52169600,8.670000076,-0.06459059,8.595999908,0.519999504,6432749.964,-0.490000725,9.385999966,Monday,8.854849818
05-03-2024,8.140000343,8.31000042,8.020000458,8.06000042,33736400,8.109999657,0.003699222,8.484000015,0.289999962,4144520.71,0.079999924,9.289499998,Tuesday,8.724877186
06-03-2024,8.409999847,8.460000038,8.170000076,8.220000267,33233600,8.140000343,0.033169471,8.423999977,0.289999962,3951676.647,0.18999958,9.206500006,Wednesday,8.667626761
07-03-2024,8.739999771,8.770000458,8.449999809,8.460000038,33243200,8.409999847,0.039238993,8.413999939,0.320000648,3803569.894,0.279999733,9.155999994,Thursday,8.68078549
08-03-2024,8.729999542,8.829999924,8.649999619,8.770000458,19626500,8.739999771,-0.001144191,8.425999832,0.180000305,2248167.357,-0.040000916,9.100999975,Friday,8.6897335
11-03-2024,9.069999695,9.25,8.699999809,8.760000229,36080200,8.729999542,0.038946182,8.61799984,0.550000191,3977971.468,0.309999466,9.072499943,Monday,8.758872808
12-03-2024,8.859999657,9.279999733,8.819999695,9.170000076,26350800,9.069999695,-0.023153257,8.761999702,0.460000038,2974131.041,-0.31000042,9.017499924,Tuesday,8.777259508
13-03-2024,8.850000381,9.039999962,8.819999695,8.890000343,20397000,8.859999657,-0.001128586,8.849999809,0.220000267,2304745.663,-0.039999962,8.982999945,Wednesday,8.790485121
14-03-2024,8.529999733,8.850000381,8.409999847,8.800000191,26471600,8.850000381,-0.036158264,8.807999802,0.440000534,3103352.969,-0.270000458,8.922999954,Thursday,8.743124141
15-03-2024,8.539999962,8.659999847,8.510000229,8.529999733,50377900,8.529999733,0.00117236,8.769999886,0.149999619,5899051.549,0.010000229,8.842999935,Friday,8.706192472
18-03-2024,8.479999542,8.600000381,8.390000343,8.600000381,29617500,8.539999962,-0.00702581,8.651999855,0.210000038,3492629.906,-0.120000839,8.775499916,Monday,8.665066485
19-03-2024,8.5,8.529999733,8.399999619,8.43999958,18367300,8.479999542,0.002358545,8.579999924,0.130000114,2160858.824,0.06000042,8.705999899,Tuesday,8.635054397
20-03-2024,8.739999771,8.800000191,8.409999847,8.43999958,23341900,8.5,0.028235267,8.557999802,0.390000343,2670698.01,0.300000191,8.664499903,Wednesday,8.654135374
21-03-2024,8.720000267,9.050000191,8.710000038,8.909999847,46855600,8.739999771,-0.002288273,8.595999908,0.340000153,5373348.459,-0.18999958,8.622499895,Thursday,8.666110809
22-03-2024,8.43999958,8.770000458,8.43999958,8.720000267,28546200,8.720000267,-0.03211017,8.575999832,0.330000877,3382251.353,-0.280000687,8.613999891,Friday,8.624999677
25-03-2024,8.460000038,8.520000458,8.350000381,8.5,28115600,8.43999958,0.002369723,8.571999931,0.170000076,3323356.959,-0.039999962,8.609499884,Monday,8.594999742
26-03-2024,8.380000114,8.529999733,8.270000458,8.510000229,26997400,8.460000038,-0.009456256,8.547999954,0.259999275,3221646.734,-0.130000114,8.593499899,Tuesday,8.555908901
27-03-2024,8.640000343,8.659999847,8.430000305,8.430000305,27785000,8.380000114,0.03102628,8.528000069,0.229999542,3215856.354,0.210000038,8.589999914,Wednesday,8.571198254
28-03-2024,8.729999542,8.770000458,8.630000114,8.659999847,17557500,8.640000343,0.010416574,8.529999924,0.140000343,2011168.49,0.069999695,8.586999893,Thursday,8.600071216
01-04-2024,8.789999962,8.800000191,8.600000381,8.800000191,23076000,8.729999542,0.006872901,8.6,0.199999809,2625255.984,-0.010000229,8.592999887,Monday,8.634603715
02-04-2024,8.479999542,8.680000305,8.369999886,8.579999924,24729700,8.789999962,-0.035267397,8.603999901,0.31000042,2916238.365,-0.100000381,8.611499882,Tuesday,8.606493865
03-04-2024,8.729999542,8.779999733,8.409999847,8.520000458,31416500,8.479999542,0.029481134,8.673999786,0.369999886,3598682.892,0.209999084,8.640999842,Wednesday,8.628949443
04-04-2024,8.43999958,8.850000381,8.430000305,8.729999542,28770200,8.729999542,-0.033218783,8.633999634,0.420000076,3408791.639,-0.289999962,8.642499828,Thursday,8.594594922
05-04-2024,8.319999695,8.479999542,8.159999847,8.399999619,35236500,8.43999958,-0.014217997,8.551999664,0.319999695,4235156.405,-0.079999924,8.621499825,Friday,8.544668517
08-04-2024,8.520000458,8.569999695,8.270000458,8.31000042,29683600,8.319999695,0.024038554,8.497999763,0.299999237,3483990.423,0.210000038,8.61099987,Monday,8.540183416
09-04-2024,8.68999958,8.840000153,8.510000229,8.520000458,26272500,8.520000458,0.019952948,8.539999771,0.329999924,3023302.793,0.169999123,8.591999865,Tuesday,8.567422718
10-04-2024,8.319999695,8.520000458,8.220000267,8.479999542,36508900,8.68999958,-0.042577664,8.457999802,0.300000191,4388089.103,-0.159999847,8.564999866,Wednesday,8.522436714
11-04-2024,8.539999962,8.579999924,8.210000038,8.369999886,36373400,8.319999695,0.026442341,8.477999878,0.369999886,4259180.347,0.170000076,8.549499846,Thursday,8.525630032
12-04-2024,8.340000153,8.5,8.319999695,8.430000305,23431200,8.539999962,-0.023419182,8.481999969,0.180000305,2809496.351,-0.090000153,8.539999866,Friday,8.491879145
15-04-2024,8.359999657,8.520000458,8.350000381,8.380000114,27258900,8.340000153,0.002398022,8.449999809,0.170000076,3260634.105,-0.020000458,8.530999851,Monday,8.467901056
16-04-2024,8.140000343,8.340000153,8.06000042,8.329999924,33900600,8.359999657,-0.026315708,8.339999962,0.279999733,4164692.699,-0.18999958,8.513999891,Tuesday,8.408282745
17-04-2024,8.229999542,8.350000381,8.170000076,8.229999542,19760800,8.140000343,0.011056412,8.321999931,0.180000305,2401069.392,0,8.500499868,Wednesday,8.375867617
18-04-2024,8.31000042,8.390000343,8.18999958,8.25,22111500,8.229999542,0.009720642,8.276000023,0.200000763,2660830.191,0.06000042,8.478999901,Thursday,8.363891763
19-04-2024,8.399999619,8.5,8.289999962,8.329999924,26352800,8.31000042,0.010830228,8.287999916,0.210000038,3137238.238,0.069999695,8.462999868,Friday,8.370456828
22-04-2024,8.470000267,8.489999771,8.31000042,8.43999958,16314400,8.399999619,0.008333411,8.310000038,0.179999352,1926139.255,0.030000687,8.464499903,Monday,8.388555635
23-04-2024,8.43999958,8.630000114,8.270000458,8.319999695,25151100,8.470000267,-0.003541994,8.369999886,0.359999657,2979988.3,0.119999886,8.46349988,Tuesday,8.397909079
24-04-2024,8.380000114,8.399999619,8.260000229,8.350000381,20324200,8.43999958,-0.007108942,8.4,0.13999939,2425322.163,0.029999733,8.46349988,Wednesday,8.394652904
25-04-2024,8.289999962,8.340000153,8.119999886,8.279999733,24682100,8.380000114,-0.010739875,8.395999908,0.220000267,2977334.151,0.010000229,8.445999861,Thursday,8.375625096
26-04-2024,8.109999657,8.199999809,8.06000042,8.18999958,19754400,8.289999962,-0.021712944,8.337999916,0.13999939,2435807.748,-0.079999924,8.414999866,Friday,8.327329562
29-04-2024,8.149999619,8.300000191,8.109999657,8.180000305,17655400,8.109999657,0.004932178,8.273999786,0.190000534,2166306.85,-0.030000687,8.382999849,Monday,8.295087754
30-04-2024,7.360000134,8.119999886,7.349999905,8.069999695,83395800,8.149999619,-0.096932457,8.057999897,0.769999981,11330950.88,-0.709999561,8.326999879,Tuesday,8.125071823
01-05-2024,7.619999886,7.809999943,7.340000153,7.349999905,43588100,7.360000134,0.035326053,7.905999851,0.46999979,5720223.183,0.269999981,8.271499896,Wednesday,8.033240562
02-05-2024,7.949999809,8.010000229,7.650000095,7.670000076,36795700,7.619999886,0.043307077,7.837999821,0.360000134,4628390.048,0.279999733,8.246999907,Thursday,8.018105879
03-05-2024,7.96999979,8.279999733,7.909999847,7.989999771,35712300,7.949999809,0.002515721,7.809999847,0.369999886,4480840.77,-0.019999981,8.229499912,Friday,8.009359318
06-05-2024,7.960000038,8.079999924,7.909999847,8.069999695,29714200,7.96999979,-0.001254674,7.771999931,0.170000076,3732939.681,-0.109999657,8.201499891,Monday,8.000384903
07-05-2024,7.769999981,8.039999962,7.760000229,7.949999809,25168900,7.960000038,-0.023869354,7.853999901,0.279999733,3239240.677,-0.179999828,8.155499911,Tuesday,7.958496736
08-05-2024,7.800000191,7.929999828,7.610000134,7.71999979,30591500,7.769999981,0.003861031,7.889999962,0.319999695,3921987.084,0.080000401,8.129499936,Wednesday,7.929679182
09-05-2024,8.039999962,8.069999695,7.510000229,7.570000172,52041400,7.800000191,0.030769201,7.907999992,0.559999466,6472810.976,0.46999979,8.104499936,Thursday,7.949737506
10-05-2024,8.149999619,8.399999619,8.090000153,8.149999619,35600500,8.039999962,0.013681549,7.943999958,0.309999466,4368159.714,0,8.094999909,Friday,7.986148799
13-05-2024,8.380000114,8.590000153,8.25,8.300000191,28369400,8.149999619,0.028220921,8.027999973,0.340000153,3385369.882,0.079999924,8.095999932,Monday,8.057758129
14-05-2024,8.56000042,8.680000305,8.43999958,8.489999771,30873700,8.380000114,0.02147975,8.186000061,0.240000725,3606740.477,0.070000648,8.116999936,Tuesday,8.149074909
15-05-2024,8.199999809,8.699999809,8.149999619,8.68999958,33133100,8.56000042,-0.042056144,8.265999985,0.550000191,4040622.045,-0.489999771,8.115499949,Wednesday,8.158333982
16-05-2024,8.229999542,8.289999962,8,8.239999771,25945200,8.199999809,0.003658504,8.303999901,0.289999962,3152515.364,-0.010000229,8.111499906,Thursday,8.171364084
17-05-2024,8.050000191,8.220000267,8.020000458,8.220000267,21230700,8.229999542,-0.021871125,8.284000015,0.199999809,2637353.975,-0.170000076,8.093999934,Friday,8.149297921
20-05-2024,8.090000153,8.119999886,7.989999771,8.050000191,18270900,8.050000191,0.004968939,8.226000023,0.130000114,2258454.84,0.039999962,8.074999928,Monday,8.138516509
21-05-2024,7.889999866,8.109999657,7.880000114,8.090000153,37074600,8.090000153,-0.024721914,8.091999912,0.229999542,4698935.441,-0.200000286,8.047499943,Tuesday,8.093331665
22-05-2024,8.06000042,8.079999924,7.75,7.869999886,36801000,7.889999866,0.021546332,8.064000034,0.329999924,4565880.656,0.190000534,8.031499958,Wednesday,8.087271438
23-05-2024,7.699999809,8.069999695,7.679999828,8.06000042,37917200,8.06000042,-0.044665086,7.958000088,0.389999866,4924311.81,-0.36000061,8.00199995,Thursday,8.016858415
24-05-2024,7.730000019,7.78000021,7.630000114,7.739999771,23370900,7.699999809,0.003896131,7.894000053,0.150000095,3023402.321,-0.009999752,7.982999969,Friday,7.964702343
28-05-2024,7.869999886,7.909999847,7.639999866,7.730000019,29957500,7.730000019,0.018111238,7.85,0.269999981,3806543.893,0.139999866,7.968999982,Tuesday,7.947483714
29-05-2024,7.659999847,7.869999886,7.619999886,7.75,21184500,7.869999886,-0.026683614,7.803999996,0.25,2765600.577,-0.090000153,7.983999968,Wednesday,7.89521392
30-05-2024,8.079999924,8.130000114,7.610000134,7.690000057,40549700,7.659999847,0.054830298,7.807999897,0.519999981,5018527.275,0.389999866,8.006999969,Thursday,7.928811376
31-05-2024,8.239999771,8.569999695,8.109999657,8.159999847,60338300,8.079999924,0.019801962,7.915999889,0.460000038,7322609.427,0.079999924,8.021499968,Friday,7.985391084
03-06-2024,8.329999924,8.550000191,8.220000267,8.460000038,23507800,8.239999771,0.010922349,8.03599987,0.329999924,2822064.852,-0.130000114,8.039499974,Monday,8.048047237
04-06-2024,8.239999771,8.380000114,8.180000305,8.289999962,21686000,8.329999924,-0.01080434,8.109999847,0.199999809,2631796.19,-0.050000191,8.053499961,Tuesday,8.082947697
05-06-2024,8.300000191,8.369999886,8.079999924,8.270000458,23190400,8.239999771,0.007281605,8.237999916,0.289999962,2794024.032,0.029999733,8.079999971,Wednesday,8.122411787
06-06-2024,8.340000153,8.579999924,8.170000076,8.239999771,29863400,8.300000191,0.004819272,8.289999962,0.409999847,3580743.34,0.100000381,8.106999969,Thursday,8.161973308
07-06-2024,8.270000458,8.329999924,8.159999847,8.220000267,14029000,8.340000153,-0.008393249,8.296000099,0.170000076,1696372.337,0.050000191,8.118499994,Friday,8.181614608
10-06-2024,8.119999886,8.260000229,8.050000191,8.199999809,15611600,8.270000458,-0.018137916,8.254000092,0.210000038,1922610.865,-0.079999924,8.117000008,Monday,8.170411931
11-06-2024,8.039999962,8.18999958,7.96999979,8.06000042,20703100,8.119999886,-0.009852207,8.21400013,0.21999979,2575012.45,-0.020000458,8.1,Tuesday,8.146700664
12-06-2024,7.809999943,8.270000458,7.75,8.180000305,28803000,8.039999962,-0.028606968,8.11600008,0.520000458,3687964.176,-0.370000362,8.062499976,Wednesday,8.085482351
13-06-2024,7.289999962,7.789999962,7.269999981,7.769999981,48602100,7.809999943,-0.066581304,7.906000042,0.519999981,6666954.767,-0.480000019,8.016999984,Thursday,7.940849189
14-06-2024,7.239999771,7.389999866,7.210000038,7.289999962,22879100,7.289999962,-0.006858737,7.699999905,0.179999828,3160096.785,-0.050000191,7.967499995,Friday,7.813422022
17-06-2024,7.159999847,7.239999771,7.110000134,7.21999979,24107400,7.239999771,-0.011049714,7.507999897,0.129999638,3366955.379,-0.059999943,7.922999978,Monday,7.694617991
18-06-2024,6.989999771,7.269999981,6.960000038,7.139999866,24310300,7.159999847,-0.023743028,7.297999859,0.309999943,3477868.497,-0.150000095,7.867999959,Tuesday,7.566505587
20-06-2024,7.039999962,7.159999847,6.940000057,6.989999771,32441800,6.989999771,0.007153103,7.143999863,0.21999979,4608210.252,0.050000191,7.825499964,Thursday,7.470777292
21-06-2024,7.179999828,7.260000229,7.039999962,7.079999924,56167700,7.039999962,0.019886345,7.121999836,0.220000267,7822799.63,0.099999905,7.781499934,Friday,7.417908662
24-06-2024,7.309999943,7.369999886,7.079999924,7.199999809,21739600,7.179999828,0.018105866,7.13599987,0.289999962,2973953.512,0.110000134,7.761999941,Monday,7.398288895
25-06-2024,7.239999771,7.260000229,7.099999905,7.230000019,16272600,7.309999943,-0.009575947,7.151999855,0.160000324,2247596.756,0.009999752,7.737499928,Tuesday,7.369509054
26-06-2024,7.25,7.269999981,7.130000114,7.170000076,18858900,7.239999771,0.001381247,7.203999901,0.139999866,2601227.586,0.079999924,7.706499934,Wednesday,7.347780135
27-06-2024,7.349999905,7.369999886,7.199999809,7.25,16337700,7.25,0.01379309,7.265999889,0.170000076,2222816.355,0.099999905,7.690999937,Thursday,7.34818373
28-06-2024,7.440000057,7.5,7.340000153,7.400000095,36956400,7.349999905,0.012244919,7.317999935,0.159999847,4967258.026,0.039999962,7.658999944,Friday,7.364877607
01-07-2024,7.099999905,7.460000038,7.079999924,7.440000057,35145500,7.440000057,-0.045698945,7.275999928,0.380000114,4950070.489,-0.340000153,7.60199995,Monday,7.316718025
02-07-2024,7.199999809,7.28000021,7.099999905,7.110000134,22237600,7.099999905,0.014084494,7.267999935,0.180000305,3088555.637,0.089999676,7.545499945,Tuesday,7.295496531
03-07-2024,7.230000019,7.449999809,7.199999809,7.289999962,15706100,7.199999809,0.004166696,7.263999939,0.25,2172351.308,-0.059999943,7.494999957,Wednesday,7.283588075
05-07-2024,7.210000038,7.21999979,7.070000172,7.199999809,29115500,7.230000019,-0.002766249,7.235999966,0.149999619,4038210.797,0.010000229,7.440499949,Friday,7.270208432
08-07-2024,7.110000134,7.289999962,7.079999924,7.269999981,18507400,7.210000038,-0.013869612,7.169999981,0.210000038,2603009.796,-0.159999847,7.378999949,Monday,7.24107965
09-07-2024,7.340000153,7.360000134,6.980000019,7.099999905,29191400,7.110000134,0.032348807,7.218000031,0.380000114,3977029.89,0.240000248,7.332499933,Tuesday,7.259065196
10-07-2024,7.320000172,7.340000153,7.170000076,7.320000172,20930700,7.340000153,-0.002724793,7.242000103,0.170000076,2859385.179,0,7.292499948,Wednesday,7.270144282
11-07-2024,7.380000114,7.440000057,7.269999981,7.420000076,19712200,7.320000172,0.008196713,7.272000122,0.170000076,2671029.769,-0.039999962,7.259499955,Thursday,7.29011807
12-07-2024,7.400000095,7.510000229,7.369999886,7.429999828,18025100,7.380000114,0.002710024,7.310000134,0.140000343,2435824.293,-0.029999733,7.238999963,Friday,7.31009662
15-07-2024,7.420000076,7.449999809,7.210000038,7.340000153,19098300,7.400000095,0.0027027,7.372000122,0.239999771,2573894.852,0.079999924,7.245499969,Monday,7.330079067
16-07-2024,7.980000019,7.980000019,7.380000114,7.380000114,38634700,7.420000076,0.07547169,7.500000095,0.599999905,4841441.091,0.599999905,7.282499981,Tuesday,7.448246513
17-07-2024,8.319999695,8.359999657,7.920000076,7.929999828,46205600,7.980000019,0.042606476,7.7,0.43999958,5553557.896,0.389999866,7.340499973,Wednesday,7.606747091
18-07-2024,8.520000458,8.899999619,8.510000229,8.760000229,59338500,8.319999695,0.024038554,7.928000069,0.38999939,6964612.302,-0.239999771,7.417000008,Thursday,7.772793158
19-07-2024,8.670000076,8.770000458,8.380000114,8.5,38058900,8.520000458,0.017605588,8.182000065,0.390000343,4389723.145,0.170000076,7.498500013,Friday,7.935921688
22-07-2024,8.550000191,8.670000076,8.220000267,8.649999619,26742500,8.670000076,-0.013840817,8.408000088,0.449999809,3127777.708,-0.099999428,7.567000031,Monday,8.047572325
23-07-2024,8.619999886,8.680000305,8.449999809,8.489999771,19656000,8.550000191,0.008187099,8.536000061,0.230000496,2280278.453,0.130000114,7.632500029,Tuesday,8.151650063
24-07-2024,8.470000267,8.75,8.460000038,8.609999657,23826900,8.619999886,-0.017401348,8.566000175,0.289999962,2813093.182,-0.13999939,7.694000053,Wednesday,8.209531919
25-07-2024,7.989999771,8.149999619,7.710000038,7.989999771,31997900,8.470000267,-0.056670659,8.460000038,0.43999958,4004743.544,0,7.731000042,Thursday,8.169616983
26-07-2024,8.31000042,8.369999886,8.029999733,8.100000381,22906800,7.989999771,0.040050145,8.388000107,0.340000153,2756534.157,0.210000038,7.779000068,Friday,8.195141244
29-07-2024,8.420000076,8.479999542,8.199999809,8.260000229,19592900,8.31000042,0.013237022,8.362000084,0.279999733,2326947.722,0.159999847,7.828000069,Monday,8.236024668
30-07-2024,8.779999733,8.93999958,8.369999886,8.409999847,39421600,8.420000076,0.042755303,8.394000053,0.569999695,4489931.799,0.369999886,7.91200006,Tuesday,8.334929225
31-07-2024,8.649999619,8.850000381,8.550000191,8.800000191,27937700,8.779999733,-0.014806392,8.429999924,0.300000191,3229792.05,-0.150000572,7.984500051,Wednesday,8.392214751
01-08-2024,8.380000114,8.640000343,8.25,8.600000381,28857300,8.649999619,-0.031213817,8.507999992,0.390000343,3443591.838,-0.220000267,8.042000055,Thursday,8.389993908
02-08-2024,8.270000458,8.489999771,8.100000381,8.319999695,40691700,8.380000114,-0.01312645,8.5,0.38999939,4920398.76,-0.049999237,8.095000076,Friday,8.368176917
05-08-2024,7.880000114,8.090000153,7.590000153,7.860000134,38970800,8.270000458,-0.047158443,8.392000008,0.5,4945532.923,0.019999981,8.133500075,Monday,8.279417499
06-08-2024,7.570000172,7.880000114,7.389999866,7.869999886,45303900,7.880000114,-0.039340094,8.150000095,0.490000248,5984663.008,-0.299999714,8.145000076,Tuesday,8.15043253
07-08-2024,7.710000038,7.869999886,7.659999847,7.710000038,46913000,7.570000172,0.018494037,7.962000179,0.210000038,6084695.171,0,8.16450007,Wednesday,8.070353895
08-08-2024,7.019999981,7.210000038,6.730000019,6.760000229,71263400,7.710000038,-0.08949417,7.690000153,0.480000019,10151481.51,0.259999752,8.146500063,Thursday,7.879380456
09-08-2024,7.03000021,7.119999886,6.909999847,7.039999962,40966300,7.019999981,0.001424534,7.442000103,0.210000038,5827354.022,-0.009999752,8.128000069,Friday,7.724947684
12-08-2024,6.710000038,6.980000019,6.659999847,6.940000057,48832600,7.03000021,-0.045519226,7.208000088,0.320000172,7277585.652,-0.230000019,8.092500067,Monday,7.540411748
13-08-2024,7.059999943,7.130000114,6.639999866,6.670000076,37431900,6.710000038,0.052160939,7.106000042,0.490000248,5301968.881,0.389999866,8.046500063,Tuesday,7.453064147
14-08-2024,6.960000038,7.019999981,6.849999905,7.010000229,26052100,7.059999943,-0.014164293,6.956000042,0.170000076,3743117.796,-0.050000191,7.97850008,Wednesday,7.363416128
15-08-2024,7.239999771,7.28000021,6.989999771,7.019999981,41894400,6.960000038,0.040229846,7,0.290000439,5786519.52,0.21999979,7.914500046,Thursday,7.34097679
16-08-2024,7.409999847,7.449999809,7.269999981,7.28000021,34364400,7.239999771,0.023480674,7.075999928,0.179999828,4637570.946,0.129999638,7.851500034,Friday,7.353526437
19-08-2024,7.630000114,7.639999866,7.360000134,7.440000057,24776000,7.409999847,0.029689645,7.259999943,0.279999733,3247182.127,0.190000057,7.805500031,Monday,7.403794378
20-08-2024,7.769999981,7.820000172,7.539999962,7.599999905,41412900,7.630000114,0.018348606,7.40199995,0.28000021,5329845.573,0.170000076,7.763000035,Tuesday,7.470377215
21-08-2024,7.679999828,7.820000172,7.570000172,7.800000191,26271700,7.769999981,-0.011583031,7.545999908,0.25,3420794.347,-0.120000362,7.723500013,Wednesday,7.508490417
22-08-2024,7.5,7.71999979,7.489999771,7.699999809,27670300,7.679999828,-0.023437478,7.597999954,0.230000019,3689373.333,-0.199999809,7.699000025,Thursday,7.506946705
23-08-2024,8.050000191,8.069999695,7.550000191,7.599999905,30980100,7.5,0.073333359,7.726000023,0.519999504,3848459.536,0.450000286,7.686000013,Friday,7.605683703
26-08-2024,8.229999542,8.43999958,8.090000153,8.100000381,36074500,8.050000191,0.022360167,7.845999908,0.349999428,4383293.075,0.129999161,7.676499987,Monday,7.719195673
27-08-2024,8.109999657,8.229999542,7.880000114,8.199999809,38342500,8.229999542,-0.014580789,7.913999844,0.349999428,4727805.379,-0.090000153,7.642999983,Tuesday,7.790250943
28-08-2024,7.96999979,8.130000114,7.940000057,8.119999886,18690300,8.109999657,-0.017262623,7.971999836,0.190000057,2345081.618,-0.150000095,7.608999991,Wednesday,7.822932552
29-08-2024,7.730000019,8.069999695,7.710000038,8.050000191,25703800,7.96999979,-0.030112896,8.01799984,0.359999657,3325200.509,-0.320000172,7.576499987,Thursday,7.806035728
30-08-2024,7.840000153,7.860000134,7.679999828,7.769999981,25025100,7.730000019,0.014230289,7.975999832,0.180000305,3191976.979,0.070000172,7.554999971,Friday,7.812211078
03-09-2024,7.360000134,7.880000114,7.340000153,7.800000191,33731300,7.840000153,-0.061224491,7.80199995,0.539999962,4583056.982,-0.440000057,7.528999972,Tuesday,7.729990906
04-09-2024,7.320000172,7.570000172,7.309999943,7.400000095,22090500,7.360000134,-0.005434777,7.644000053,0.260000229,3017827.798,-0.079999924,7.516499972,Wednesday,7.655447136
05-09-2024,7.420000076,7.570000172,7.21999979,7.369999886,26926400,7.320000172,0.013661189,7.534000111,0.350000381,3628894.841,0.050000191,7.501999974,Thursday,7.61263858
06-09-2024,7.21999979,7.610000134,7.079999924,7.420000076,36949400,7.420000076,-0.026954216,7.432000065,0.53000021,5117645.578,-0.200000286,7.511999965,Friday,7.541249709
09-09-2024,7.300000191,7.420000076,7.019999981,7.260000229,44331500,7.21999979,0.011080388,7.324000072,0.400000095,6072808.061,0.039999962,7.525499964,Monday,7.49738616
10-09-2024,7.019999981,7.300000191,6.909999847,7.300000191,26361100,7.300000191,-0.038356192,7.256000042,0.390000343,3755142.46,-0.28000021,7.540999961,Tuesday,7.410588673
11-09-2024,6.940000057,7,6.78000021,7,29339100,7.019999981,-0.011396001,7.180000019,0.21999979,4227535.988,-0.059999943,7.534999967,Wednesday,7.325027107
12-09-2024,7.659999847,7.71999979,7.079999924,7.139999866,60774500,6.940000057,0.103746367,7.227999973,0.639999866,7934007.991,0.519999981,7.569999957,Thursday,7.385931241
13-09-2024,8.489999771,8.5,7.75,7.760000229,57716600,7.659999847,0.108355084,7.481999969,0.75,6798186.285,0.729999542,7.632499957,Friday,7.586670974
16-09-2024,8.56000042,8.680000305,8.399999619,8.5,48518700,8.489999771,0.008245071,7.734000015,0.280000687,5668072.152,0.06000042,7.689999986,Monday,7.763639964
17-09-2024,8.449999809,8.850000381,8.359999657,8.670000076,30153000,8.56000042,-0.012850538,8.019999981,0.490000725,3568402.447,-0.220000267,7.73099997,Tuesday,7.888432663
18-09-2024,8.420000076,8.789999962,8.399999619,8.489999771,30047800,8.449999809,-0.003550264,8.315999985,0.390000343,3568622.295,-0.069999695,7.763499975,Wednesday,7.985081284
19-09-2024,8.399999619,8.739999771,8.31000042,8.619999886,24456600,8.420000076,-0.002375351,8.463999939,0.429999352,2911500.132,-0.220000267,7.799499965,Thursday,8.060520981
20-09-2024,8.239999771,8.409999847,8.18999958,8.300000191,47442200,8.399999619,-0.019047602,8.413999939,0.220000267,5757548.704,-0.06000042,7.836499953,Friday,8.093153488
23-09-2024,8.159999847,8.220000267,8.010000229,8.18999958,21695000,8.239999771,-0.009708729,8.333999825,0.210000038,2658701.03,-0.029999733,7.841999936,Monday,8.105307372
24-09-2024,8.319999695,8.350000381,8.109999657,8.170000076,31808500,8.159999847,0.019607825,8.307999802,0.240000725,3823137.159,0.149999619,7.846499944,Tuesday,8.14434234
25-09-2024,8.18999958,8.340000153,8.130000114,8.260000229,29708200,8.319999695,-0.015625014,8.261999702,0.210000038,3627375.033,-0.070000648,7.85049994,Wednesday,8.152643656
26-09-2024,8.300000191,8.489999771,8.149999619,8.239999771,19552000,8.18999958,0.013431089,8.241999817,0.340000153,2355662.596,0.06000042,7.86699996,Thursday,8.179435753
27-09-2024,8.380000114,8.489999771,8.289999962,8.380000114,22614600,8.300000191,0.009638545,8.269999886,0.199999809,2698639.581,0,7.899499965,Friday,8.215902001
30-09-2024,8.25,8.390000343,8.090000153,8.359999657,23954100,8.380000114,-0.01551314,8.287999916,0.300000191,2903527.273,-0.109999657,7.919999957,Monday,8.222101637
01-10-2024,8.159999847,8.340000153,8.119999886,8.239999771,25439300,8.25,-0.010909109,8.255999947,0.220000267,3117561.333,-0.079999924,7.959999943,Tuesday,8.210810403
02-10-2024,7.96999979,8.239999771,7.909999847,8.130000114,24302200,8.159999847,-0.023284321,8.211999989,0.329999924,3049209.616,-0.160000324,7.992499924,Wednesday,8.167026655
03-10-2024,7.739999771,7.909999847,7.619999886,7.849999905,30586800,7.96999979,-0.028858221,8.099999905,0.289999962,3951783.063,-0.110000134,8.008499908,Thursday,8.089385403
04-10-2024,7.78000021,7.989999771,7.679999828,7.869999886,21050900,7.739999771,0.005168015,7.979999924,0.309999943,2705771.135,-0.089999676,8.036499929,Friday,8.03313355
07-10-2024,7.71999979,7.909999847,7.630000114,7.699999809,20677600,7.78000021,-0.007712136,7.873999882,0.279999733,2678445.669,0.019999981,8.057499909,Monday,7.976200139
08-10-2024,7.71999979,7.769999981,7.570000172,7.639999866,21516500,7.71999979,0,7.78599987,0.199999809,2787111.475,0.079999924,8.0924999,Tuesday,7.929618257
09-10-2024,7.730000019,7.880000114,7.639999866,7.679999828,15583700,7.71999979,0.001295366,7.737999916,0.240000248,2016002.582,0.050000191,8.131999898,Wednesday,7.893324032
10-10-2024,7.539999962,7.699999809,7.489999771,7.650000095,21086700,7.730000019,-0.024579567,7.697999954,0.210000038,2796644.576,-0.110000134,8.125999904,Thursday,7.829083292
11-10-2024,7.519999981,7.710000038,7.510000229,7.579999924,19385700,7.539999962,-0.002652517,7.645999908,0.199999809,2577885.645,-0.059999943,8.077499914,Friday,7.772886327
14-10-2024,7.539999962,7.570000172,7.349999905,7.489999771,19693500,7.519999981,0.002659572,7.609999943,0.220000267,2611870.04,0.050000191,8.026499891,Monday,7.730543351
15-10-2024,7.599999905,7.829999924,7.519999981,7.53000021,25360700,7.539999962,0.007957552,7.585999966,0.309999943,3336934.252,0.069999695,7.983999896,Tuesday,7.706808179
16-10-2024,8,8.029999733,7.630000114,7.650000095,24058000,7.599999905,0.052631592,7.639999962,0.399999619,3007250,0.349999905,7.962999892,Wednesday,7.760115783
17-10-2024,7.78000021,8.010000229,7.650000095,7.949999809,27109000,8,-0.027499974,7.688000011,0.360000134,3484447.207,-0.169999599,7.931999922,Thursday,7.763731133
18-10-2024,7.820000172,7.920000076,7.739999771,7.78000021,16790700,7.78000021,0.005141383,7.74800005,0.180000305,2147148.29,0.039999962,7.910999942,Friday,7.773961867
21-10-2024,7.550000191,7.869999886,7.519999981,7.699999809,28057100,7.820000172,-0.034526851,7.750000095,0.349999905,3716172.092,-0.149999619,7.880499959,Monday,7.733241563
22-10-2024,7.53000021,7.630000114,7.519999981,7.550000191,18291200,7.550000191,-0.002649004,7.736000156,0.110000134,2429110.158,-0.019999981,7.840999985,Tuesday,7.696288589
23-10-2024,7.329999924,7.550000191,7.25,7.510000229,23369300,7.53000021,-0.026560462,7.602000141,0.300000191,3188171.93,-0.180000305,7.798000002,Wednesday,7.62969065
24-10-2024,7.519999981,7.599999905,7.349999905,7.349999905,18620700,7.329999924,0.025920881,7.550000095,0.25,2476156.921,0.170000076,7.758999991,Thursday,7.609746892
25-10-2024,7.599999905,7.789999962,7.550000191,7.590000153,19081800,7.519999981,0.010638288,7.506000042,0.239999771,2510763.189,0.009999752,7.719999981,Friday,7.607974713
28-10-2024,7.610000134,7.769999981,7.579999924,7.679999828,17452800,7.599999905,0.00131582,7.518000031,0.190000057,2293403.376,-0.069999695,7.687999988,Monday,7.608342971
29-10-2024,7.550000191,7.710000038,7.489999771,7.53000021,16873900,7.610000134,-0.007884355,7.522000027,0.220000267,2234953.586,0.019999981,7.657500005,Tuesday,7.597735193
30-10-2024,7.769999981,7.840000153,7.5,7.519999981,25756200,7.550000191,0.029139044,7.610000038,0.340000153,3314826.263,0.25,7.647500014,Wednesday,7.629056063
31-10-2024,8.130000114,8.350000381,7.849999905,7.949999809,47646400,7.769999981,0.046332064,7.732000065,0.500000477,5860565.723,0.180000305,7.667000031,Thursday,7.7201368
01-11-2024,8.229999542,8.239999771,7.980000019,8.029999733,26745000,8.130000114,0.012300052,7.857999992,0.259999752,3249696.414,0.199999809,7.689499998,Friday,7.812839117
04-11-2024,8.170000076,8.409999847,8.020000458,8.239999771,28957400,8.229999542,-0.007290336,7.969999981,0.38999939,3544357.372,-0.069999695,7.712000012,Monday,7.877777473
05-11-2024,8.210000038,8.25,8.029999733,8.149999619,22988100,8.170000076,0.004895956,8.10199995,0.220000267,2800012.167,0.06000042,7.736500025,Tuesday,7.938181576
06-11-2024,8.380000114,8.590000153,8.329999924,8.529999733,44114600,8.210000038,0.020706465,8.223999977,0.260000229,5264272.004,-0.149999619,7.76900003,Wednesday,8.018512219
07-11-2024,9.369999886,9.800000191,8.829999924,9.020000458,72314800,8.380000114,0.118138396,8.471999931,0.970000267,7717694.865,0.349999428,7.860500026,Thursday,8.264237249
08-11-2024,9.180000305,9.329999924,8.859999657,9.319999695,52663400,9.369999886,-0.020277437,8.662000084,0.470000267,5736753.622,-0.13999939,7.943500042,Friday,8.430739623
11-11-2024,9.329999924,9.550000191,9.149999619,9.220000267,39896800,9.180000305,0.016339827,8.894000053,0.400000572,4276184.387,0.109999657,8.03300004,Monday,8.594241496
12-11-2024,9.220000267,9.260000229,9.079999924,9.260000229,35222400,9.329999924,-0.011789888,9.096000099,0.180000305,3820216.809,-0.039999962,8.114000058,Tuesday,8.708015818
13-11-2024,9.720000267,9.890000343,9.31000042,9.390000343,46976900,9.220000267,0.054229933,9.36400013,0.579999924,4833014.271,0.329999924,8.200000072,Wednesday,8.892012991
14-11-2024,9.859999657,9.949999809,9.710000038,9.739999771,33526900,9.720000267,0.014403229,9.462000084,0.239999771,3400294.236,0.119999886,8.304000044,Thursday,9.068010566
15-11-2024,9.220000267,9.880000114,9.100000381,9.869999886,37874600,9.859999657,-0.064908662,9.470000076,0.779999733,4107874.068,-0.649999619,8.374000049,Friday,9.095645057
18-11-2024,9.470000267,9.760000229,9.359999657,9.449999809,32336100,9.220000267,0.027114967,9.498000145,0.400000572,3414582.797,0.020000458,8.470000052,Monday,9.163709641
19-11-2024,9.5,9.590000153,9.050000191,9.289999962,32289300,9.470000267,0.00316787,9.554000092,0.539999962,3398873.684,0.210000038,8.568500042,Tuesday,9.224853343
20-11-2024,9.949999809,10.03999996,9.460000038,9.510000229,43428400,9.5,0.047368401,9.6,0.579999924,4364663.4,0.43999958,8.699500036,Wednesday,9.356698155
21-11-2024,10.22999954,10.30000019,9.920000076,9.979999542,38932200,9.949999809,0.028140677,9.673999977,0.380000114,3805689.32,0.25,8.835000014,Thursday,9.515480225
22-11-2024,10.10999966,10.39999962,10.09000015,10.22999954,27340500,10.22999954,-0.011730195,9.851999855,0.309999466,2704302.762,-0.119999886,8.960500002,Friday,9.623574667
25-11-2024,10.39999962,10.46000004,10.10000038,10.21000004,40833600,10.10999966,0.028684468,10.03799973,0.359999657,3926307.836,0.18999958,9.099999976,Monday,9.76474284
26-11-2024,10.10999966,10.43999958,10.06999969,10.35000038,27346600,10.39999962,-0.027884613,10.15999966,0.369999886,2704906.125,-0.240000725,9.227999949,Tuesday,9.827516807
27-11-2024,10.38000011,10.47000027,10.18000031,10.18000031,26060100,10.10999966,0.026706278,10.24599972,0.289999962,2510606.909,0.199999809,9.358499956,Wednesday,9.927968317
29-11-2024,10.47999954,10.51000023,10.31000042,10.39999962,11576800,10.38000011,0.009633856,10.29599972,0.199999809,1104656.537,0.079999924,9.475999928,Friday,10.02833763
02-12-2024,10.56000042,10.60999966,10.27999973,10.47999954,25625800,10.47999954,0.007633672,10.38599987,0.329999924,2426685.51,0.080000877,9.592499971,Monday,10.12500359
03-12-2024,10.55000019,10.60000038,10.36999989,10.5,21156700,10.56000042,-0.000946991,10.41599998,0.230000496,2005374.371,0.050000191,9.711499977,Tuesday,10.2022757
04-12-2024,10.64999962,10.69999981,10.43999958,10.51000023,24335300,10.55000019,0.009478619,10.52399998,0.260000229,2285004.777,0.13999939,9.833499956,Wednesday,10.28368005
05-12-2024,10.68000031,10.82999992,10.60999966,10.63000011,24541900,10.64999962,0.002816966,10.58400002,0.220000267,2297930.646,0.050000191,9.948499966,Thursday,10.35573828
06-12-2024,10.65999985,10.81999969,10.57999992,10.73999977,20607000,10.68000031,-0.001872702,10.62000008,0.239999771,1933114.474,-0.079999924,10.01299996,Friday,10.41105856
09-12-2024,10.56000042,11.28999996,10.52000046,10.80000019,46974900,10.65999985,-0.009380809,10.62000008,0.769999504,4448380.505,-0.239999771,10.08199997,Monday,10.4381389
10-12-2024,10.89000034,11.05000019,10.53999996,10.64999962,29115000,10.56000042,0.031249992,10.68800011,0.510000229,2673553.635,0.240000725,10.15999999,Tuesday,10.52029553
11-12-2024,10.81999969,10.98999977,10.72000027,10.90999985,24134500,10.89000034,-0.006427975,10.72200012,0.269999504,2230545.349,-0.090000153,10.23999996,Wednesday,10.57478719
12-12-2024,12.48999977,12.69999981,11.39999962,11.39999962,84908800,10.81999969,0.154343819,11.08400002,1.300000191,6798142.639,1.090000153,10.37849994,Thursday,10.92300766
13-12-2024,12.06999969,12.67000008,11.98999977,12.31999969,36587800,12.48999977,-0.033626908,11.36599998,0.680000305,3031300.822,-0.25,10.48899994,Friday,11.13155167
16-12-2024,11.60000038,12.17000008,11.55000019,12.02000046,30406300,12.06999969,-0.038939464,11.57399998,0.619999886,2621232.672,-0.420000076,10.60799994,Monday,11.21672416
17-12-2024,11.35000038,11.72999954,11.22000027,11.43999958,33243600,11.60000038,-0.021551723,11.66599998,0.509999275,2928951.443,-0.089999199,10.70199995,Tuesday,11.2409562
18-12-2024,10.63000011,11.35000038,10.59000015,11.25,36163200,11.35000038,-0.063436145,11.62800007,0.760000229,3401994.319,-0.619999886,10.75849996,Wednesday,11.12987328
19-12-2024,10.48999977,10.84000015,10.42000008,10.69999981,30392000,10.63000011,-0.013170305,11.22800007,0.420000076,2897235.526,-0.210000038,10.78549995,Thursday,11.01353264
20-12-2024,10.68999958,10.78999996,10.38000011,10.43000031,52771200,10.48999977,0.019065759,10.95200005,0.409999847,4936501.597,0.259999275,10.80849996,Friday,10.95470845
23-12-2024,10.43999958,10.69999981,10.39000034,10.64000034,17355400,10.68999958,-0.023386343,10.71999989,0.309999466,1662394.703,-0.200000763,10.82499995,Monday,10.86112502
24-12-2024,10.55000019,10.60000038,10.35000038,10.40999985,8487100,10.43999958,0.010536457,10.55999985,0.25,804464.4404,0.140000343,10.83249998,Tuesday,10.80455687
26-12-2024,10.61999989,10.69999981,10.35999966,10.47000027,13568400,10.55000019,0.006635042,10.5579998,0.340000153,1277627.132,0.149999619,10.85799999,Thursday,10.77100105
27-12-2024,10.60999966,10.64999962,10.43000031,10.52000046,16494400,10.61999989,-0.000941641,10.58199978,0.219999313,1554608.91,0.089999199,10.86949997,Friday,10.74172807
30-12-2024,10.51000023,10.61999989,10.31999969,10.52000046,17814800,10.60999966,-0.009425017,10.54599991,0.300000191,1695033.265,-0.010000229,10.871,Monday,10.69959574
31-12-2024,10.56999969,10.77000046,10.51000023,10.56000042,20427400,10.51000023,0.005708798,10.57199993,0.260000229,1932582.837,0.009999275,10.87149997,Tuesday,10.67603282
02-01-2025,10.65999985,10.77000046,10.48999977,10.65999985,27071700,10.56999969,0.008514679,10.59399986,0.280000687,2539559.136,0,10.87699995,Thursday,10.67311773
03-01-2025,10.56999969,10.76000023,10.42000008,10.69999981,17648100,10.65999985,-0.008442791,10.58399982,0.340000153,1669640.54,-0.130000114,10.87299995,Friday,10.654369
06-01-2025,10.82999992,10.94999981,10.52000046,10.69999981,35200600,10.56999969,0.024597941,10.62799988,0.429999352,3250286.265,0.130000114,10.88049994,Monday,10.68630189
07-01-2025,10.51000023,10.86999989,10.43000031,10.78999996,27127300,10.82999992,-0.029547525,10.62799988,0.43999958,2581094.14,-0.279999733,10.87299995,Tuesday,10.65424705
08-01-2025,10.06000042,10.52000046,9.880000114,10.51000023,32849900,10.51000023,-0.042816346,10.52600002,0.640000343,3265397.478,-0.449999809,10.84799995,Wednesday,10.54620221
10-01-2025,9.699999809,9.859999657,9.470000267,9.850000381,33329600,10.06000042,-0.035785347,10.33400002,0.38999939,3436041.305,-0.150000572,10.78849993,Friday,10.39234722
13-01-2025,9.840000153,9.920000076,9.590000153,9.649999619,27065000,9.699999809,0.014433025,10.18800011,0.329999924,2750508.087,0.190000534,10.73949995,Monday,10.29192048
14-01-2025,9.729999542,10.02999973,9.720000267,9.949999809,29281300,9.840000153,-0.011178924,9.968000031,0.309999466,3009383.492,-0.220000267,10.60149994,Tuesday,10.18975304
15-01-2025,9.789999962,10.05000019,9.729999542,10.02000046,25539700,9.729999542,0.006166539,9.823999977,0.320000648,2608753.841,-0.230000496,10.48749995,Wednesday,10.11707066
16-01-2025,9.470000267,9.729999542,9.449999809,9.699999809,20727400,9.789999962,-0.032686384,9.705999947,0.279999733,2188743.338,-0.229999542,10.38099995,Thursday,9.999421499
17-01-2025,9.520000458,9.68999958,9.5,9.630000114,19899600,9.470000267,0.005279851,9.670000076,0.18999958,2090294.017,-0.109999657,10.28949995,Friday,9.912254037
21-01-2025,9.770000458,9.930000305,9.720000267,9.75,25865700,9.520000458,0.026260503,9.656000137,0.210000038,2647461.493,0.020000458,10.24649997,Tuesday,9.88638975
22-01-2025,10.05000019,10.06999969,9.729999542,9.770000458,32349900,9.770000458,0.028659132,9.720000267,0.340000153,3218895.461,0.279999733,10.22449999,Wednesday,9.916137103
23-01-2025,10.27999973,10.28999996,10.03999996,10.05000019,27570600,10.05000019,0.022885526,9.818000221,0.25,2681965.05,0.229999542,10.204,Thursday,9.982293945
24-01-2025,10.25,10.39999962,10.15999985,10.34000015,20389500,10.27999973,-0.002918262,9.974000168,0.239999771,1989219.512,-0.090000153,10.19450002,Friday,10.03096777
27-01-2025,10.48999977,10.56000042,10.09000015,10.10000038,27477600,10.25,0.023414612,10.16800003,0.470000267,2619409.018,0.38999939,10.1915,Monday,10.11442814
28-01-2025,10.25,10.47000027,10.14999962,10.47000027,23483400,10.48999977,-0.022878911,10.26399994,0.320000648,2291063.415,-0.220000267,10.173,Tuesday,10.13907757
29-01-2025,10.43000031,10.60000038,10.31999969,10.35999966,22595200,10.25,0.017561005,10.33999996,0.280000687,2166366.188,0.070000648,10.16400003,Wednesday,10.19197261
30-01-2025,10.61999989,10.68999958,10.39999962,10.63000011,24757400,10.43000031,0.018216642,10.40799999,0.289999962,2331205.298,-0.010000229,10.16950002,Thursday,10.26979575
31-01-2025,10.43999958,10.84000015,10.35999966,10.51000023,33324800,10.61999989,-0.016949181,10.44599991,0.480000496,3192030.78,-0.070000648,10.16300001,Friday,10.3007419
03-02-2025,10.15999985,10.26000023,9.930000305,10.23999977,27127400,10.43999958,-0.026819899,10.37999992,0.329999924,2670019.725,-0.079999924,10.13800001,Monday,10.27515244
04-02-2025,10.06000042,10.27999973,9.970000267,10.14000034,22142900,10.15999985,-0.009842464,10.34200001,0.309999466,2201083.407,-0.079999924,10.11250005,Tuesday,10.23603389
05-02-2025,10.18999958,10.19999981,9.93999958,10.06999969,22023900,10.06000042,0.012922381,10.29399986,0.260000229,2161324.917,0.119999886,10.08050003,Wednesday,10.22766401
06-02-2025,10.19999981,10.35000038,9.960000038,10.31000042,24431500,10.18999958,0.000981377,10.20999985,0.390000343,2395245.143,-0.11000061,10.06500001,Thursday,10.22263416
07-02-2025,10.15999985,10.42000008,10.13000011,10.28999996,22038700,10.19999981,-0.003921565,10.1539999,0.289999962,2169163.418,-0.130000114,10.06999998,Friday,10.2112461
10-02-2025,9.979999542,10.32999992,9.960000038,10.23999977,25189000,10.15999985,-0.017716566,10.11799984,0.369999886,2523948.012,-0.260000229,10.08399997,Monday,10.16920127
11-02-2025,9.850000381,9.960000038,9.779999733,9.829999924,27458100,9.979999542,-0.013025969,10.07599983,0.180000305,2787624.258,0.020000458,10.08449998,Tuesday,10.11116475
12-02-2025,9.819999695,9.960000038,9.710000038,9.739999771,17511900,9.850000381,-0.003045755,10.00199986,0.25,1783289.261,0.079999924,10.08899999,Wednesday,10.05822565
13-02-2025,10.21000004,10.22000027,9.819999695,9.869999886,28205500,9.819999695,0.039714904,10.0039999,0.400000572,2762536.718,0.340000153,10.10999999,Thursday,10.08582099
14-02-2025,10.34000015,10.39999962,10.13000011,10.31999969,22466000,10.21000004,0.012732626,10.03999996,0.269999504,2172727.241,0.020000458,10.15349998,Friday,10.13203538
18-02-2025,10.61999989,10.72999954,10.18000031,10.34000015,32611500,10.34000015,0.027079277,10.16800003,0.549999237,3070762.745,0.279999733,10.20849996,Tuesday,10.2207562
19-02-2025,10.89000034,10.97999954,10.52000046,10.64999962,36269900,10.61999989,0.025423772,10.37600002,0.459999084,3330569.225,0.240000725,10.26449995,Wednesday,10.34243696
20-02-2025,11.03999996,11.10999966,10.80000019,10.96000004,29539100,10.89000034,0.013774069,10.62000008,0.309999466,2675643.125,0.079999924,10.31399994,Thursday,10.46926659
21-02-2025,10.77999973,11.21000004,10.69999981,11.17000008,35887600,11.03999996,-0.023550745,10.73400002,0.510000229,3329090.992,-0.390000343,10.33899994,Friday,10.52576353
24-02-2025,11.09000015,11.22000027,10.67000008,10.89999962,48784300,10.77999973,0.028756997,10.88400002,0.550000191,4398944.935,0.190000534,10.38099995,Monday,10.628352
25-02-2025,10.68999958,11.18000031,10.68000031,11.15999985,43318700,11.09000015,-0.036068581,10.89799995,0.5,4052263.957,-0.470000267,10.39099994,Tuesday,10.63956065
26-02-2025,10.5,10.89999962,10.43000031,10.64999962,56183900,10.68999958,-0.017773582,10.81999989,0.469999313,5350847.619,-0.149999619,10.40349994,Wednesday,10.61418599
27-02-2025,11,11.89999962,10.98999977,11.27999973,98432100,10.5,0.047619048,10.81199989,0.909999847,8948372.727,-0.279999733,10.43199992,Thursday,10.68433399
28-02-2025,11.46000004,11.64000034,10.77000046,11.06999969,74121800,11,0.041818185,10.94799995,0.869999886,6467870.834,0.390000343,10.47399993,Friday,10.82536418
03-03-2025,11.02000046,11.67000008,10.93000031,11.40999985,50490500,11.46000004,-0.038394379,10.93400002,0.739999771,4581714.873,-0.38999939,10.50299997,Monday,10.8607526
04-03-2025,11.31999969,11.44999981,10.86999989,11.18000031,45824800,11.02000046,0.02722316,11.06000004,0.579999924,4048127.318,0.13999939,10.56099997,Tuesday,10.94425207
05-03-2025,11.43000031,11.52000046,10.98999977,11.32999992,40448100,11.31999969,0.009717369,11.2460001,0.530000687,3538766.31,0.100000381,10.62949996,Wednesday,11.03256993
06-03-2025,10.69999981,11.31999969,10.69999981,11.27999973,46739300,11.43000031,-0.063867058,11.18600006,0.619999886,4368158.956,-0.579999924,10.65499997,Thursday,10.97210264
07-03-2025,11.06999969,11.25,10.60000038,10.73999977,49421400,10.69999981,0.034579429,11.10799999,0.649999619,4464444.568,0.329999924,10.69849997,Friday,10.9899021
10-03-2025,10.59000015,11.09000015,10.47999954,11,39093500,11.06999969,-0.043360393,11.02199993,0.61000061,3691548.578,-0.409999847,10.71999998,Monday,10.91719266
11-03-2025,10.36999989,10.69999981,10.18999958,10.60999966,50764900,10.59000015,-0.02077434,10.83199997,0.510000229,4895361.674,-0.239999771,10.7395,Tuesday,10.81770306
12-03-2025,10.42000008,10.60000038,10.13000011,10.38000011,36779600,10.36999989,0.004821619,10.62999992,0.470000267,3529712.066,0.039999962,10.76799998,Wednesday,10.74539343
13-03-2025,9.890000343,10.46000004,9.890000343,10.35000038,43328200,10.42000008,-0.050863698,10.46800003,0.569999695,4381010.97,-0.460000038,10.77150002,Thursday,10.58986741
14-03-2025,10.18999958,10.38000011,10.01000023,10.05000019,27637200,9.890000343,0.030333592,10.29200001,0.369999886,2712188.532,0.13999939,10.77049999,Friday,10.51716417
17-03-2025,10.47999954,10.55000019,10.13000011,10.19999981,23965600,10.18999958,0.028459271,10.26999989,0.420000076,2286793.993,0.279999733,10.77749996,Monday,10.51040696
18-03-2025,10.39000034,10.47999954,10.27999973,10.47999954,33426900,10.47999954,-0.00858771,10.27399998,0.199999809,3217218.373,-0.089999199,10.76599998,Tuesday,10.48851485
19-03-2025,10.92000008,11.01000023,10.39999962,10.43000031,36585900,10.39000034,0.05101056,10.37399998,0.61000061,3350357.119,0.489999771,10.76749997,Wednesday,10.56696671
20-03-2025,10.64999962,10.88000011,10.60999966,10.80000019,26374300,10.92000008,-0.024725316,10.52599983,0.270000458,2476460.183,-0.150000572,10.74799995,Thursday,10.5820636
21-03-2025,10.73999977,10.78999996,10.44999981,10.56000042,55499100,10.64999962,0.008450719,10.63599987,0.340000153,5167514.077,0.179999352,10.74599996,Friday,10.61077927
24-03-2025,10.97000027,11.03999996,10.52999973,10.93999958,43662400,10.73999977,0.021415317,10.73400002,0.510000229,3980163.987,0.030000687,10.73999996,Monday,10.67609218
25-03-2025,10.97999954,11.03999996,10.84000015,11,37144400,10.97000027,0.000911511,10.85199986,0.199999809,3382914.531,-0.020000458,10.75449996,Tuesday,10.73134806
26-03-2025,11.02999973,11.19999981,10.89999962,10.94999981,32252100,10.97999954,0.004553752,10.87399979,0.300000191,2924034.522,0.079999924,10.78099995,Wednesday,10.78564837
27-03-2025,11.01000023,11.18999958,10.90999985,11.01000023,54215900,11.02999973,-0.001813192,10.94599991,0.279999733,4924241.496,0,10.78149996,Thursday,10.82643961
28-03-2025,10.36999989,11.07999992,10.28999996,11.02999973,52599000,11.01000023,-0.058129004,10.87199993,0.789999962,5072227.636,-0.659999847,10.72699995,Friday,10.74345057
31-03-2025,10.72999954,10.81000042,10.03999996,10.31000042,75700100,10.36999989,0.034715493,10.82399979,0.770000458,7054995.641,0.419999123,10.7124999,Monday,10.74100493
01-04-2025,10.21000004,11.14999962,10.14000034,10.78999996,42216800,10.72999954,-0.048462211,10.66999989,1.009999275,4134848.173,-0.579999924,10.65699992,Tuesday,10.64445859
02-04-2025,10.56000042,10.60999966,10.02000046,10.05000019,37025700,10.21000004,0.034280155,10.57600002,0.589999199,3506221.452,0.510000229,10.61349993,Wednesday,10.62910256
03-04-2025,9.159999847,10.14000034,9.119999886,10.02999973,52884500,10.56000042,-0.132575806,10.20599995,1.020000458,5773417.127,-0.869999886,10.53649993,Thursday,10.36199297
04-04-2025,8.069999695,8.859999657,8.029999733,8.850000381,57367600,9.159999847,-0.118995652,9.745999908,0.829999924,7108748.72,-0.780000687,10.38649993,Friday,9.945266922
07-04-2025,8.090000153,8.789999962,7.650000095,7.800000191,58591500,8.069999695,0.002478372,9.218000031,1.139999866,7242459.69,0.289999962,10.26149993,Monday,9.607945691
08-04-2025,7.690000057,8.470000267,7.610000134,8.319999695,48084200,8.090000153,-0.049443769,8.714000034,0.860000134,6252821.8,-0.629999638,10.12749994,Tuesday,9.259228303
09-04-2025,9.260000229,9.5,7.519999981,7.570000172,74775300,7.690000057,0.204161269,8.453999996,1.980000019,8075086.193,1.690000057,10.06949995,Wednesday,9.259368653
10-04-2025,8.100000381,8.960000038,7.789999962,8.899999619,61845100,9.260000229,-0.125269959,8.242000103,1.170000076,7635197.171,-0.799999237,9.979999948,Thursday,9.048574422
11-04-2025,7.96999979,8.140000343,7.610000134,8.119999886,36414800,8.100000381,-0.016049455,8.222000122,0.53000021,4568983.809,-0.150000095,9.868999958,Friday,8.852469944
14-04-2025,8.020000458,8.329999924,7.989999771,8.100000381,38009100,7.96999979,0.00627361,8.208000183,0.340000153,4739289.006,-0.079999924,9.746000004,Monday,8.701111855
15-04-2025,8.25,8.319999695,7.980000019,8.020000458,38578300,8.020000458,0.028678246,8.320000172,0.339999676,4676157.576,0.229999542,9.638999987,Tuesday,8.619091518
16-04-2025,7.920000076,8.340000153,7.769999981,8.279999733,49152300,8.25,-0.039999991,8.052000141,0.570000172,6206098.425,-0.359999657,9.488999987,Wednesday,8.491983983
17-04-2025,8.109999657,8.18999958,7.949999809,8.010000229,31300700,7.920000076,0.023989846,8.053999996,0.239999771,3859519.276,0.099999428,9.361999989,Thursday,8.422532287
21-04-2025,7.940000057,8.109999657,7.75,8.06000042,27148800,8.109999657,-0.020961727,8.04800005,0.359999657,3419244.308,-0.120000362,9.222000003,Monday,8.334799155
22-04-2025,7.949999809,8.130000114,7.920000076,8.06000042,42184500,7.940000057,0.001259415,8.03399992,0.210000038,5306226.542,-0.11000061,9.07099998,Tuesday,8.264835637
23-04-2025,8.329999924,8.779999733,8.289999962,8.319999695,57586500,7.949999809,0.047798758,8.049999905,0.489999771,6913145.321,0.010000229,8.938499999,Wednesday,8.276683689
24-04-2025,8.5,8.640000343,8.260000229,8.319999695,30082700,8.329999924,0.020408173,8.165999889,0.380000114,3539141.176,0.180000305,8.812000012,Thursday,8.317286655
25-04-2025,8.590000153,8.649999619,8.430000305,8.5,24513700,8.5,0.010588253,8.261999989,0.219999313,2853748.494,0.090000153,8.691000009,Friday,8.366870927
28-04-2025,8.699999809,8.880000114,8.529999733,8.590000153,37596400,8.590000153,0.012805548,8.413999939,0.350000381,4321425.382,0.109999657,8.607500005,Monday,8.427439815
29-04-2025,8.770000458,8.840000153,8.600000381,8.649999619,25473800,8.699999809,0.008046052,8.578000069,0.239999771,2904652.072,0.120000839,8.509500051,Tuesday,8.489723568
30-04-2025,8.670000076,8.699999809,8.279999733,8.640000343,40878700,8.770000458,-0.011402551,8.646000099,0.420000076,4714959.589,0.029999733,8.432500052,Wednesday,8.522501115
01-05-2025,8.430000305,8.699999809,8.31000042,8.68999958,45438500,8.670000076,-0.027681634,8.63200016,0.38999939,5390094.704,-0.259999275,8.326000047,Thursday,8.505682786
02-05-2025,8.539999962,8.670000076,8.430000305,8.520000458,31725500,8.430000305,0.013048595,8.622000122,0.239999771,3714929.759,0.019999504,8.295000052,Friday,8.511922273
05-05-2025,8.369999886,8.529999733,8.069999695,8.180000305,42739700,8.539999962,-0.019906332,8.556000137,0.460000038,5106296.366,0.18999958,8.310000062,Monday,8.486118202
06-05-2025,8.430000305,8.460000038,8.130000114,8.180000305,38438700,8.369999886,0.007168509,8.488000107,0.329999924,4559750.725,0.25,8.32700007,Tuesday,8.475914948
07-05-2025,8.56000042,8.649999619,8.430000305,8.5,52273100,8.430000305,0.015421128,8.466000175,0.219999313,6106670.261,0.06000042,8.370500088,Wednesday,8.491203216
08-05-2025,9.010000229,9.300000191,8.06000042,8.159999847,69402600,8.56000042,0.052570069,8.58200016,1.239999771,7702841.092,0.850000381,8.358000088,Thursday,8.585529945
09-05-2025,9.069999695,9.289999962,8.909999847,9.010000229,30000500,9.010000229,0.006659208,8.688000107,0.380000114,3307662.735,0.059999466,8.406500053,Friday,8.673615354
12-05-2025,9.229999542,9.789999962,9.199999809,9.550000191,47028800,9.069999695,0.017640557,8.860000038,0.590000153,5095211.52,-0.320000648,8.469500041,Monday,8.774776116
13-05-2025,9.180000305,9.350000381,9.140000343,9.279999733,35665600,9.229999542,-0.005417036,9.010000038,0.210000038,3885141.483,-0.099999428,8.527500033,Tuesday,8.848453241
14-05-2025,9.210000038,9.210000038,9.020000458,9.119999886,32979600,9.180000305,0.003267945,9.139999962,0.18999958,3580846.891,0.090000153,8.575500035,Wednesday,8.914189022
15-05-2025,9.140000343,9.25,9.050000191,9.109999657,24005500,9.210000038,-0.007600401,9.165999985,0.199999809,2626422.221,0.030000687,8.636500049,Thursday,8.955245626
16-05-2025,9.159999847,9.18999958,8.819999695,9.140000343,33118800,9.140000343,0.002188129,9.184000015,0.369999886,3615589.58,0.019999504,8.689000058,Friday,8.992473666
19-05-2025,9.050000191,9.069999695,8.840000153,9.029999733,33356300,9.159999847,-0.012008696,9.148000145,0.229999542,3685778.928,0.020000458,8.744500065,Monday,9.002933034
20-05-2025,9.229999542,9.340000153,8.979999542,9.050000191,38319700,9.050000191,0.019889431,9.157999992,0.36000061,4151647.01,0.179999352,8.808500051,Tuesday,9.044217854
21-05-2025,8.949999809,9.180000305,8.880000114,9.100000381,46832000,9.229999542,-0.030335834,9.105999947,0.300000191,5232625.81,-0.150000572,8.839500046,Wednesday,9.0270873
22-05-2025,9.020000458,9.06000042,8.829999924,8.949999809,28787800,8.949999809,0.007821302,9.081999969,0.230000496,3191551.944,0.070000648,8.865500069,Thursday,9.025798784
23-05-2025,9,9.050000191,8.840000153,8.850000381,21961600,9.020000458,-0.002217346,9.05,0.210000038,2440177.778,0.149999619,8.886000061,Friday,9.021108096
27-05-2025,9.550000191,9.640000343,9.149999619,9.220000267,31726400,9,0.061111132,9.15,0.490000725,3322136.059,0.329999924,8.92850008,Tuesday,9.117270295
28-05-2025,10.02000046,10.13000011,9.479999542,9.539999962,59164100,9.550000191,0.049214687,9.308000183,0.650000572,5904600.529,0.480000496,8.99100008,Wednesday,9.281403052
29-05-2025,10.03999996,10.18999958,9.75,10.18000031,44032500,10.02000046,0.001995958,9.526000214,0.43999958,4385707.188,-0.140000343,9.059500074,Thursday,9.419329763
30-05-2025,9.970000267,10.02000046,9.659999847,10.02000046,52970700,10.03999996,-0.006972081,9.716000175,0.36000061,5313008.885,-0.050000191,9.136500072,Friday,9.519451673
02-06-2025,10,10.02000046,9.75,9.930000305,46464700,9.970000267,0.003009,9.916000175,0.270000458,4646470,0.069999695,9.209500074,Monday,9.606824096
03-06-2025,9.93999958,10.10000038,9.739999771,9.970000267,31616200,10,-0.006000042,9.994000053,0.36000061,3180704.36,-0.030000687,9.288000059,Tuesday,9.667401457
04-06-2025,9.789999962,10.01000023,9.68999958,9.949999809,34162200,9.93999958,-0.015090506,9.947999954,0.320000648,3489499.503,-0.159999847,9.356000042,Wednesday,9.689692094
05-06-2025,9.649999619,10.06000042,9.619999886,9.789999962,44345100,9.789999962,-0.014300342,9.869999886,0.440000534,4595347.332,-0.140000343,9.410500002,Thursday,9.68247528
06-06-2025,9.819999695,10.02999973,9.770000458,9.81000042,30034500,9.649999619,0.017616589,9.839999771,0.259999275,3058503.15,0.009999275,9.450999975,Friday,9.707479719
09-06-2025,9.529999733,11.10000038,9.380000114,10.61999989,155057800,9.819999695,-0.029531565,9.745999718,1.720000267,16270493.64,-1.090000153,9.473999977,Monday,9.675210631
10-06-2025,10.01000023,10.11999989,9.109999657,9.550000191,71415700,9.529999733,0.050367315,9.759999847,1.010000229,7134435.401,0.460000038,9.513000011,Tuesday,9.736081467
11-06-2025,10.51000023,10.55000019,10.11999989,10.15999985,52112100,10.01000023,0.049950049,9.903999901,0.430000305,4958334.811,0.350000381,9.579500008,Wednesday,9.876793969
12-06-2025,10.15999985,10.89000034,10.13000011,10.51000023,58726200,10.51000023,-0.033301653,10.00599995,0.760000229,5780137.882,-0.350000381,9.626999998,Thursday,9.928285947
13-06-2025,10.02999973,10.27999973,9.979999542,10.09000015,39383800,10.15999985,-0.012795287,10.04799995,0.300000191,3926600.304,-0.06000042,9.671499968,Friday,9.946779363
16-06-2025,10.76000023,10.80000019,10.03999996,10.14000034,46714400,10.02999973,0.072781706,10.29400005,0.760000229,4341486.896,0.619999886,9.751499987,Monday,10.0946377
17-06-2025,10.57999992,10.81999969,10.32999992,10.75,46816600,10.76000023,-0.016728653,10.40799999,0.489999771,4425009.484,-0.170000076,9.827999973,Tuesday,10.18288538
18-06-2025,10.56999969,10.75,10.42000008,10.57999992,45179700,10.57999992,-0.000945201,10.41999989,0.329999924,4274333.141,-0.010000229,9.894999981,Wednesday,10.2532698
20-06-2025,10.52000046,11.06000042,10.39000034,10.72999954,106521700,10.56999969,-0.004730297,10.49200001,0.670000076,10125636.44,-0.209999084,9.973500013,Friday,10.30176628
23-06-2025,10.68000031,10.71000004,10.27000046,10.44999981,41873500,10.52000046,0.01520911,10.62200012,0.43999958,3920739.588,0.230000496,10.05650001,Monday,10.37053611
24-06-2025,10.89999962,11.10000038,10.75,10.78999996,67034400,10.68000031,0.020599186,10.65,0.350000381,6149945.169,0.109999657,10.15149999,Tuesday,10.4668022
25-06-2025,10.86999989,11.05000019,10.82999992,10.89999962,42934900,10.89999962,-0.002752269,10.70799999,0.220000267,3949852.847,-0.029999733,10.21749997,Wednesday,10.54011087
26-06-2025,11.14999962,11.21000004,10.75,10.89000034,72764500,10.86999989,0.025758945,10.82399998,0.460000038,6525964.349,0.259999275,10.27399993,Thursday,10.65099973
27-06-2025,11.30000019,11.72000027,11.17000008,11.17000008,86182500,11.14999962,0.013452967,10.97999992,0.550000191,7626769.783,0.130000114,10.33699994,Friday,10.76899982
30-06-2025,11.46000004,11.63000011,11.28999996,11.40999985,43999000,11.30000019,0.014159278,11.13599987,0.340000153,3839354.263,0.050000191,10.41149993,Monday,10.89463622
01-07-2025,10.93999958,11.02000046,10.77999973,10.94999981,88003000,11.46000004,-0.045375258,11.14399986,0.240000725,8044150.217,-0.010000229,10.45849991,Tuesday,10.9028841
02-07-2025,11.11999989,11.15999985,10.96000004,11,48630000,10.93999958,0.016453411,11.19399986,0.199999809,4373201.484,0.119999886,10.51749992,Wednesday,10.9423597
03-07-2025,11.22000027,11.31000042,11.11999989,11.14000034,24154300,11.11999989,0.00899284,11.20799999,0.190000534,2152789.61,0.079999924,10.58899994,Thursday,10.9928398
07-07-2025,11.02000046,11.28999996,10.98999977,11.14000034,38309300,11.22000027,-0.017825295,11.15200005,0.300000191,3476342.868,-0.119999886,10.65749998,Monday,10.9977781
08-07-2025,11.40999985,11.42000008,11.03999996,11.07999992,73452800,11.02000046,0.035390143,11.14200001,0.380000114,6437581.155,0.329999924,10.73699999,Tuesday,11.07272751
09-07-2025,11.48999977,11.77999973,11.43000031,11.44999981,54777300,11.40999985,0.007011387,11.25200005,0.349999428,4767389.129,0.039999962,10.83499999,Wednesday,11.1485952
10-07-2025,11.64999962,11.73999977,11.44999981,11.48999977,42463700,11.48999977,0.013925139,11.35799999,0.289999962,3644952.909,0.159999847,10.91699996,Thursday,11.23975964
11-07-2025,11.72999954,11.76000023,11.46000004,11.56999969,70361100,11.64999962,0.006866946,11.45999985,0.300000191,5998388.981,0.159999847,10.97799993,Friday,11.32889416
14-07-2025,12.01000023,12.07999992,11.71000004,11.72999954,61484200,11.72999954,0.023870477,11.6579998,0.369999886,5119417.055,0.280000687,11.07049994,Monday,11.45273163
15-07-2025,12.02999973,12.30000019,12,12.01000023,94535800,12.01000023,0.001665238,11.78199978,0.300000191,7858337.664,0.019999504,11.17049994,Tuesday,11.55768947
16-07-2025,12.57999992,12.64999962,12.03999996,12.10000038,105446400,12.02999973,0.045719053,11.99999981,0.609999657,8382066.823,0.479999542,11.26149993,Wednesday,11.7435641
17-07-2025,12.84000015,13.03999996,12.52000046,12.59000015,125223100,12.57999992,0.020667745,12.23799992,0.519999504,9752577.766,0.25,11.37449994,Thursday,11.94291611
18-07-2025,12.75,12.98999977,12.56999969,12.97000027,117779100,12.84000015,-0.007009358,12.44200001,0.420000076,9237576.471,-0.220000267,11.48349996,Friday,12.08965863
21-07-2025,12.80000019,12.89000034,12.65999985,12.82999992,62754200,12.75,0.003921584,12.6,0.230000496,4902671.802,-0.029999733,11.59749994,Monday,12.21881164
22-07-2025,12.85000038,13.02000046,12.77000046,12.80000019,89947600,12.80000019,0.003906265,12.76400013,0.25,6999813.022,0.050000191,11.70599995,Tuesday,12.33357323
23-07-2025,13.31000042,13.39000034,12.85000038,12.89999962,102963000,12.85000038,0.035797667,12.91000023,0.539999962,7735762.341,0.410000801,11.82649999,Wednesday,12.51110545
24-07-2025,13.5,13.68000031,13.22999954,13.25,127485000,13.31000042,0.014274949,13.0420002,0.450000763,9443333.333,0.25,11.95799999,Thursday,12.69090446
25-07-2025,13.48999977,13.57999992,13.21000004,13.52000046,74365500,13.5,-0.000740758,13.19000015,0.369999886,5512639.085,-0.030000687,12.075,Friday,12.83619451
28-07-2025,13.69999981,13.86999989,13.48999977,13.53999996,97026500,13.48999977,0.01556709,13.37000008,0.380000114,7082226.376,0.159999847,12.19499998,Monday,12.99325002
29-07-2025,13.11999989,13.76000023,13.05000019,13.76000023,67560100,13.69999981,-0.042335761,13.42399998,0.710000038,5149397.911,-0.640000343,12.27799997,Tuesday,13.01629545
30-07-2025,13.26000023,13.47000027,13.06999969,13.10000038,52330000,13.11999989,0.010670758,13.41399994,0.400000572,3946455.437,0.159999847,12.39400001,Wednesday,13.06060541
31-07-2025,13.17000008,13.28999996,13.02000046,13.19999981,55442000,13.26000023,-0.006787342,13.34799995,0.269999504,4209719.034,-0.029999733,12.49650002,Thursday,13.08049535
01-08-2025,12.86999989,13.06000042,12.56999969,13.03999996,59364100,13.17000008,-0.022779058,13.22399998,0.490000725,4612595.224,-0.170000076,12.579,Friday,13.04222345
04-08-2025,12.80000019,13.01000023,12.61999989,12.89999962,65206800,12.86999989,-0.005438982,13.04400005,0.390000343,5094281.174,-0.099999428,12.66799998,Monday,12.99818286
05-08-2025,12.72000027,12.90999985,12.47000027,12.89000034,48416600,12.80000019,-0.006249994,12.96400013,0.43999958,3806336.398,-0.170000076,12.7335,Tuesday,12.9476042
06-08-2025,12.78999996,12.96000004,12.76000023,12.80000019,48742800,12.72000027,0.005503121,12.87000008,0.199999809,3811008.612,-0.010000229,12.79850001,Wednesday,12.91894889
07-08-2025,11.85999966,13.22999954,11.76000023,13.14999962,57823200,12.78999996,-0.072713081,12.60799999,1.469999313,4875480.748,-1.289999962,12.80900002,Thursday,12.72641266
08-08-2025,10.90999985,11.97999954,10.89999962,11.85999966,62188500,11.85999966,-0.080101167,12.21599998,1.079999924,5700137.568,-0.949999809,12.76800003,Friday,12.39615579
11-08-2025,10.77999973,10.98999977,10.76000023,10.93999958,39455900,10.90999985,-0.011915684,11.81199989,0.229999542,3660102.131,-0.159999847,12.70650001,Monday,12.10230923
12-08-2025,11.22000027,11.30000019,10.78999996,10.81000042,48491000,10.77999973,0.040816377,11.51199989,0.510000229,4321835.904,0.409999847,12.66600003,Tuesday,11.94188942
13-08-2025,12.05000019,12.22999954,11.27999973,11.31999969,60173800,11.22000027,0.073975036,11.36399994,0.949999809,4993676.27,0.730000496,12.63950005,Wednesday,11.96154592
14-08-2025,11.77999973,12.17000008,11.72999954,11.86999989,53621200,12.05000019,-0.022406677,11.34799995,0.440000534,4551884.653,-0.090000153,12.58650002,Thursday,11.92853753
15-08-2025,11.85000038,11.98999977,11.75,11.85000038,40664400,11.77999973,0.00594233,11.53600006,0.239999771,3431594.826,0,12.54150004,Friday,11.91425804
18-08-2025,11.81999969,11.86999989,11.63000011,11.81000042,34918000,11.85000038,-0.002531703,11.74400005,0.239999771,2954145.592,0.009999275,12.49250002,Monday,11.89712016
19-08-2025,11.56000042,11.81000042,11.48999977,11.77000046,30434100,11.81999969,-0.021996555,11.81200008,0.320000648,2632707.517,-0.210000038,12.42800002,Tuesday,11.83582566
20-08-2025,11.53999996,11.61999989,11.27999973,11.52999973,36145700,11.56000042,-0.001730143,11.71000004,0.340000153,3132209.716,0.010000229,12.3395,Wednesday,11.78203917
21-08-2025,11.59000015,11.60999966,11.35999966,11.42000008,38567000,11.53999996,0.004332772,11.67200012,0.25,3327609.965,0.170000076,12.24400001,Thursday,11.74712299
22-08-2025,12.05000019,12.07999992,11.60000038,11.67000008,49576200,11.59000015,0.03968939,11.71200008,0.479999542,4114207.404,0.380000114,12.17200003,Friday,11.80219157
25-08-2025,12.03999996,12.09000015,11.88000011,12,32012400,12.05000019,-0.000829894,11.75600014,0.210000038,2658837.218,0.039999962,12.08900003,Monday,11.84542946
26-08-2025,11.80000019,12.09000015,11.72999954,12.01000023,57919100,12.03999996,-0.019933536,11.80400009,0.36000061,4908398.226,-0.210000038,12.02300005,Tuesday,11.83716959
27-08-2025,12.14999962,12.17000008,11.81000042,11.84000015,45262800,11.80000019,0.029660968,11.92600002,0.359999657,3725333.45,0.309999466,11.96750002,Wednesday,11.89404778
28-08-2025,12.06000042,12.26000023,12.02000046,12.18999958,30641400,12.14999962,-0.007407342,12.02000008,0.239999771,2540746.18,-0.129999161,11.91200004,Thursday,11.92422099
29-08-2025,11.64000034,12.03999996,11.47000027,12,60192600,12.06000042,-0.034825876,11.93800011,0.569999695,5171185.414,-0.359999657,11.85050006,Friday,11.87254451
02-09-2025,11.61999989,11.64999962,11.25,11.30000019,51592000,11.64000034,-0.001718252,11.85400009,0.399999619,4439931.197,0.319999695,11.79150004,Tuesday,11.8266273
03-09-2025,11.92000008,12.02999973,11.44999981,11.56999969,74541900,11.61999989,0.025817573,11.87800007,0.579999924,6253515.061,0.350000381,11.75150003,Wednesday,11.84360417
04-09-2025,11.77000046,11.97999954,11.53999996,11.97999954,66231300,11.92000008,-0.012583861,11.80200024,0.43999958,5627128.073,-0.209999084,11.70050006,Thursday,11.83022168
05-09-2025,12.10999966,12.18000031,11.77000046,11.77000046,63866900,11.77000046,0.028886932,11.81200008,0.409999847,5273897.755,0.339999199,11.71300006,Friday,11.8810904
08-09-2025,12.35000038,12.38000011,11.92000008,12.14000034,60182600,12.10999966,0.019818392,11.95400009,0.460000038,4873084.87,0.210000038,11.78500009,Monday,11.96634676
09-09-2025,12.26000023,12.47999954,12.18000031,12.34000015,43324200,12.35000038,-0.007287462,12.08200016,0.299999237,3533784.6,-0.079999924,11.85900011,Tuesday,12.0197383
10-09-2025,12.53999996,12.56999969,12,12.25,59956200,12.26000023,0.022838477,12.20600014,0.569999695,4781196.187,0.289999962,11.9250001,Wednesday,12.11433133
11-09-2025,16.17000008,17.23999977,12.56999969,12.59000015,298443300,12.53999996,0.289473694,13.08600006,4.670000076,18456604.74,3.579999924,12.13100009,Thursday,12.85172565
12-09-2025,18.87000084,19.32999992,17.21999931,17.53000069,286212700,16.17000008,0.166975928,14.4380003,2.11000061,15167603.99,1.340000153,12.48550014,Friday,13.9459575
15-09-2025,19.45999908,19.60000038,18.40999985,18.77000046,106766000,18.87000084,0.031266466,15.86000004,1.190000534,5486433.968,0.689998627,12.86600008,Monday,14.94851052
16-09-2025,18.25,18.93000031,17.61000061,18.77000046,85406900,19.45999908,-0.062178784,17.05799999,1.319999695,4679830.137,-0.520000458,13.1875001,Tuesday,15.54878133
17-09-2025,17.98999977,18.36000061,17.56999969,18.07999992,50370700,18.25,-0.014246588,18.14799995,0.790000916,2799927.773,-0.090000153,13.50900006,Wednesday,15.99263923
18-09-2025,18.70000076,18.77000046,17.57999992,17.86000061,51455100,17.98999977,0.039466426,18.65400009,1.190000534,2751609.513,0.840000153,13.8670001,Thursday,16.48488678
19-09-2025,19.32999992,19.48999977,17.97999954,18.70000076,168257000,18.70000076,0.033689793,18.74599991,1.510000229,8704449.077,0.629999161,14.25400009,Friday,17.00218008
22-09-2025,19.61000061,19.70000076,18.82999992,19.27000046,55393600,19.32999992,0.014485292,18.77600021,0.870000839,2824762.788,0.340000153,14.63200011,Monday,17.47632927
23-09-2025,19.55999947,20.12000084,19.43000031,19.63999939,48635900,19.61000061,-0.002549778,19.03800011,0.690000534,2486498.023,-0.079999924,15.00800009,Tuesday,17.85517839
24-09-2025,19.81999969,19.85000038,19.18000031,19.52000046,43356700,19.55999947,0.013292446,19.40400009,0.670000076,2187522.738,0.299999237,15.40900006,Wednesday,18.21241863
25-09-2025,19.78000069,20.23999977,19.5,19.62000084,41453600,19.81999969,-0.002018113,19.62000008,0.739999771,2095732.991,0.159999847,15.79050012,Thursday,18.49743355
26-09-2025,19.51000023,19.95000076,19.34000015,19.34000015,42079400,19.78000069,-0.013650174,19.65600014,0.61000061,2156811.866,0.170000076,16.16300011,Friday,18.68153658
29-09-2025,18.86000061,19.73999977,18.82999992,19.48999977,41545400,19.51000023,-0.033316228,19.50600014,0.909999847,2202831.318,-0.629999161,16.52400012,Monday,18.71398459
30-09-2025,19.53000069,19.62000084,18.77000046,18.94000053,56747900,18.86000061,0.035524923,19.50000038,0.850000381,2905678.341,0.590000153,16.91950016,Tuesday,18.86235115
01-10-2025,19.35000038,19.71999931,19.20000076,19.53000069,24467300,19.53000069,-0.009216605,19.40600052,0.51999855,1264459.923,-0.180000305,17.29100018,Wednesday,18.95101465
02-10-2025,19.23999977,19.35000038,19.04000092,19.32999992,21959300,19.35000038,-0.005684786,19.29800034,0.309999466,1141335.772,-0.090000153,17.66450014,Thursday,19.0035574
03-10-2025,18.98999977,19.61000061,18.82999992,19.37999916,22570400,19.23999977,-0.012993763,19.19400024,0.780000687,1188541.352,-0.38999939,18.00850015,Friday,19.00109237
06-10-2025,19.07999992,19.18000031,18.87999916,19.03000069,17522600,18.98999977,0.004739345,19.23800011,0.300001144,918375.2657,0.049999237,18.34500012,Monday,19.0154392
07-10-2025,18.60000038,19.09000015,18.47999954,19.02000046,18875000,19.07999992,-0.025157209,19.05200005,0.61000061,1014784.925,-0.420000076,18.66200013,Tuesday,18.93990487
08-10-2025,17.88999939,19.46999931,17.68000031,18.72999954,45894700,18.60000038,-0.038172096,18.75999985,1.789999008,2565382.983,-0.840000153,18.9295001,Wednesday,18.74901296
09-10-2025,17.67000008,18.25,17.25,17.84000015,35429700,17.88999939,-0.012297335,18.44599991,1,2005076.392,-0.170000076,19.0045001,Thursday,18.5528288
10-10-2025,17.10000038,18.51000023,17.07999992,17.71999931,44142700,17.67000008,-0.032258047,18.06800003,1.430000305,2581444.387,-0.619998932,18.91600008,Friday,18.28867818
13-10-2025,17.78000069,18.10000038,17.65999985,18,25900600,17.10000038,0.039766099,17.80800018,0.440000534,1456726.603,-0.219999313,18.83200016,Monday,18.19619136
14-10-2025,17.97999954,18.17000008,17.32999992,17.32999992,19789200,17.78000069,0.011248529,17.68400002,0.840000153,1100622.942,0.649999619,18.81850014,Tuesday,18.15688376
15-10-2025,18.45000076,18.76000023,18.20999908,18.43000031,20987800,17.97999954,0.026140224,17.79600029,0.550001144,1137550.088,0.020000458,18.84150019,Wednesday,18.21017776
16-10-2025,18.29000092,18.64999962,18.05999947,18.62999916,15391000,18.45000076,-0.008672078,17.92000046,0.590000153,841498.0443,-0.339998245,18.82100019,Thursday,18.22469106
17-10-2025,18.19000053,18.60000038,18.17000008,18.20999908,21258800,18.29000092,-0.005467489,18.13800049,0.430000305,1168708.047,-0.01999855,18.76400023,Friday,18.21838369
20-10-2025,18.31999969,18.5,18,18.45999908,23995300,18.19000053,0.007146738,18.24600029,0.5,1309787.14,-0.13999939,18.69950018,Monday,18.23685933
21-10-2025,20.32999992,20.57999992,19.54999924,19.68000031,71364500,18.31999969,0.109716172,18.71600037,1.030000687,3510304.981,0.649999619,18.7380002,Tuesday,18.61743035
22-10-2025,20.53000069,21.21999931,20.20000076,20.68000031,52225300,20.32999992,0.009837716,19.13200035,1.01999855,2543852.813,-0.149999619,18.77350025,Wednesday,18.96517041
23-10-2025,21.25,21.55999947,20.82999992,21,31796900,20.53000069,0.035070594,19.72400017,0.729999542,1496324.706,0.25,18.84700022,Thursday,19.38059397
24-10-2025,21.14999962,21.56999969,21.01000023,21.37000084,24584200,21.25,-0.0047059,20.31599998,0.559999466,1162373.543,-0.220001221,18.92900019,Friday,19.70230409
27-10-2025,21.04000092,21.44000053,20.86000061,21.04999924,24011700,21.14999962,-0.005200884,20.86000023,0.579999924,1141240.445,-0.009998322,19.0380002,Monday,19.94552169
28-10-2025,20.98999977,21.37000084,20.81999969,21.37000084,25825200,21.04000092,-0.00237648,20.9920002,0.550001144,1230357.326,-0.380001068,19.11100016,Tuesday,20.1354268
29-10-2025,21.34000015,21.73999977,20.81999969,20.92000008,32713000,20.98999977,0.016674625,21.15400009,0.920000076,1532942.819,0.420000076,19.21050014,Wednesday,20.35444014
30-10-2025,21.62000084,21.84000015,21.36000061,21.46999931,35748900,21.34000015,0.013120932,21.22800026,0.479999542,1653510.574,0.150001526,19.3295002,Thursday,20.58454208
31-10-2025,22.45000076,22.55999947,21.96999931,22.13999939,43732900,21.62000084,0.038390374,21.48800049,0.590000153,1948013.297,0.310001373,19.50250025,Friday,20.92371639
03-11-2025,22.29000092,22.54999924,21.96999931,22.5,42063100,22.45000076,-0.007126942,21.73800049,0.579999924,1887083.817,-0.209999084,19.6630003,Monday,21.17213176
04-11-2025,22.60000038,22.62000084,22.01000023,22.13999939,42236800,22.29000092,0.013907557,22.06000061,0.61000061,1868884.924,0.460000992,19.8630003,Tuesday,21.43174423
05-11-2025,22.76000023,23.05999947,22.35000038,22.54999924,45354400,22.60000038,0.007079639,22.34400063,0.709999084,1992724.057,0.210000992,20.10650034,Wednesday,21.67324532
06-11-2025,22.42000008,23.02000046,22.30999947,22.56999969,48559200,22.76000023,-0.014938495,22.50400047,0.710000992,2165887.593,-0.149999619,20.34400034,Thursday,21.80901891
07-11-2025,22.67000008,22.97999954,22.26000023,22.43000031,30905500,22.42000008,0.011150758,22.54800034,0.719999313,1363277.455,0.239999771,20.62250032,Friday,21.96556094
10-11-2025,22.97999954,23.02000046,22.44000053,22.70999908,30461700,22.67000008,0.013674436,22.68600006,0.579999924,1325574.439,0.270000458,20.88250027,Monday,22.15000433
11-11-2025,23.04999924,23.19000053,22.76000023,22.95000076,18926700,22.97999954,0.003046114,22.77599983,0.430000305,821114.9946,0.099998474,21.13600025,Tuesday,22.31363976
12-11-2025,22.19000053,23.04999924,22.11000061,23,25310100,23.04999924,-0.03731014,22.66199989,0.939998627,1140608.355,-0.809999466,21.32300024,Wednesday,22.2911599
13-11-2025,22.13999939,22.5,21.87000084,22.12999916,31904200,22.19000053,-0.002253319,22.60599976,0.629999161,1441020.817,0.010000229,21.51550016,Thursday,22.26367617
14-11-2025,23.03000069,23.19000053,22.53000069,22.75,54192800,22.13999939,0.040198795,22.67799988,0.659999847,2353139.313,0.280000687,21.75750017,Friday,22.4030079
17-11-2025,22.73999977,23.14999962,22.34000015,23.03000069,36814300,23.03000069,-0.01259231,22.62999992,0.809999466,1618922.62,-0.290000916,21.97850018,Monday,22.46427915
18-11-2025,23.69000053,24.19000053,22.57999992,22.73999977,60510100,22.73999977,0.041776639,22.75800018,1.61000061,2554246.46,0.950000763,22.14650021,Tuesday,22.68713759
19-11-2025,23.09000015,24.01000023,22.79000092,23.64999962,47882200,23.69000053,-0.025327158,22.93800011,1.219999313,2073720.212,-0.559999466,22.27450018,Wednesday,22.76038532
20-11-2025,22.87999916,24.01000023,22.73999977,23.37999916,46807500,23.09000015,-0.009094889,23.08600006,1.270000458,2045782.418,-0.5,22.35600014,Thursday,22.7821333
21-11-2025,23.17000008,23.57999992,22.87999916,23,38256200,22.87999916,0.012674866,23.11399994,0.700000763,1651109.187,0.170000076,22.45700016,Friday,22.85265453
24-11-2025,22.86000061,23.31999969,22.62000084,22.95000076,50601200,23.17000008,-0.013379347,23.13800011,0.699998856,2213525.75,-0.090000153,22.54800014,Monday,22.85399018
25-11-2025,22.95999908,23.57999992,22.59000015,22.85000038,31113400,22.86000061,0.004374386,22.99199982,0.989999771,1355113.294,0.109998703,22.64650011,Tuesday,22.87326453
26-11-2025,23.87999916,23.90999985,23.17000008,23.17000008,40581600,22.95999908,0.040069691,23.14999962,0.739999771,1699397.045,0.709999084,22.77350006,Wednesday,23.05630719
28-11-2025,24,24.20000076,23.64999962,23.79999924,19985500,23.87999916,0.005025161,23.37399979,0.550001144,832729.1667,0.200000763,22.89250002,Friday,23.2278877
01-12-2025,23.87000084,24.12000084,23.63999939,23.81999969,36016900,24,-0.005416632,23.51399994,0.48000145,1508877.199,0.050001144,22.96350002,Monday,23.34463554
02-12-2025,24.53000069,24.76000023,24.03000069,24.25,46583800,23.87000084,0.027649762,23.84799995,0.729999542,1899054.166,0.280000687,23.07550001,Tuesday,23.56015648
03-12-2025,24.56999969,24.73999977,24.10000038,24.23999977,22786500,24.53000069,0.001630616,24.17000008,0.63999939,927411.4889,0.329999924,23.17399998,Wednesday,23.74376434
04-12-2025,24.54000092,24.56999969,24.04999924,24.17000008,38315600,24.56999969,-0.001220952,24.30200043,0.520000458,1561352.835,0.370000839,23.26300001,Thursday,23.88853462
05-12-2025,26.07999992,26.10000038,24.97999954,25.45000076,198872300,24.54000092,0.062754643,24.71800041,1.120000839,7625471.648,0.629999161,23.446,Friday,24.28698286
08-12-2025,27.22999954,28.17000008,26.84000015,27.63999939,167058200,26.07999992,0.044095078,25.39000015,1.329999924,6135079.06,-0.409999847,23.67399998,Monday,24.8220768
09-12-2025,28.26000023,28.34000015,27.37000084,27.45999908,106789400,27.22999954,0.037825953,26.13600006,0.969999313,3778818.087,0.800001144,23.93800001,Tuesday,25.44715379
10-12-2025,29.53000069,29.80999947,28.86000061,28.97999954,103651300,28.26000023,0.04493986,27.12800026,0.949998856,3510033.782,0.550001144,24.26200008,Wednesday,26.18948959
11-12-2025,29.48999977,29.71999931,29.35000038,29.44000053,43468400,29.53000069,-0.001354586,28.11800003,0.369998932,1474004.759,0.049999237,24.62700005,Thursday,26.78958235
12-12-2025,29.97999954,30,29.75,29.87999916,45678400,29.48999977,0.016615794,28.89799995,0.25,1523629.109,0.100000381,25.01900005,Friday,27.3696582
15-12-2025,29.70999908,29.92000008,29.5,29.84000015,53940500,29.97999954,-0.009006019,29.39399986,0.420000076,1815567.205,-0.130001068,25.35299997,Monday,27.79517473
16-12-2025,28.89999962,29.51000023,28.70999908,29.45999908,85426000,29.70999908,-0.02726353,29.52199974,0.800001144,2955916.994,-0.559999466,25.66099997,Tuesday,27.99605198
